# substancja	pozwolenie	id_rejestru	id_rpl	naglowek	sha256	plik	adres
walproinian	00238	100015694	1569	Convulex | 500 mg | Kapsułki miękkie	20397fcc5d7b4653802d4f15a1e3c33c2532363e5a4ba56bd5f38daedb3945d5	ChPL_00238_RPL1569.pdf	https://rejestrymedyczne.ezdrowie.gov.pl/api/rpl/medicinal-products/1569/characteristic
walproinian	00239	100204490	20449	Convulex | 50 mg/ml | Syrop	14ed107a116b1257cd1d9620a7893633e8cba5f69822921c3c272925e46e5683	ChPL_00239_RPL20449.pdf	https://rejestrymedyczne.ezdrowie.gov.pl/api/rpl/medicinal-products/20449/characteristic
klorazepat	00319	100067567	6756	Tranxene | 5 mg | Kapsułki	c885b54a9605611622131646b85aabfc8b12f688fdd0fb2154403bb18ff6e57e	ChPL_00319_RPL6756.pdf	https://rejestrymedyczne.ezdrowie.gov.pl/api/rpl/medicinal-products/6756/characteristic
klorazepat	00320	100067544	6754	Tranxene | 10 mg | Kapsułki	9f7bbe37b61ec1e63da5fceb846a07af0e4a323162bea21a7d962f54dc9d8838	ChPL_00320_RPL6754.pdf	https://rejestrymedyczne.ezdrowie.gov.pl/api/rpl/medicinal-products/6754/characteristic
alprazolam	00364	100072002	7200	Xanax | 250 mcg | Tabletki	c198eb7caf58abb7ff78ebe461436d7d7917f304876b8be482dc7ce52e1ec699	ChPL_00364_RPL7200.pdf	https://rejestrymedyczne.ezdrowie.gov.pl/api/rpl/medicinal-products/7200/characteristic
alprazolam	00365	100072019	7201	Xanax | 500 mcg | Tabletki	64eb336e3690ef443a96fc42d34d60d8054742149b5bfd400a8bc68d24aee3b1	ChPL_00365_RPL7201.pdf	https://rejestrymedyczne.ezdrowie.gov.pl/api/rpl/medicinal-products/7201/characteristic
alprazolam	00366	100193415	19341	Xanax | 1 mg | Tabletki	3c5c21b32ddef7e6c1bb4970eea5aec2c4ea7ed41b9d8428eb0d3c078257a9ad	ChPL_00366_RPL19341.pdf	https://rejestrymedyczne.ezdrowie.gov.pl/api/rpl/medicinal-products/19341/characteristic
alprazolam	00367	100071994	7199	Xanax | 2 mg | Tabletki	13b726f720610319ca5dad0057f9d652ca035e014ab5b8b028c5bc596e4a1a18	ChPL_00367_RPL7199.pdf	https://rejestrymedyczne.ezdrowie.gov.pl/api/rpl/medicinal-products/7199/characteristic
zolpidem	00375	100063983	6398	Stilnox | 10 mg | Tabletki powlekane	3151864c5c22f22b31fd444ade6b2b589772fab40174b149cfa099c67a6bc828	ChPL_00375_RPL6398.pdf	https://rejestrymedyczne.ezdrowie.gov.pl/api/rpl/medicinal-products/6398/characteristic
karbamazepina	00439	100005112	511	Amizepin | 200 mg | Tabletki	960746f48d8dff21c562d0cdafd379dd93ad8b6b7fa8efdbd3691ab133d879cd	ChPL_00439_RPL511.pdf	https://rejestrymedyczne.ezdrowie.gov.pl/api/rpl/medicinal-products/511/characteristic
doksepina	00549	100020519	2051	Doxepin Teva | 10 mg | Kapsułki twarde	a88b6517a9ee5a3c78822aca0b47c305ca70f597a9c9e9b11041aeec6dc081eb	ChPL_00549_RPL2051.pdf	https://rejestrymedyczne.ezdrowie.gov.pl/api/rpl/medicinal-products/2051/characteristic
doksepina	00550	100020525	2052	Doxepin Teva | 25 mg | Kapsułki twarde	a88b6517a9ee5a3c78822aca0b47c305ca70f597a9c9e9b11041aeec6dc081eb	ChPL_00550_RPL2052.pdf	https://rejestrymedyczne.ezdrowie.gov.pl/api/rpl/medicinal-products/2052/characteristic
haloperidol	00773	100017279	1727	Decaldol | 50 mg/ml | Roztwór do wstrzykiwań	6a4b566f2503c92bcbf31d8bb7f3c7f5fc674a8ec3fc36eab45ad5c94fb682c1	ChPL_00773_RPL1727.pdf	https://rejestrymedyczne.ezdrowie.gov.pl/api/rpl/medicinal-products/1727/characteristic
midazolam	00942	100020471	2047	Dormicum | 7,5 mg | Tabletki powlekane	610380a1904e621b3f48226ab20698e0ad98bb561876824fac945cc530fc796f	ChPL_00942_RPL2047.pdf	https://rejestrymedyczne.ezdrowie.gov.pl/api/rpl/medicinal-products/2047/characteristic
midazolam	00943	100020459	2045	Dormicum | 15 mg | Tabletki powlekane	3588496c33cca9190b2e724fc1e762b0016bb71efe0bd7de935af91f7ce61f60	ChPL_00943_RPL2045.pdf	https://rejestrymedyczne.ezdrowie.gov.pl/api/rpl/medicinal-products/2045/characteristic
bromazepam	00946	100037490	3749	Lexotan | 6 mg | Tabletki	6b6dc1ed698d23531476c4c26a29ae6770e7ec2fc50744f352a8fa403cd1aa5a	ChPL_00946_RPL3749.pdf	https://rejestrymedyczne.ezdrowie.gov.pl/api/rpl/medicinal-products/3749/characteristic
moklobemid	00948	100008323	832	Aurorix | 150 mg | Tabletki powlekane	b71c9e7d7eb53a62fe45fc212f3e90883b0f8bf32be1f5a1b443be18a6c7ca2b	ChPL_00948_RPL832.pdf	https://rejestrymedyczne.ezdrowie.gov.pl/api/rpl/medicinal-products/832/characteristic
disulfiram	01038	100019717	1971	Disulfiram WZF | 100 mg | Tabletki do implantacji	0897ad04d60acef49046041b3b8b1b2863a02fd39fcd2ff7d2935a40453c870e	ChPL_01038_RPL1971.pdf	https://rejestrymedyczne.ezdrowie.gov.pl/api/rpl/medicinal-products/1971/characteristic
haloperidol	01040	100028225	2822	Haloperidol WZF | 1 mg | Tabletki	cb3239ba74365eb3816ae9e25fc7f0de61a2aa61b26784c366958ed37b8aa725	ChPL_01040_RPL2822.pdf	https://rejestrymedyczne.ezdrowie.gov.pl/api/rpl/medicinal-products/2822/characteristic
promazyna	01060	100055630	5563	Promazin Jelfa | 100 mg | Tabletki drażowane	fd508d3d6a2aa31b16648dfc5ce170947bc775fb90bd1d45b112480d0e2a3371	ChPL_01060_RPL5563.pdf	https://rejestrymedyczne.ezdrowie.gov.pl/api/rpl/medicinal-products/5563/characteristic
prometazyna	01078	100019315	1931	Diphergan | 25 mg | Tabletki drażowane	0e84aa91b318c8fd85ce0a18bdbbdbbfd3275f907abdccbdb4e55cdfe39a57e6	ChPL_01078_RPL1931.pdf	https://rejestrymedyczne.ezdrowie.gov.pl/api/rpl/medicinal-products/1931/characteristic
promazyna	01080	100055618	5561	Promazin Jelfa | 25 mg | Tabletki drażowane	fd508d3d6a2aa31b16648dfc5ce170947bc775fb90bd1d45b112480d0e2a3371	ChPL_01080_RPL5561.pdf	https://rejestrymedyczne.ezdrowie.gov.pl/api/rpl/medicinal-products/5561/characteristic
promazyna	01081	100055624	5562	Promazin Jelfa | 50 mg | Tabletki drażowane	fd508d3d6a2aa31b16648dfc5ce170947bc775fb90bd1d45b112480d0e2a3371	ChPL_01081_RPL5562.pdf	https://rejestrymedyczne.ezdrowie.gov.pl/api/rpl/medicinal-products/5562/characteristic
hydroksyzyna	01146	100030021	3002	Hydroxyzinum Teva | 50 mg/ml | Roztwór do wstrzykiwań	26e6cddd928940bf2f58d8c480742855942c3446097cb00ff2c2bca8e7b7b813	ChPL_01146_RPL3002.pdf	https://rejestrymedyczne.ezdrowie.gov.pl/api/rpl/medicinal-products/3002/characteristic
karbamazepina	01201	100065953	6595	Tegretol CR 400 | 400 mg | Tabletki o zmodyfikowanym uwalnianiu	e83d405db172095bc956e797c76e93541b1b10e6d448934377685d1b55d081cf	ChPL_01201_RPL6595.pdf	https://rejestrymedyczne.ezdrowie.gov.pl/api/rpl/medicinal-products/6595/characteristic
karbamazepina	01202	100195153	19515	Tegretol CR 200 | 200 mg | Tabletki o zmodyfikowanym uwalnianiu	0b20ac930c9522b1dc518bb7c94b1d1db2f6cce64fa10a103879948af80ffb1a	ChPL_01202_RPL19515.pdf	https://rejestrymedyczne.ezdrowie.gov.pl/api/rpl/medicinal-products/19515/characteristic
zuklopentiksol	01267	100248091	24809	Clopixol | 10 mg | Tabletki powlekane	9563cde193bf898dcd13ad57f0be575375961021a602e1f317616122157f2b7e	ChPL_01267_RPL24809.pdf	https://rejestrymedyczne.ezdrowie.gov.pl/api/rpl/medicinal-products/24809/characteristic
zuklopentiksol	01268	100015033	1503	Clopixol | 25 mg | Tabletki powlekane	235fda1cfba68c6338af0969e22a96cfa5cacc1260d094ea1d83946fef66a5ad	ChPL_01268_RPL1503.pdf	https://rejestrymedyczne.ezdrowie.gov.pl/api/rpl/medicinal-products/1503/characteristic
zuklopentiksol	01269	100015040	1504	Clopixol-Acuphase | 50 mg | Roztwór do wstrzykiwań	81288419fa413cf85a0a6f2ecc040be6ad81db038c62663834427f8a865592a4	ChPL_01269_RPL1504.pdf	https://rejestrymedyczne.ezdrowie.gov.pl/api/rpl/medicinal-products/1504/characteristic
flupentiksol	01272	100024658	2465	Fluanxol Depot | 20 mg/ml | Roztwór do wstrzykiwań	4502e07edffd14e407352a3b0265487365bac67f487c45e5ecd7a9f895928799	ChPL_01272_RPL2465.pdf	https://rejestrymedyczne.ezdrowie.gov.pl/api/rpl/medicinal-products/2465/characteristic
klonazepam	01355	100014973	1497	Clonazepamum TZF | 2 mg | Tabletki	e2db2562407efb5058adcb18d90cda241aec6d7272ebeb7e8a19e1639332db08	ChPL_01355_RPL1497.pdf	https://rejestrymedyczne.ezdrowie.gov.pl/api/rpl/medicinal-products/1497/characteristic
klonazepam	01356	100014980	1498	Clonazepamum TZF | 0,5 mg | Tabletki	1f2b6087d9901df810a2197e2c207f6c2e3071fe809f6baf14f45ddb02d9a1e8	ChPL_01356_RPL1498.pdf	https://rejestrymedyczne.ezdrowie.gov.pl/api/rpl/medicinal-products/1498/characteristic
estazolam	01357	100022754	2275	Estazolam TZF | 2 mg | Tabletki	fce98ffc22550582cf00ab0f3eb418bd5a895ebfadb4d749cc6f17082d9ae022	ChPL_01357_RPL2275.pdf	https://rejestrymedyczne.ezdrowie.gov.pl/api/rpl/medicinal-products/2275/characteristic
lorazepam	01358	100039714	3971	Lorafen | 1 mg | Tabletki drażowane	d192cab884c75787496721d045d8cad673bdf86ad6f1e73f1d7dc2db647137f3	ChPL_01358_RPL3971.pdf	https://rejestrymedyczne.ezdrowie.gov.pl/api/rpl/medicinal-products/3971/characteristic
lorazepam	01359	100039720	3972	Lorafen | 2,5 mg | Tabletki drażowane	d192cab884c75787496721d045d8cad673bdf86ad6f1e73f1d7dc2db647137f3	ChPL_01359_RPL3972.pdf	https://rejestrymedyczne.ezdrowie.gov.pl/api/rpl/medicinal-products/3972/characteristic
temazepam	01362	100060973	6097	Signopam | 10 mg | Tabletki	07188b0df1f7fe34ec1e362e82eb571685268a51b3e60da1de8eff6acea17886	ChPL_01362_RPL6097.pdf	https://rejestrymedyczne.ezdrowie.gov.pl/api/rpl/medicinal-products/6097/characteristic
chlordiazepoksyd	01364	100021565	2156	Elenium | 5 mg | Tabletki drażowane	fa6d967e6377775b5d666d15e2c6a4c6ecb754e702aa7f3d9b1a181dc7720340	ChPL_01364_RPL2156.pdf	https://rejestrymedyczne.ezdrowie.gov.pl/api/rpl/medicinal-products/2156/characteristic
chlordiazepoksyd	01365	100021571	2157	Elenium | 10 mg | Tabletki drażowane	5a787d3ab99e4df78f02db9c45c9461237875975ea6129b692d6ea959a6a5abd	ChPL_01365_RPL2157.pdf	https://rejestrymedyczne.ezdrowie.gov.pl/api/rpl/medicinal-products/2157/characteristic
chlordiazepoksyd	01366	100021588	2158	Elenium | 25 mg | Tabletki drażowane	04c2688aa72f8a1e55ebdf916b95a42487ebf0e469862c34fe5792beb8518906	ChPL_01366_RPL2158.pdf	https://rejestrymedyczne.ezdrowie.gov.pl/api/rpl/medicinal-products/2158/characteristic
prometazyna	01389	100204538	20453	Polfergan | 5 mg/5 ml | Syrop	6cb7ed64dcd5cf5e19eb80b759ca0debfb25184a142abc7d79846e9aa7467007	ChPL_01389_RPL20453.pdf	https://rejestrymedyczne.ezdrowie.gov.pl/api/rpl/medicinal-products/20453/characteristic
klozapina	01394	100033551	3355	Klozapol | 25 mg | Tabletki	0e4d3d95ef652923e59eebe624f0dae81903c3caf3ce42ade44341de94e56f65	ChPL_01394_RPL3355.pdf	https://rejestrymedyczne.ezdrowie.gov.pl/api/rpl/medicinal-products/3355/characteristic
klozapina	01395	100033574	3357	Klozapol | 100 mg | Tabletki	3b7251ffb96842cb856a5bf47481bcf6f69e5ec10455d8cbb65dc3bd8e67c0a1	ChPL_01395_RPL3357.pdf	https://rejestrymedyczne.ezdrowie.gov.pl/api/rpl/medicinal-products/3357/characteristic
lit	01487	100039430	3943	Lithium Carbonicum GSK | 250 mg | Tabletki	04501f75274f54424cd8bade5f59c0b2641dfe41bd3cf914bf2e6babf73a3f26	ChPL_01487_RPL3943.pdf	https://rejestrymedyczne.ezdrowie.gov.pl/api/rpl/medicinal-products/3943/characteristic
nitrazepam	01489	100047530	4753	Nitrazepam GSK | 5 mg | Tabletki	d4e706a0461afaa10201283a42db031ccbcd2a790fb62d3aa609cdda3ff76b7b	ChPL_01489_RPL4753.pdf	https://rejestrymedyczne.ezdrowie.gov.pl/api/rpl/medicinal-products/4753/characteristic
oksazepam	01490	100050704	5070	Oxazepam GSK | 10 mg | Tabletki	42dd079c023a409c3ddcd1e1f38bee294e666c0cd358bea9756f82cfc66faf4f	ChPL_01490_RPL5070.pdf	https://rejestrymedyczne.ezdrowie.gov.pl/api/rpl/medicinal-products/5070/characteristic
diazepam	01495	100057770	5777	Relanium | 2 mg | Tabletki	7150c8c8fe7ea08399408f9b437011ea696ac54fed3aa4056cbfe83fc3a6d100	ChPL_01495_RPL5777.pdf	https://rejestrymedyczne.ezdrowie.gov.pl/api/rpl/medicinal-products/5777/characteristic
diazepam	01496	100057787	5778	Relanium | 5 mg | Tabletki	76f0792868a53edfe3cd4961d6c20edf1bc13c88626108d70bc2e867a52beae5	ChPL_01496_RPL5778.pdf	https://rejestrymedyczne.ezdrowie.gov.pl/api/rpl/medicinal-products/5778/characteristic
mianseryna	01577	100037201	3720	Lerivon | 10 mg | Tabletki powlekane	8e25847182d0819bb2d4ad06ea0de68fbcc9e380359ba2ca7e92e13e7dafa7ce	ChPL_01577_RPL3720.pdf	https://rejestrymedyczne.ezdrowie.gov.pl/api/rpl/medicinal-products/3720/characteristic
mianseryna	01578	100037218	3721	Lerivon | 30 mg | Tabletki powlekane	23e90398c9a65eebf77d12a2c7c1dd70b610f7fbf12048b2afbf6fbd8e446ae5	ChPL_01578_RPL3721.pdf	https://rejestrymedyczne.ezdrowie.gov.pl/api/rpl/medicinal-products/3721/characteristic
sulpiryd	01593	100011325	1132	Sulpiryd Teva | 100 mg | Kapsułki twarde	6affdfcaac0f887b26b8477dab8f67095f71737b31f52d9e60ed080075af7f8a	ChPL_01593_RPL1132.pdf	https://rejestrymedyczne.ezdrowie.gov.pl/api/rpl/medicinal-products/1132/characteristic
sulpiryd	01594	100064416	6441	Sulpiryd Teva | 200 mg | Tabletki	935daf84c0a456b0ce0d2c97493161b8a6d027c8a0021402e833a0467c93925e	ChPL_01594_RPL6441.pdf	https://rejestrymedyczne.ezdrowie.gov.pl/api/rpl/medicinal-products/6441/characteristic
sulpiryd	01595	100006459	645	Sulpiryd Teva | 50 mg | Kapsułki twarde	6affdfcaac0f887b26b8477dab8f67095f71737b31f52d9e60ed080075af7f8a	ChPL_01595_RPL645.pdf	https://rejestrymedyczne.ezdrowie.gov.pl/api/rpl/medicinal-products/645/characteristic
zopiklon	01722	100000882	88	Imovane | 7,5 mg | Tabletki powlekane	23dc4b47a482418dbf3c599a52aa2c19cd4a6c723ec0e5b07a47dbcb5d9585c0	ChPL_01722_RPL88.pdf	https://rejestrymedyczne.ezdrowie.gov.pl/api/rpl/medicinal-products/88/characteristic
bromazepam	01836	100246873	24687	Lexotan | 3 mg | Tabletki	b79feb4438e37a2e306ffcbd69c27f1dd73918540df4ac0faf841217bf807680	ChPL_01836_RPL24687.pdf	https://rejestrymedyczne.ezdrowie.gov.pl/api/rpl/medicinal-products/24687/characteristic
hydroksyzyna	01887	100030009	3000	Hydroxyzinum VP | 10 mg | Tabletki powlekane	464346222343648b075d5b8ea4e8e58032c381ffd499771d80b3741412473f37	ChPL_01887_RPL3000.pdf	https://rejestrymedyczne.ezdrowie.gov.pl/api/rpl/medicinal-products/3000/characteristic
hydroksyzyna	01888	100030015	3001	Hydroxyzinum VP | 25 mg | Tabletki powlekane	464346222343648b075d5b8ea4e8e58032c381ffd499771d80b3741412473f37	ChPL_01888_RPL3001.pdf	https://rejestrymedyczne.ezdrowie.gov.pl/api/rpl/medicinal-products/3001/characteristic
zuklopentiksol	01892	100015056	1505	Clopixol-Depot | 200 mg | Roztwór do wstrzykiwań	c72157fc7b3b777fee544dc12c0e453d30b0a4969fb39ead47a36da139d3bd41	ChPL_01892_RPL1505.pdf	https://rejestrymedyczne.ezdrowie.gov.pl/api/rpl/medicinal-products/1505/characteristic
lewomepromazyna	01939	100067018	6701	Tisercin | 25 mg | Tabletki powlekane	d7e5b7df72147903175f445ebc8d5fb363de6b83e0dcf744f7f976cc2111524f	ChPL_01939_RPL6701.pdf	https://rejestrymedyczne.ezdrowie.gov.pl/api/rpl/medicinal-products/6701/characteristic
perazyna	01995	100052554	5255	Pernazinum | 100 mg | Tabletki	b8fd95267def86e731cb74ce7fac31ef468bee7abe4abe9607ffd2a1fcc560a1	ChPL_01995_RPL5255.pdf	https://rejestrymedyczne.ezdrowie.gov.pl/api/rpl/medicinal-products/5255/characteristic
perazyna	02026	100052548	5254	Pernazinum | 25 mg | Tabletki	b8fd95267def86e731cb74ce7fac31ef468bee7abe4abe9607ffd2a1fcc560a1	ChPL_02026_RPL5254.pdf	https://rejestrymedyczne.ezdrowie.gov.pl/api/rpl/medicinal-products/5254/characteristic
chlorprotiksen	02030	100066438	6643	Chlorprothixen Zentiva | 15 mg | Tabletki powlekane	887b1567baab6e717cf0fbc08df06ab4299e078e4ac32dddcde225ea21286290	ChPL_02030_RPL6643.pdf	https://rejestrymedyczne.ezdrowie.gov.pl/api/rpl/medicinal-products/6643/characteristic
chlorprotiksen	02031	100014016	1401	Chlorprothixen Zentiva | 50 mg | Tabletki powlekane	887b1567baab6e717cf0fbc08df06ab4299e078e4ac32dddcde225ea21286290	ChPL_02031_RPL1401.pdf	https://rejestrymedyczne.ezdrowie.gov.pl/api/rpl/medicinal-products/1401/characteristic
opipramol	02058	100054702	5470	Pramolan | 50 mg | Tabletki powlekane	5919f186e00f27cc7211c8cbaa21c97f285449fa2ebd422b69984ae4396c4e9d	ChPL_02058_RPL5470.pdf	https://rejestrymedyczne.ezdrowie.gov.pl/api/rpl/medicinal-products/5470/characteristic
prometazyna	02283	100019309	1930	Diphergan | 10 mg | Tabletki drażowane	ab37585c5ad0a4f725d52765af32c1e24c8ac2a93dca527cf41253919dc0c88f	ChPL_02283_RPL1930.pdf	https://rejestrymedyczne.ezdrowie.gov.pl/api/rpl/medicinal-products/1930/characteristic
haloperidol	02394	100028202	2820	Haloperidol UNIA | 2 mg/ml | Krople doustne, roztwór	b73ae291d174a891252679242efe7973e944f616f3a3ac53c48c44f19980bf58	ChPL_02394_RPL2820.pdf	https://rejestrymedyczne.ezdrowie.gov.pl/api/rpl/medicinal-products/2820/characteristic
disulfiram	02441	100006005	600	Anticol | 500 mg | Tabletki	7c99b8646b35d5183b907f32c0ac7ef92849b5f01afbdfb361b8df37f1eeddac	ChPL_02441_RPL600.pdf	https://rejestrymedyczne.ezdrowie.gov.pl/api/rpl/medicinal-products/600/characteristic
walproinian	02443	100248122	24812	Convulex 150 | 150 mg | Kapsułki miękkie	ace32f844ebdea910f0278e1f15dfbef96dfe7f764710c7710b73e6745efff51	ChPL_02443_RPL24812.pdf	https://rejestrymedyczne.ezdrowie.gov.pl/api/rpl/medicinal-products/24812/characteristic
walproinian	02444	100015688	1568	Convulex 300 | 300 mg | Kapsułki miękkie	c9f214c18538aa4c7c588c64ff19844a01ae2c844635dec98d37af4a90a0f793	ChPL_02444_RPL1568.pdf	https://rejestrymedyczne.ezdrowie.gov.pl/api/rpl/medicinal-products/1568/characteristic
karbamazepina	02445	100047116	4711	Neurotop retard 300 | 300 mg | Tabletki o przedłużonym uwalnianiu	f44d841c93f65c8fd4b25152c49dd1ee2acc3a7968edbb31c8c484fe7adbf02a	ChPL_02445_RPL4711.pdf	https://rejestrymedyczne.ezdrowie.gov.pl/api/rpl/medicinal-products/4711/characteristic
karbamazepina	02446	100248145	24814	Neurotop retard 600 | 600 mg | Tabletki o przedłużonym uwalnianiu	f44d841c93f65c8fd4b25152c49dd1ee2acc3a7968edbb31c8c484fe7adbf02a	ChPL_02446_RPL24814.pdf	https://rejestrymedyczne.ezdrowie.gov.pl/api/rpl/medicinal-products/24814/characteristic
chlorpromazyna	02743	100023914	2391	Fenactil | 40 mg/g | Krople doustne, roztwór	c0257d5899aee4f59d0dc78e99316b222f13d2c0869ec5b66ce3414addb8fed3	ChPL_02743_RPL2391.pdf	https://rejestrymedyczne.ezdrowie.gov.pl/api/rpl/medicinal-products/2391/characteristic
hydroksyzyna	02939	100203119	20311	Atarax | 2 mg/ml | Syrop	fa3544d41d5ab4b3e2b2e4ad08e75921a083ad6abb0ef4b032940dcf203566a3	ChPL_02939_RPL20311.pdf	https://rejestrymedyczne.ezdrowie.gov.pl/api/rpl/medicinal-products/20311/characteristic
hydroksyzyna	02940	100008027	802	Atarax | 10 mg | Tabletki powlekane	ff71339ebd63208ac3cd684712b6e5eae9e651c13328de25576ad81b6026914d	ChPL_02940_RPL802.pdf	https://rejestrymedyczne.ezdrowie.gov.pl/api/rpl/medicinal-products/802/characteristic
hydroksyzyna	02941	100008033	803	Atarax | 25 mg | Tabletki powlekane	ff71339ebd63208ac3cd684712b6e5eae9e651c13328de25576ad81b6026914d	ChPL_02941_RPL803.pdf	https://rejestrymedyczne.ezdrowie.gov.pl/api/rpl/medicinal-products/803/characteristic
klomipramina	02949	100005632	563	Anafranil | 10 mg | Tabletki powlekane	93f13c5984c109cb09b2e9e11a1c82b47ec1623685cf962ed503cd034a87f4b9	ChPL_02949_RPL563.pdf	https://rejestrymedyczne.ezdrowie.gov.pl/api/rpl/medicinal-products/563/characteristic
klomipramina	02950	100005649	564	Anafranil | 25 mg | Tabletki powlekane	8ea0552f4d356eeb0942da25a6db9dbb5994f099aff11a16479cc170dbd4c3e4	ChPL_02950_RPL564.pdf	https://rejestrymedyczne.ezdrowie.gov.pl/api/rpl/medicinal-products/564/characteristic
klomipramina	02951	100005655	565	Anafranil SR 75 | 75 mg | Tabletki powlekane o przedłużonym uwalnianiu	ee55e41883c2aea24c5392c57779eb8168483ab7aebd591708594016fcd0884b	ChPL_02951_RPL565.pdf	https://rejestrymedyczne.ezdrowie.gov.pl/api/rpl/medicinal-products/565/characteristic
haloperidol	03029	100028188	2818	Haloperidol WZF | 5 mg/ml | Roztwór do wstrzykiwań	0f3ca6407e5e8310548f41e750b38841dfa4ff6a568c9f90071d50370ff64411	ChPL_03029_RPL2818.pdf	https://rejestrymedyczne.ezdrowie.gov.pl/api/rpl/medicinal-products/2818/characteristic
walproinian	03074	100017701	1770	Depakine | 288,2 mg/5 ml | Syrop	a0701339bacce06219a0aba00ae3e8f523b31d82725636552b953a02c569fad5	ChPL_03074_RPL1770.pdf	https://rejestrymedyczne.ezdrowie.gov.pl/api/rpl/medicinal-products/1770/characteristic
karbamazepina	03419	100065947	6594	Tegretol | 20 mg/ml | Zawiesina doustna	7c14cd7f762cb667736dd85a56fda885691eb631236e4feb198f95d1017d3725	ChPL_03419_RPL6594.pdf	https://rejestrymedyczne.ezdrowie.gov.pl/api/rpl/medicinal-products/6594/characteristic
lamotrygina	03462	100232204	23220	Lamitrin | 50 mg | Tabletki	d10d823cb416f40cc14f5c4336b264838b58a859c3309cebe4aac9f25a9e4776	ChPL_03462_RPL23220.pdf	https://rejestrymedyczne.ezdrowie.gov.pl/api/rpl/medicinal-products/23220/characteristic
lamotrygina	03463	100036673	3667	Lamitrin | 100 mg | Tabletki	c8542422efb0864a6544e1c973970a7ec5b1996c8cc16ed43eaa79f50336772e	ChPL_03463_RPL3667.pdf	https://rejestrymedyczne.ezdrowie.gov.pl/api/rpl/medicinal-products/3667/characteristic
fluwoksamina	03477	100024196	2419	Fevarin | 50 mg | Tabletki powlekane	2d7672bd87d6295fe442957c43981cd947899f84427a6735a3c348793e8298ba	ChPL_03477_RPL2419.pdf	https://rejestrymedyczne.ezdrowie.gov.pl/api/rpl/medicinal-products/2419/characteristic
fluwoksamina	03478	100024204	2420	Fevarin | 100 mg | Tabletki powlekane	fdb6f04a06e291eb6e552784b3e6a44325ccd6659b598d55e1448b78e746c0f1	ChPL_03478_RPL2420.pdf	https://rejestrymedyczne.ezdrowie.gov.pl/api/rpl/medicinal-products/2420/characteristic
lamotrygina	03548	100036667	3666	Lamitrin | 25 mg | Tabletki	d5223495cbf342b2dc96bc541fa70ae3a1b4b9f280464ebd6dc3c0f776c63240	ChPL_03548_RPL3666.pdf	https://rejestrymedyczne.ezdrowie.gov.pl/api/rpl/medicinal-products/3666/characteristic
tianeptyna	03702	100015168	1516	Coaxil | 12,5 mg | Tabletki powlekane	9e5d82627328bff7b3101dbabc0a8b504d248deabc98b0bd5399f8c861157521	ChPL_03702_RPL1516.pdf	https://rejestrymedyczne.ezdrowie.gov.pl/api/rpl/medicinal-products/1516/characteristic
fluoksetyna	03723	100010768	1076	Bioxetin | 20 mg | Tabletki	e8be0e90852926347bfe5d402aece7e8ba3b44d04968627700b010b2e3728455	ChPL_03723_RPL1076.pdf	https://rejestrymedyczne.ezdrowie.gov.pl/api/rpl/medicinal-products/1076/characteristic
fluoksetyna	03743	100060826	6082	Seronil | 10 mg | Tabletki powlekane	9d6bf662765f657b37f49cd2e4eb3bef2015d3a6b791210b039066b6ca0e09b0	ChPL_03743_RPL6082.pdf	https://rejestrymedyczne.ezdrowie.gov.pl/api/rpl/medicinal-products/6082/characteristic
fluoksetyna	03744	100060810	6081	Seronil | 20 mg | Kapsułki twarde	4715603415729dbc7eb3eb4a8ab5049f480f9521a1a3c51cf283f2c86f813279	ChPL_03744_RPL6081.pdf	https://rejestrymedyczne.ezdrowie.gov.pl/api/rpl/medicinal-products/6081/characteristic
klorazepat	03759	100067550	6755	Tranxene 20 | 20 mg/2 ml | Proszek i rozpuszczalnik do sporządzania roztworu do wstrzykiwań	9106a7b720311a60f5f3e0572bc9f98dc789c752c7b83f6fc178babe922a8f2e	ChPL_03759_RPL6755.pdf	https://rejestrymedyczne.ezdrowie.gov.pl/api/rpl/medicinal-products/6755/characteristic
alprazolam	04038	100084755	8475	Neurol 0,25 | 0,25 mg | Tabletki	ad4aa1d4aa86d09e79af593f20347d08036ae84d043c4104af3afe170627781e	ChPL_04038_RPL8475.pdf	https://rejestrymedyczne.ezdrowie.gov.pl/api/rpl/medicinal-products/8475/characteristic
alprazolam	04039	100084844	8484	Neurol 1,0 | 1 mg | Tabletki	811d5368f056f79af5c8159668251d967a2cd210801c4557aaf1f7b2ccfd3533	ChPL_04039_RPL8484.pdf	https://rejestrymedyczne.ezdrowie.gov.pl/api/rpl/medicinal-products/8484/characteristic
risperidon	04238	100087386	8738	Rispolept | 1 mg/ml | Roztwór doustny	6bdc1d1aa41b0a6e582923c7045fd7b6490c54e2f6da12e15b35368d3b0d249b	ChPL_04238_RPL8738.pdf	https://rejestrymedyczne.ezdrowie.gov.pl/api/rpl/medicinal-products/8738/characteristic
bupropion	04909	100094624	9462	Zyban | 150 mg | Tabletki powlekane o przedłużonym uwalnianiu	c661752f8805f50f4decd28f6d11b3631205e10f4a4b2c5806a75252b3285d4c	ChPL_04909_RPL9462.pdf	https://rejestrymedyczne.ezdrowie.gov.pl/api/rpl/medicinal-products/9462/characteristic
wenlafaksyna	04939	100094890	9489	Efectin ER 75 | 75 mg | Kapsułki o przedłużonym uwalnianiu, twarde	ab5fa28d2e16f9c2426736c2f59c5c2c00d30a429029a86b498cee7d4ff98e9c	ChPL_04939_RPL9489.pdf	https://rejestrymedyczne.ezdrowie.gov.pl/api/rpl/medicinal-products/9489/characteristic
wenlafaksyna	04940	100094908	9490	Efectin ER 150 | 150 mg | Kapsułki o przedłużonym uwalnianiu, twarde	5b070e471c2536ec13b251bac832c76c0de3bcfa2927bd5b1d040fc0a40c98fa	ChPL_04940_RPL9490.pdf	https://rejestrymedyczne.ezdrowie.gov.pl/api/rpl/medicinal-products/9490/characteristic
zolpidem	04944	100094937	9493	Sanval | 10 mg | Tabletki powlekane	3c8505a4a34f5a0f4f1ecbd496e4f72fcedb30725ff3fb4df68407dd80aeed57	ChPL_04944_RPL9493.pdf	https://rejestrymedyczne.ezdrowie.gov.pl/api/rpl/medicinal-products/9493/characteristic
paroksetyna	06405	100060832	6083	Seroxat | 20 mg | Tabletki powlekane	578d6fdf46541e6bd0a28d53a06fa4aa732ba02b5fc26d05155725b57835a2a2	ChPL_06405_RPL6083.pdf	https://rejestrymedyczne.ezdrowie.gov.pl/api/rpl/medicinal-products/6083/characteristic
risperidon	06704	100058427	5842	Rispolept | 1 mg | Tabletki powlekane	6b436d6cb35d38f246d6d5f54021645d0457a6f3a3d8128e813bcb98b956b505	ChPL_06704_RPL5842.pdf	https://rejestrymedyczne.ezdrowie.gov.pl/api/rpl/medicinal-products/5842/characteristic
risperidon	06705	100058433	5843	Rispolept | 2 mg | Tabletki powlekane	6b436d6cb35d38f246d6d5f54021645d0457a6f3a3d8128e813bcb98b956b505	ChPL_06705_RPL5843.pdf	https://rejestrymedyczne.ezdrowie.gov.pl/api/rpl/medicinal-products/5843/characteristic
risperidon	06706	100058440	5844	Rispolept | 3 mg | Tabletki powlekane	6b436d6cb35d38f246d6d5f54021645d0457a6f3a3d8128e813bcb98b956b505	ChPL_06706_RPL5844.pdf	https://rejestrymedyczne.ezdrowie.gov.pl/api/rpl/medicinal-products/5844/characteristic
risperidon	06707	100058456	5845	Rispolept | 4 mg | Tabletki powlekane	6b436d6cb35d38f246d6d5f54021645d0457a6f3a3d8128e813bcb98b956b505	ChPL_06707_RPL5845.pdf	https://rejestrymedyczne.ezdrowie.gov.pl/api/rpl/medicinal-products/5845/characteristic
oksazepam	07148	100075845	7584	Oksazepam TZF | 10 mg | Tabletki powlekane	588b6c374e992190d107f2b7cef6126c77f3669396207cf857e0ad8fe93d6416	ChPL_07148_RPL7584.pdf	https://rejestrymedyczne.ezdrowie.gov.pl/api/rpl/medicinal-products/7584/characteristic
metadon	07188	100201801	20180	Methadone Hydrochloride Molteni | 1 mg/ml | Syrop	94b29b5c81526f3d1f340864da6a02a63464386518ae37d8db925155c0c0798a	ChPL_07188_RPL20180.pdf	https://rejestrymedyczne.ezdrowie.gov.pl/api/rpl/medicinal-products/20180/characteristic
haloperidol	07226	100076589	7658	Haloperidol WZF | 5 mg | Tabletki	cb3239ba74365eb3816ae9e25fc7f0de61a2aa61b26784c366958ed37b8aa725	ChPL_07226_RPL7658.pdf	https://rejestrymedyczne.ezdrowie.gov.pl/api/rpl/medicinal-products/7658/characteristic
diazepam	07267	100077005	7700	Neorelium | 5 mg | Tabletki powlekane	f26392c838e373291d55d8e2ffa641a8cd6a585fc175ca84479f6baf3726a7ae	ChPL_07267_RPL7700.pdf	https://rejestrymedyczne.ezdrowie.gov.pl/api/rpl/medicinal-products/7700/characteristic
okskarbazepina	07471	100189744	18974	Trileptal | 60 mg/ml | Zawiesina doustna	e86110516b5ef10ee8f7881097aba728a5ccfbbe4850320487b544cc56be91ea	ChPL_07471_RPL18974.pdf	https://rejestrymedyczne.ezdrowie.gov.pl/api/rpl/medicinal-products/18974/characteristic
diazepam	07515	100079547	7954	Relsed | 2 mg/ml (5 mg/2,5 ml) | Mikrowlewka doodbytnicza, roztwór	1f14dbf6a9aee558bf4d0c390817e4f8842e4c35cf382c019b9590dbd7250055	ChPL_07515_RPL7954.pdf	https://rejestrymedyczne.ezdrowie.gov.pl/api/rpl/medicinal-products/7954/characteristic
diazepam	07516	100079553	7955	Relsed | 4 mg/ml (10 mg/2,5 ml) | Mikrowlewka doodbytnicza, roztwór	b60af935df8b4f9dc6118e2d6ba9e64e54627e387fc1de15a79f8f6f7fbb853b	ChPL_07516_RPL7955.pdf	https://rejestrymedyczne.ezdrowie.gov.pl/api/rpl/medicinal-products/7955/characteristic
donepezil	07528	100079234	7923	Aricept | 5 mg | Tabletki powlekane	96666b62d031a1b9e141dbcbc350882c3bac4f793f778888390ad1dc6d0c30ba	ChPL_07528_RPL7923.pdf	https://rejestrymedyczne.ezdrowie.gov.pl/api/rpl/medicinal-products/7923/characteristic
donepezil	07529	100079240	7924	Aricept | 10 mg | Tabletki powlekane	96666b62d031a1b9e141dbcbc350882c3bac4f793f778888390ad1dc6d0c30ba	ChPL_07529_RPL7924.pdf	https://rejestrymedyczne.ezdrowie.gov.pl/api/rpl/medicinal-products/7924/characteristic
sertralina	07531	100079719	7971	Zoloft | 50 mg | Tabletki powlekane	55d8ca8b0d9d39e7a337895f444a3ec190c570d4bae1c39cb9c23f5d21439d37	ChPL_07531_RPL7971.pdf	https://rejestrymedyczne.ezdrowie.gov.pl/api/rpl/medicinal-products/7971/characteristic
sertralina	07532	100079725	7972	Zoloft | 100 mg | Tabletki powlekane	01828b7694d0ff37289b488c97789a2b063cfec4b78612628ab27dc5d4b1f8a1	ChPL_07532_RPL7972.pdf	https://rejestrymedyczne.ezdrowie.gov.pl/api/rpl/medicinal-products/7972/characteristic
klorazepat	07558	100080013	8001	Cloranxen | 5 mg | Tabletki	27fea527655385f70ad37000528e7f82f08b58a26be0ff326fb7528da220cab8	ChPL_07558_RPL8001.pdf	https://rejestrymedyczne.ezdrowie.gov.pl/api/rpl/medicinal-products/8001/characteristic
klorazepat	07559	100080020	8002	Cloranxen | 10 mg | Tabletki	801a2d1d91b113cbdf278f2123db1c34253735ca060b0bf508cf270bf52526de	ChPL_07559_RPL8002.pdf	https://rejestrymedyczne.ezdrowie.gov.pl/api/rpl/medicinal-products/8002/characteristic
topiramat	07588	100080243	8024	Topamax | 25 mg | Tabletki powlekane	b01fd00a81fb950d50ef0900807ce8e7953beb4d87ec468a8f4e10620242878b	ChPL_07588_RPL8024.pdf	https://rejestrymedyczne.ezdrowie.gov.pl/api/rpl/medicinal-products/8024/characteristic
topiramat	07589	100080250	8025	Topamax | 50 mg | Tabletki powlekane	707873cc8a2d2a54a9d5c3a81cc34dbc006be884ad4176dc19543f011095fc3c	ChPL_07589_RPL8025.pdf	https://rejestrymedyczne.ezdrowie.gov.pl/api/rpl/medicinal-products/8025/characteristic
topiramat	07590	100080266	8026	Topamax | 100 mg | Tabletki powlekane	3ad96fb717d4a9714b4b9ab3e8886e888e871f8423912729c5fe0f9abf2b7128	ChPL_07590_RPL8026.pdf	https://rejestrymedyczne.ezdrowie.gov.pl/api/rpl/medicinal-products/8026/characteristic
topiramat	07591	100080272	8027	Topamax | 200 mg | Tabletki powlekane	edd5941555e592b31ae5490aebd215f89da5c4e37a507e70a2071e42a4f5a95f	ChPL_07591_RPL8027.pdf	https://rejestrymedyczne.ezdrowie.gov.pl/api/rpl/medicinal-products/8027/characteristic
gabapentyna	07692	100081277	8127	Neurontin 100 | 100 mg | Kapsułki twarde	8b0f8f53c34f2b4dcae6dcfbff0f2ee9a13f5b1b595a926176e7bda62f5be8ce	ChPL_07692_RPL8127.pdf	https://rejestrymedyczne.ezdrowie.gov.pl/api/rpl/medicinal-products/8127/characteristic
gabapentyna	07693	100041071	4107	Neurontin 300 | 300 mg | Kapsułki twarde	dceae1c40c9c5285a9e99f60336020172ab3f984984b2ef3f3be5fa9e0d6f4d4	ChPL_07693_RPL4107.pdf	https://rejestrymedyczne.ezdrowie.gov.pl/api/rpl/medicinal-products/4107/characteristic
gabapentyna	07694	100081283	8128	Neurontin 400 | 400 mg | Kapsułki twarde	c0847ff1548f5902e4f58c98bc661947b946304b4502f2a024ed5b61e3749f1c	ChPL_07694_RPL8128.pdf	https://rejestrymedyczne.ezdrowie.gov.pl/api/rpl/medicinal-products/8128/characteristic
fluoksetyna	07703	100196721	19672	Fluoxetin Polpharma | 20 mg | Kapsułki twarde	2a66944541af30ef7f6ecf9e96ce357cc7421ac4a1b14204843417b1d8dcf42c	ChPL_07703_RPL19672.pdf	https://rejestrymedyczne.ezdrowie.gov.pl/api/rpl/medicinal-products/19672/characteristic
akamprozat	07800	100082236	8223	Campral | 333 mg | Tabletki powlekane dojelitowe	7e62c76f6ca1725956a9003ec6c8410886bbb090a16128ceff15fbc0f991782e	ChPL_07800_RPL8223.pdf	https://rejestrymedyczne.ezdrowie.gov.pl/api/rpl/medicinal-products/8223/characteristic
lamotrygina	07871	100084382	8438	Lamitrin S | 5 mg | Tabletki do rozgryzania i żucia / do sporządzania zawiesiny	5c39a5c1a5d131794f70efdc828df4170d697ccbb03076a8b5dbff75db80dea7	ChPL_07871_RPL8438.pdf	https://rejestrymedyczne.ezdrowie.gov.pl/api/rpl/medicinal-products/8438/characteristic
lamotrygina	07872	100001025	102	Lamitrin S | 25 mg | Tabletki do rozgryzania i żucia / do sporządzania zawiesiny	fb8189304d6d30f67039b6903ba572af526713bc7a95defab727227b0bbbe8cb	ChPL_07872_RPL102.pdf	https://rejestrymedyczne.ezdrowie.gov.pl/api/rpl/medicinal-products/102/characteristic
lamotrygina	07873	100082561	8256	Lamitrin S | 100 mg | Tabletki do rozgryzania i żucia / do sporządzania zawiesiny	e9912a48bf79e0bae580e441739cb4ee6fa57153fd3ce92d77aa6bacd9066d9c	ChPL_07873_RPL8256.pdf	https://rejestrymedyczne.ezdrowie.gov.pl/api/rpl/medicinal-products/8256/characteristic
alprazolam	07939	100000936	93	Xanax SR | 0,5 mg | Tabletki o przedłużonym uwalnianiu	ddccfd8e5f0d300c26abb7530dc5d38e935b70c45c5e45f4b6c023f97fb362d3	ChPL_07939_RPL93.pdf	https://rejestrymedyczne.ezdrowie.gov.pl/api/rpl/medicinal-products/93/characteristic
alprazolam	07940	100247022	24702	Xanax SR | 2 mg | Tabletki o przedłużonym uwalnianiu	087168e6b4fd0cc22f44d9bb0a1233c52612f0ef42f0fa84f258265249d4bb11	ChPL_07940_RPL24702.pdf	https://rejestrymedyczne.ezdrowie.gov.pl/api/rpl/medicinal-products/24702/characteristic
alprazolam	07942	100083626	8362	Xanax SR | 1 mg | Tabletki o przedłużonym uwalnianiu	cb3adbec6229d6644a339bba3403fec5c485b561c4047513fad71b8c39ec28e0	ChPL_07942_RPL8362.pdf	https://rejestrymedyczne.ezdrowie.gov.pl/api/rpl/medicinal-products/8362/characteristic
mianseryna	07966	100084420	8442	Miansec | 10 mg | Tabletki powlekane	8bb618e799994e49a7604d24627fedb632961a4827f75e6fb4ba92734d7da7a4	ChPL_07966_RPL8442.pdf	https://rejestrymedyczne.ezdrowie.gov.pl/api/rpl/medicinal-products/8442/characteristic
citalopram	08015	100001120	112	Cipramil | 20 mg | Tabletki powlekane	7a04e64e56dec290b2f109faa81485015078468bd37fc00a953eae4941f7047e	ChPL_08015_RPL112.pdf	https://rejestrymedyczne.ezdrowie.gov.pl/api/rpl/medicinal-products/112/characteristic
prometazyna	08046	100082495	8249	Diphergan | 5 mg/5 ml | Syrop	b4874f98f7464943335564c8ac8b847e6a5843dc04c8035cc1246a20939227d1	ChPL_08046_RPL8249.pdf	https://rejestrymedyczne.ezdrowie.gov.pl/api/rpl/medicinal-products/8249/characteristic
okskarbazepina	08256	100232196	23219	Trileptal | 300 mg | Tabletki powlekane	8d04e40b3d80ba557226d8700d777ab974edeeece948970aeeebe1d9939ee1c3	ChPL_08256_RPL23219.pdf	https://rejestrymedyczne.ezdrowie.gov.pl/api/rpl/medicinal-products/23219/characteristic
okskarbazepina	08257	100096445	9644	Trileptal | 600 mg | Tabletki powlekane	5f6fe20f09daf723889f50c7d10dfeefcc1069d54a22eddc954f66cc2340c391	ChPL_08257_RPL9644.pdf	https://rejestrymedyczne.ezdrowie.gov.pl/api/rpl/medicinal-products/9644/characteristic
melatonina	08317	100097249	9724	Melatonina LEK-AM | 5 mg | Tabletki	65d94271ee3b73408836af1bc3f44ffed181b3c4c311d190a2fb6103b062f5f0	ChPL_08317_RPL9724.pdf	https://rejestrymedyczne.ezdrowie.gov.pl/api/rpl/medicinal-products/9724/characteristic
amisulpryd	08408	100098237	9823	Solian | 100 mg | Tabletki	7c5060a0fb0dd86835a83994da811991b1f710a1c4a71ca4fb357471ec606387	ChPL_08408_RPL9823.pdf	https://rejestrymedyczne.ezdrowie.gov.pl/api/rpl/medicinal-products/9823/characteristic
amisulpryd	08409	100098243	9824	Solian | 200 mg | Tabletki	7c5060a0fb0dd86835a83994da811991b1f710a1c4a71ca4fb357471ec606387	ChPL_08409_RPL9824.pdf	https://rejestrymedyczne.ezdrowie.gov.pl/api/rpl/medicinal-products/9824/characteristic
amisulpryd	08410	100098266	9826	Solian | 400 mg | Tabletki powlekane	5d41f63b4282e23b41b836b98d9343043240a21ce3def3eb590a836aa1f96c75	ChPL_08410_RPL9826.pdf	https://rejestrymedyczne.ezdrowie.gov.pl/api/rpl/medicinal-products/9826/characteristic
reboksetyna	08416	100098326	9832	Edronax | 4 mg | Tabletki	9559d8a9b72504ca6de1e0b5ef6b0a428220edf8f21211034755a0b09c05ff82	ChPL_08416_RPL9832.pdf	https://rejestrymedyczne.ezdrowie.gov.pl/api/rpl/medicinal-products/9832/characteristic
tiapryd	08481	100098941	9894	Tiapridal | 100 mg | Tabletki	8227aad51a27d05e29ef8f13be5ed9a39642c4121d7de6d0707e6855cbcf290b	ChPL_08481_RPL9894.pdf	https://rejestrymedyczne.ezdrowie.gov.pl/api/rpl/medicinal-products/9894/characteristic
alprazolam	08493	100099047	9904	Zomiren | 0,25 mg | Tabletki	a9cce63c5f989dae2ded36888ed5619d0d8aacefa4370c5578f95c9de34c7bb2	ChPL_08493_RPL9904.pdf	https://rejestrymedyczne.ezdrowie.gov.pl/api/rpl/medicinal-products/9904/characteristic
alprazolam	08494	100099053	9905	Zomiren | 0,5 mg | Tabletki	a9cce63c5f989dae2ded36888ed5619d0d8aacefa4370c5578f95c9de34c7bb2	ChPL_08494_RPL9905.pdf	https://rejestrymedyczne.ezdrowie.gov.pl/api/rpl/medicinal-products/9905/characteristic
alprazolam	08495	100099060	9906	Zomiren | 1 mg | Tabletki	a9cce63c5f989dae2ded36888ed5619d0d8aacefa4370c5578f95c9de34c7bb2	ChPL_08495_RPL9906.pdf	https://rejestrymedyczne.ezdrowie.gov.pl/api/rpl/medicinal-products/9906/characteristic
perazyna	08584	100099917	9991	Perazin 25 mg | 25 mg | Tabletki	be9db015d3018b01627380324338f62539e5341106ad34689692100113387f3f	ChPL_08584_RPL9991.pdf	https://rejestrymedyczne.ezdrowie.gov.pl/api/rpl/medicinal-products/9991/characteristic
perazyna	08585	100099923	9992	Perazin 100 mg | 100 mg | Tabletki	be9db015d3018b01627380324338f62539e5341106ad34689692100113387f3f	ChPL_08585_RPL9992.pdf	https://rejestrymedyczne.ezdrowie.gov.pl/api/rpl/medicinal-products/9992/characteristic
topiramat	08615	100239459	23945	Topamax | 15 mg | Kapsułki twarde	ed695955bb9090f692357661c7cfa54aaa4667141ab5af801c807dd553eb49f1	ChPL_08615_RPL23945.pdf	https://rejestrymedyczne.ezdrowie.gov.pl/api/rpl/medicinal-products/23945/characteristic
topiramat	08616	100100187	10018	Topamax | 25 mg | Kapsułki twarde	7096f5f729b4ebc2355a5a372d6da388ce40623824ab5af52b46bb6f4c4717b1	ChPL_08616_RPL10018.pdf	https://rejestrymedyczne.ezdrowie.gov.pl/api/rpl/medicinal-products/10018/characteristic
bromazepam	08777	100101956	10195	Sedam 3 | 3 mg | Tabletki	528fad68523ee9ad823b3f52bce268c35b120051c85cde40f9007c0961a36718	ChPL_08777_RPL10195.pdf	https://rejestrymedyczne.ezdrowie.gov.pl/api/rpl/medicinal-products/10195/characteristic
bromazepam	08778	100101962	10196	Sedam 6 | 6 mg | Tabletki	528fad68523ee9ad823b3f52bce268c35b120051c85cde40f9007c0961a36718	ChPL_08778_RPL10196.pdf	https://rejestrymedyczne.ezdrowie.gov.pl/api/rpl/medicinal-products/10196/characteristic
mianseryna	08838	100237242	23724	Miansegen | 10 mg | Tabletki powlekane	d412ea941b5bfbffbc7c1d2a6009415c7933fa8d623927fa244d41b103b3bfc3	ChPL_08838_RPL23724.pdf	https://rejestrymedyczne.ezdrowie.gov.pl/api/rpl/medicinal-products/23724/characteristic
mianseryna	08839	100102631	10263	Miansegen | 30 mg | Tabletki powlekane	8283abc61b40bd5c6db59f4d2d221d8a698265fa71ef0bd31010322988a116ad	ChPL_08839_RPL10263.pdf	https://rejestrymedyczne.ezdrowie.gov.pl/api/rpl/medicinal-products/10263/characteristic
melatonina	08848	100205207	20520	Melatonina LEK-AM | 1 mg | Tabletki	8449c0db2f3639ee85c8e209aab7c9b25aa490b5c080972382c41fe7d02951e9	ChPL_08848_RPL20520.pdf	https://rejestrymedyczne.ezdrowie.gov.pl/api/rpl/medicinal-products/20520/characteristic
melatonina	08849	100102766	10276	Melatonina LEK-AM | 3 mg | Tabletki	b5cb6a47d4a1a70d181ec8f8392ccbc3807ea09c03a37d3c99afda006c98cf5d	ChPL_08849_RPL10276.pdf	https://rejestrymedyczne.ezdrowie.gov.pl/api/rpl/medicinal-products/10276/characteristic
citalopram	08955	100103820	10382	Cital | 20 mg | Tabletki powlekane	ad6d4ab53bed844384b0b47fe295a4215db12942c56eb0e91073edf524d49f7a	ChPL_08955_RPL10382.pdf	https://rejestrymedyczne.ezdrowie.gov.pl/api/rpl/medicinal-products/10382/characteristic
alprazolam	09084	100105144	10514	Afobam | 1 mg | Tabletki	7b99919b01a4796b9ad53295d026b1138971f705f2a38c4cfb2ae4e1d5fe5394	ChPL_09084_RPL10514.pdf	https://rejestrymedyczne.ezdrowie.gov.pl/api/rpl/medicinal-products/10514/characteristic
alprazolam	09137	100105612	10561	Alpragen | 0,25 mg | Tabletki	318cb3d2dcc78dd207a98990b7a5ca9ac1b35c3fa4d473a7854841013728e0c6	ChPL_09137_RPL10561.pdf	https://rejestrymedyczne.ezdrowie.gov.pl/api/rpl/medicinal-products/10561/characteristic
alprazolam	09138	100105629	10562	Alpragen | 0,5 mg | Tabletki	7f29f1c543924decee802cdddafbdee07504c32ecae66dd1a47ac40a5580c948	ChPL_09138_RPL10562.pdf	https://rejestrymedyczne.ezdrowie.gov.pl/api/rpl/medicinal-products/10562/characteristic
alprazolam	09139	100105635	10563	Alpragen | 1 mg | Tabletki	318cb3d2dcc78dd207a98990b7a5ca9ac1b35c3fa4d473a7854841013728e0c6	ChPL_09139_RPL10563.pdf	https://rejestrymedyczne.ezdrowie.gov.pl/api/rpl/medicinal-products/10563/characteristic
olanzapina	09169	100105954	10595	Zolafren | 5 mg | Tabletki powlekane	c4fe541079273002f83c5cc2b8db2d7d3e02d303109887111ad7e8e279747bbd	ChPL_09169_RPL10595.pdf	https://rejestrymedyczne.ezdrowie.gov.pl/api/rpl/medicinal-products/10595/characteristic
olanzapina	09170	100105960	10596	Zolafren | 10 mg | Tabletki powlekane	3ef8167fb323ee1202b6e45df2dfcdbea0775544a9c9eaee2de1bcf97496b5b1	ChPL_09170_RPL10596.pdf	https://rejestrymedyczne.ezdrowie.gov.pl/api/rpl/medicinal-products/10596/characteristic
trazodon	09186	100106209	10620	Trittico CR | 75 mg | Tabletki o przedłużonym uwalnianiu	2bf1e83049a7ef3f13daf3fe0a1a27eceedc20eb31951cc19548d0b3471dc571	ChPL_09186_RPL10620.pdf	https://rejestrymedyczne.ezdrowie.gov.pl/api/rpl/medicinal-products/10620/characteristic
trazodon	09187	100106221	10622	Trittico CR | 150 mg | Tabletki o przedłużonym uwalnianiu	2bf1e83049a7ef3f13daf3fe0a1a27eceedc20eb31951cc19548d0b3471dc571	ChPL_09187_RPL10622.pdf	https://rejestrymedyczne.ezdrowie.gov.pl/api/rpl/medicinal-products/10622/characteristic
zolpidem	09254	100106876	10687	Hypnogen | 10 mg | Tabletki powlekane	50a01c97ea65d104349b3aa9ac544697e37eb888aa30d2638cd290caf89a9b1f	ChPL_09254_RPL10687.pdf	https://rejestrymedyczne.ezdrowie.gov.pl/api/rpl/medicinal-products/10687/characteristic
moklobemid	09537	100109461	10946	Moklar | 150 mg | Tabletki powlekane	c5b3ac6181aba14a3b82572d1575d9359b71e03e82dc3f499c6729df12755116	ChPL_09537_RPL10946.pdf	https://rejestrymedyczne.ezdrowie.gov.pl/api/rpl/medicinal-products/10946/characteristic
sertralina	09632	100110576	11057	Asentra | 50 mg | Tabletki powlekane	cf71b48de92fb904056b471cb08a66a48500f24eadaedaa05d01a1cefe6abc14	ChPL_09632_RPL11057.pdf	https://rejestrymedyczne.ezdrowie.gov.pl/api/rpl/medicinal-products/11057/characteristic
sertralina	09633	100110613	11061	Asentra | 100 mg | Tabletki powlekane	007957ce98b18578d72628403d335dc07c7d0c61e7a56af31e3aff085e47aff2	ChPL_09633_RPL11061.pdf	https://rejestrymedyczne.ezdrowie.gov.pl/api/rpl/medicinal-products/11061/characteristic
lamotrygina	09643	100110620	11062	Lamitrin S | 2 mg | Tabletki do rozgryzania i żucia / do sporządzania zawiesiny	09c3a1740b811355a2ba6aaa8ec05079d9cc94b9d38b93ab36700311c878ca11	ChPL_09643_RPL11062.pdf	https://rejestrymedyczne.ezdrowie.gov.pl/api/rpl/medicinal-products/11062/characteristic
moklobemid	09668	100245595	24559	Mobemid | 150 mg | Tabletki powlekane	6385780e111779da75417c7e40980912c11b42708f0cc353968699455ad9932f	ChPL_09668_RPL24559.pdf	https://rejestrymedyczne.ezdrowie.gov.pl/api/rpl/medicinal-products/24559/characteristic
haloperidol	09693	100111328	11132	Haloperidol WZF 0,2% | 2 mg/ml | Krople doustne, roztwór	e2d8b9a142d0303e5e65a6ad30f7854ce3eb5e8796dc1715a8827f269ee4181c	ChPL_09693_RPL11132.pdf	https://rejestrymedyczne.ezdrowie.gov.pl/api/rpl/medicinal-products/11132/characteristic
lamotrygina	09724	100111475	11147	Symla | 25 mg | Tabletki	ee20f5f5222b20ca334b523131b82c3f9c061212b2354c02e810b532ddb2f900	ChPL_09724_RPL11147.pdf	https://rejestrymedyczne.ezdrowie.gov.pl/api/rpl/medicinal-products/11147/characteristic
lamotrygina	09725	100111481	11148	Symla | 50 mg | Tabletki	867bcfe7d8cbfa7d09854960cf83f59eff7ba7ed620d5a56996c48f513d786a8	ChPL_09725_RPL11148.pdf	https://rejestrymedyczne.ezdrowie.gov.pl/api/rpl/medicinal-products/11148/characteristic
lamotrygina	09726	100195182	19518	Symla | 100 mg | Tabletki	55e89dffe7dd257d709d8616774dc06208ff3fbbf1a29072172d2d69b9b9efbb	ChPL_09726_RPL19518.pdf	https://rejestrymedyczne.ezdrowie.gov.pl/api/rpl/medicinal-products/19518/characteristic
zolpidem	09890	100113155	11315	Zolpic | 10 mg | Tabletki powlekane	da736fbbba57a3aaa274d77695a933501eebdb2c27f2036fa433564835f72b38	ChPL_09890_RPL11315.pdf	https://rejestrymedyczne.ezdrowie.gov.pl/api/rpl/medicinal-products/11315/characteristic
donepezil	09932	100113557	11355	Yasnal | 5 mg | Tabletki powlekane	d964f40b831b69769cb0ed9e5f6d8c6aaa7ee153f666b3e1b2d90456d6f413bf	ChPL_09932_RPL11355.pdf	https://rejestrymedyczne.ezdrowie.gov.pl/api/rpl/medicinal-products/11355/characteristic
donepezil	09933	100113570	11357	Yasnal | 10 mg | Tabletki powlekane	d964f40b831b69769cb0ed9e5f6d8c6aaa7ee153f666b3e1b2d90456d6f413bf	ChPL_09933_RPL11357.pdf	https://rejestrymedyczne.ezdrowie.gov.pl/api/rpl/medicinal-products/11357/characteristic
sertralina	09948	100113712	11371	Stimuloton | 50 mg | Tabletki powlekane	c6ed9ca9268aee48f6146bf0bca7693b42c2346fde4649661b447c720324218a	ChPL_09948_RPL11371.pdf	https://rejestrymedyczne.ezdrowie.gov.pl/api/rpl/medicinal-products/11371/characteristic
paroksetyna	10063	100114775	11477	Rexetin | 20 mg | Tabletki powlekane	802416db43e91a363af777d24107be9f74c2c39853e9748f110e4365737bb664	ChPL_10063_RPL11477.pdf	https://rejestrymedyczne.ezdrowie.gov.pl/api/rpl/medicinal-products/11477/characteristic
lamotrygina	10064	100114924	11492	Lamotrix | 25 mg | Tabletki	601ca3f1f3ee0db7e6c7011827fb1898f30b595e20135b60d4263fe0ed01139b	ChPL_10064_RPL11492.pdf	https://rejestrymedyczne.ezdrowie.gov.pl/api/rpl/medicinal-products/11492/characteristic
lamotrygina	10065	100114930	11493	Lamotrix | 50 mg | Tabletki	e9f37ad509c98aef1a643e47967b954e0b8e040195d54260c684e2461e21da7d	ChPL_10065_RPL11493.pdf	https://rejestrymedyczne.ezdrowie.gov.pl/api/rpl/medicinal-products/11493/characteristic
lamotrygina	10066	100114947	11494	Lamotrix | 100 mg | Tabletki	43d7f78feaa57ac426bcce00b30c17dabad681fdef4ea5e565533f43dd6645af	ChPL_10066_RPL11494.pdf	https://rejestrymedyczne.ezdrowie.gov.pl/api/rpl/medicinal-products/11494/characteristic
karbamazepina	10141	100116679	11667	Finlepsin | 200 mg | Tabletki	868a921998edcd4416ed416441c4a54bf395a2016a16152df5e831cae8596339	ChPL_10141_RPL11667.pdf	https://rejestrymedyczne.ezdrowie.gov.pl/api/rpl/medicinal-products/11667/characteristic
karbamazepina	10142	100116685	11668	Finlepsin 400 retard | 400 mg | Tabletki o przedłużonym uwalnianiu	04edf40c388479c3bb0d4e9429b11450bbd0b90fad9ba891f37a182112fb7c35	ChPL_10142_RPL11668.pdf	https://rejestrymedyczne.ezdrowie.gov.pl/api/rpl/medicinal-products/11668/characteristic
gabapentyna	10174	100118738	11873	Neurontin 600 | 600 mg | Tabletki powlekane	b960762c9dedc3a83c0b1fdd31aaced554a24d5dfe7ad21bd01acee8e61b1a3b	ChPL_10174_RPL11873.pdf	https://rejestrymedyczne.ezdrowie.gov.pl/api/rpl/medicinal-products/11873/characteristic
gabapentyna	10175	100118744	11874	Neurontin 800 | 800 mg | Tabletki powlekane	577d014123298636f53bdf2068096e2d5074f74c6c55d32c1d480963599d2b4a	ChPL_10175_RPL11874.pdf	https://rejestrymedyczne.ezdrowie.gov.pl/api/rpl/medicinal-products/11874/characteristic
donepezil	10243	100119525	11952	Cogiton 5 | 5 mg | Tabletki powlekane	cf837ae8a220b8da84ff5b6a39e7b6461ce279f02e8904a6af6e4288da68170a	ChPL_10243_RPL11952.pdf	https://rejestrymedyczne.ezdrowie.gov.pl/api/rpl/medicinal-products/11952/characteristic
donepezil	10244	100119560	11956	Cogiton 10 | 10 mg | Tabletki powlekane	ea2c048c22a7ce4c4bf11c288dcf700d10c49c9d9e2cccce89dc2da481b14f0a	ChPL_10244_RPL11956.pdf	https://rejestrymedyczne.ezdrowie.gov.pl/api/rpl/medicinal-products/11956/characteristic
karbamazepina	10303	100120379	12037	Finlepsin 200 retard | 200 mg | Tabletki o przedłużonym uwalnianiu	9a1da43ee121aad8029b9b95b678c8c9428ad78ab065fb53c62b89b79be86b01	ChPL_10303_RPL12037.pdf	https://rejestrymedyczne.ezdrowie.gov.pl/api/rpl/medicinal-products/12037/characteristic
amitryptylina	10489	100122237	12223	Amitriptylinum VP | 25 mg | Tabletki powlekane	e189a9b8a46dc51566092df20e8e6095e5fbb4affa32ea9a494cd9d512619062	ChPL_10489_RPL12223.pdf	https://rejestrymedyczne.ezdrowie.gov.pl/api/rpl/medicinal-products/12223/characteristic
amitryptylina	10490	100122243	12224	Amitriptylinum VP | 10 mg | Tabletki powlekane	f494553777ad872eac135879be78db25e801af6cf5fbb50d9351224d85c2cd4a	ChPL_10490_RPL12224.pdf	https://rejestrymedyczne.ezdrowie.gov.pl/api/rpl/medicinal-products/12224/characteristic
wenlafaksyna	10523	100122390	12239	Efectin ER 37,5 | 37,5 mg | Kapsułki o przedłużonym uwalnianiu, twarde	88500ec198196235262bdca5b8b5e5ab504634896f2d24bddac57f432e27d47e	ChPL_10523_RPL12239.pdf	https://rejestrymedyczne.ezdrowie.gov.pl/api/rpl/medicinal-products/12239/characteristic
citalopram	10534	100122504	12250	Aurex 20 | 20 mg | Tabletki powlekane	e606f6abfcec56c6674605715fe057b8c3a485235c6d260b604feac83a65f089	ChPL_10534_RPL12250.pdf	https://rejestrymedyczne.ezdrowie.gov.pl/api/rpl/medicinal-products/12250/characteristic
citalopram	10535	100122510	12251	Aurex 40 | 40 mg | Tabletki powlekane	4cad629c07d1f4de218ac0153dd0c51a86eb0d5651459e93d19e10b31f2c3666	ChPL_10535_RPL12251.pdf	https://rejestrymedyczne.ezdrowie.gov.pl/api/rpl/medicinal-products/12251/characteristic
donepezil	10559	100122770	12277	Donepex | 5 mg | Tabletki powlekane	8b006d67572dbf643b775c3b58f9c40934758ab0bb41eed6c85056ec9873f91b	ChPL_10559_RPL12277.pdf	https://rejestrymedyczne.ezdrowie.gov.pl/api/rpl/medicinal-products/12277/characteristic
donepezil	10560	100122763	12276	Donepex | 10 mg | Tabletki powlekane	88a25aba51daca9c8fa365cda604f18fbec31bf376075b48ce44ea88ff3e3f56	ChPL_10560_RPL12276.pdf	https://rejestrymedyczne.ezdrowie.gov.pl/api/rpl/medicinal-products/12276/characteristic
zaleplon	10561	100122792	12279	Morfeo | 10 mg | Kapsułki twarde	dc6d6eb9f39928029034a9f5910baeef888970d06a092f5175e91fee76e2f78a	ChPL_10561_RPL12279.pdf	https://rejestrymedyczne.ezdrowie.gov.pl/api/rpl/medicinal-products/12279/characteristic
olanzapina	10645	100123604	12360	Zolafren | 5 mg | Kapsułki twarde	2735f2f7c473bd1bee6ebbe89066264cbd33620a693bc755534762554299c0c9	ChPL_10645_RPL12360.pdf	https://rejestrymedyczne.ezdrowie.gov.pl/api/rpl/medicinal-products/12360/characteristic
olanzapina	10646	100123633	12363	Zolafren | 7,5 mg | Kapsułki twarde	33257c2ef2bf704f15eb5a3ee8893f4a50f9773dccf17d559468a660863c2da6	ChPL_10646_RPL12363.pdf	https://rejestrymedyczne.ezdrowie.gov.pl/api/rpl/medicinal-products/12363/characteristic
olanzapina	10647	100123640	12364	Zolafren | 10 mg | Kapsułki twarde	89fd905afacbbfe5e735b527e5d4b075ed861e8eb54c4f54d0a2ba3d088085a2	ChPL_10647_RPL12364.pdf	https://rejestrymedyczne.ezdrowie.gov.pl/api/rpl/medicinal-products/12364/characteristic
fluoksetyna	10655	100123691	12369	Andepin | 20 mg | Kapsułki twarde	ad34d1aa9b9b8615e07cab2f2366c9a2c38e8a7ab14b52ec445e661d6c703753	ChPL_10655_RPL12369.pdf	https://rejestrymedyczne.ezdrowie.gov.pl/api/rpl/medicinal-products/12369/characteristic
zolpidem	10844	100127878	12787	Nasen | 10 mg | Tabletki powlekane	0faa3fa7839ed6065979d5acdacd0e84a7796576ca74f43f4e3217f043fe9e71	ChPL_10844_RPL12787.pdf	https://rejestrymedyczne.ezdrowie.gov.pl/api/rpl/medicinal-products/12787/characteristic
oksazepam	10875	100128300	12830	Oxazepam Espefa | 10 mg | Tabletki	7e5ecc01d1f6484045652a7ac978324eabd495e9b9068d5d344f76e0d408c081	ChPL_10875_RPL12830.pdf	https://rejestrymedyczne.ezdrowie.gov.pl/api/rpl/medicinal-products/12830/characteristic
zopiklon	10891	100128406	12840	Senzop | 7,5 mg | Tabletki powlekane	97db41e06ad21b0660d98d59aac274dbe6ff9f86e6f75ddbf14e1a57e746e676	ChPL_10891_RPL12840.pdf	https://rejestrymedyczne.ezdrowie.gov.pl/api/rpl/medicinal-products/12840/characteristic
sertindol	10892	100128464	12846	Serdolect | 4 mg | Tabletki powlekane	d63088630ffa93bdcd8a75e13d037e4b60cb6ced98ff81dd23a27fbe6ed61f36	ChPL_10892_RPL12846.pdf	https://rejestrymedyczne.ezdrowie.gov.pl/api/rpl/medicinal-products/12846/characteristic
sertindol	10893	100128458	12845	Serdolect | 12 mg | Tabletki powlekane	d63088630ffa93bdcd8a75e13d037e4b60cb6ced98ff81dd23a27fbe6ed61f36	ChPL_10893_RPL12845.pdf	https://rejestrymedyczne.ezdrowie.gov.pl/api/rpl/medicinal-products/12845/characteristic
sertindol	10894	100128441	12844	Serdolect | 16 mg | Tabletki powlekane	d63088630ffa93bdcd8a75e13d037e4b60cb6ced98ff81dd23a27fbe6ed61f36	ChPL_10894_RPL12844.pdf	https://rejestrymedyczne.ezdrowie.gov.pl/api/rpl/medicinal-products/12844/characteristic
paroksetyna	10901	100127980	12798	Paxtin 20 | 20 mg | Tabletki powlekane	cc3f0a3ab7f34e44ae2e3211dcb1b23632ff9abcb8e04d9d74fdfd074664d2c2	ChPL_10901_RPL12798.pdf	https://rejestrymedyczne.ezdrowie.gov.pl/api/rpl/medicinal-products/12798/characteristic
paroksetyna	10902	100127996	12799	Paxtin 40 | 40 mg | Tabletki powlekane	3b084016d9cf7a6c6b0550752dfbab2d11a2397a5eb8a4d73a4b82f6202bebdc	ChPL_10902_RPL12799.pdf	https://rejestrymedyczne.ezdrowie.gov.pl/api/rpl/medicinal-products/12799/characteristic
citalopram	10915	100128665	12866	Citabax 10 | 10 mg | Tabletki powlekane	a579f72764b45a62879437648fad105e6b6a042b7157aa0b89408a001c2d1bdb	ChPL_10915_RPL12866.pdf	https://rejestrymedyczne.ezdrowie.gov.pl/api/rpl/medicinal-products/12866/characteristic
citalopram	10916	100199955	19995	Citabax 20 | 20 mg | Tabletki powlekane	7011cab8c293b7ab0c45bbbae6cf8b7f603a63107ababea75e6ab981c96160b4	ChPL_10916_RPL19995.pdf	https://rejestrymedyczne.ezdrowie.gov.pl/api/rpl/medicinal-products/19995/characteristic
citalopram	10917	100128702	12870	Citabax 40 | 40 mg | Tabletki powlekane	849fa05ab11580fc3b2eccee24c9ad960be14cc3805e3f3a600e14171517a6ab	ChPL_10917_RPL12870.pdf	https://rejestrymedyczne.ezdrowie.gov.pl/api/rpl/medicinal-products/12870/characteristic
olanzapina	10968	100194024	19402	Zolaxa | 5 mg | Tabletki powlekane	9d420373365d9b8b19a445494b378867f3cfc13b7c4d3a2fd69cafa1dc13210f	ChPL_10968_RPL19402.pdf	https://rejestrymedyczne.ezdrowie.gov.pl/api/rpl/medicinal-products/19402/characteristic
olanzapina	10970	100132543	13254	Zolaxa | 10 mg | Tabletki powlekane	9d420373365d9b8b19a445494b378867f3cfc13b7c4d3a2fd69cafa1dc13210f	ChPL_10970_RPL13254.pdf	https://rejestrymedyczne.ezdrowie.gov.pl/api/rpl/medicinal-products/13254/characteristic
estazolam	10983	100129297	12929	Estazolam Polfarmex | 2 mg | Tabletki	6c5b2b6179508abcf712ff9cb1c9eeb648eedb111b1d2779ec0f19f7ee65e593	ChPL_10983_RPL12929.pdf	https://rejestrymedyczne.ezdrowie.gov.pl/api/rpl/medicinal-products/12929/characteristic
zolpidem	11021	100130030	13003	Polsen | 10 mg | Tabletki powlekane	ef994b131abdd968aa342f3ff1b149dc49d06c456c5143f3909bfd8a7c130123	ChPL_11021_RPL13003.pdf	https://rejestrymedyczne.ezdrowie.gov.pl/api/rpl/medicinal-products/13003/characteristic
citalopram	11052	100130395	13039	Pram | 20 mg | Tabletki powlekane	c262c699ef138048e8819163d7b8a7859b51cb0887b29fe942fd5a09bf323ba0	ChPL_11052_RPL13039.pdf	https://rejestrymedyczne.ezdrowie.gov.pl/api/rpl/medicinal-products/13039/characteristic
sertralina	11128	100131118	13111	Asertin 50 | 50 mg | Tabletki powlekane	2d36c98e6cf6cc6b0936527a887dc3e1408d6d28c92247b2cb2bcd0a4c64df6e	ChPL_11128_RPL13111.pdf	https://rejestrymedyczne.ezdrowie.gov.pl/api/rpl/medicinal-products/13111/characteristic
sertralina	11129	100131124	13112	Asertin 100 | 100 mg | Tabletki powlekane	7b5ebae9f2d59a58b18917b4cdd5bc9d3439f254f3c2eefcadfb18bf9d62e694	ChPL_11129_RPL13112.pdf	https://rejestrymedyczne.ezdrowie.gov.pl/api/rpl/medicinal-products/13112/characteristic
sertralina	11130	100131087	13108	Zotral | 50 mg | Tabletki powlekane	6c0c179cd7daf318c8b5a713fb46076ed571a769397923b2421f23996ebe5a55	ChPL_11130_RPL13108.pdf	https://rejestrymedyczne.ezdrowie.gov.pl/api/rpl/medicinal-products/13108/characteristic
sertralina	11131	100131101	13110	Zotral | 100 mg | Tabletki powlekane	0c337c3fc3cbe41879789b3ce2a736081b18d24fc2a6dbdad2462b20d752e8f4	ChPL_11131_RPL13110.pdf	https://rejestrymedyczne.ezdrowie.gov.pl/api/rpl/medicinal-products/13110/characteristic
mianseryna	11209	100132939	13293	Deprexolet | 10 mg | Tabletki powlekane	d33e9eb42cb76afa80625e6bef90f92977be005a76ab25c64b27dea4d2b46ddc	ChPL_11209_RPL13293.pdf	https://rejestrymedyczne.ezdrowie.gov.pl/api/rpl/medicinal-products/13293/characteristic
mianseryna	11210	100132945	13294	Deprexolet | 30 mg | Tabletki powlekane	d33e9eb42cb76afa80625e6bef90f92977be005a76ab25c64b27dea4d2b46ddc	ChPL_11210_RPL13294.pdf	https://rejestrymedyczne.ezdrowie.gov.pl/api/rpl/medicinal-products/13294/characteristic
mianseryna	11243	100134016	13401	Miansec 30 | 30 mg | Tabletki powlekane	73272a90ba7969f8ed812f5dff1d39188755844826d320b0fb0c5e867c9d4e3a	ChPL_11243_RPL13401.pdf	https://rejestrymedyczne.ezdrowie.gov.pl/api/rpl/medicinal-products/13401/characteristic
risperidon	11267	100134246	13424	Risperon | 4 mg | Tabletki powlekane	e188c360ad417e0b5c55cc15f71931d60c5d8613e1179f018102e970a981cf7d	ChPL_11267_RPL13424.pdf	https://rejestrymedyczne.ezdrowie.gov.pl/api/rpl/medicinal-products/13424/characteristic
risperidon	11268	100134269	13426	Risperon | 3 mg | Tabletki powlekane	2f11bdeeece2be7c095737362e5213d46dbcf668abd66c11de66186c55a0d9c4	ChPL_11268_RPL13426.pdf	https://rejestrymedyczne.ezdrowie.gov.pl/api/rpl/medicinal-products/13426/characteristic
risperidon	11269	100134275	13427	Risperon | 2 mg | Tabletki powlekane	d24812d6a510edd90ba296206c8246096db23462acefb7906449ed4ebace61e2	ChPL_11269_RPL13427.pdf	https://rejestrymedyczne.ezdrowie.gov.pl/api/rpl/medicinal-products/13427/characteristic
risperidon	11270	100134252	13425	Risperon | 1 mg | Tabletki powlekane	a55d499b3f9b5d95ec3f33e0ccc8d3795a07455fb39194059fe459ca63dfc7f5	ChPL_11270_RPL13425.pdf	https://rejestrymedyczne.ezdrowie.gov.pl/api/rpl/medicinal-products/13425/characteristic
zopiklon	11280	100134393	13439	Sonlax | 7,5 mg | Tabletki powlekane	8b283cdf0e83eb7e2a5db5c09e20a154123d705ae718a8d8b8c564f3da783ad8	ChPL_11280_RPL13439.pdf	https://rejestrymedyczne.ezdrowie.gov.pl/api/rpl/medicinal-products/13439/characteristic
olanzapina	11281	100134401	13440	Olzapin | 5 mg | Tabletki powlekane	96ef6cb3bdee2d50c3bd080a8e903483265157be1d32ded2a38818174af8c659	ChPL_11281_RPL13440.pdf	https://rejestrymedyczne.ezdrowie.gov.pl/api/rpl/medicinal-products/13440/characteristic
olanzapina	11282	100134418	13441	Olzapin | 10 mg | Tabletki powlekane	070111e2cbf0212bd145a3aa316f0f587b1884d6956a5aa6d440bd9395969005	ChPL_11282_RPL13441.pdf	https://rejestrymedyczne.ezdrowie.gov.pl/api/rpl/medicinal-products/13441/characteristic
mirtazapina	11400	100135783	13578	Mirzaten 30 mg | 30 mg | Tabletki powlekane	35e24f28f02a6662b61e9e833a46e48d8a6d44a0f2593f5066787166b5b0b410	ChPL_11400_RPL13578.pdf	https://rejestrymedyczne.ezdrowie.gov.pl/api/rpl/medicinal-products/13578/characteristic
mirtazapina	11401	100135790	13579	Mirzaten 45 mg | 45 mg | Tabletki powlekane	35e24f28f02a6662b61e9e833a46e48d8a6d44a0f2593f5066787166b5b0b410	ChPL_11401_RPL13579.pdf	https://rejestrymedyczne.ezdrowie.gov.pl/api/rpl/medicinal-products/13579/characteristic
lamotrygina	11724	100140726	14072	Epitrigine 100 mg tabletki | 100 mg | Tabletki	851614830f624381855305371c083125cc560496a9c92904f053e089ea8f1075	ChPL_11724_RPL14072.pdf	https://rejestrymedyczne.ezdrowie.gov.pl/api/rpl/medicinal-products/14072/characteristic
lamotrygina	11726	100140710	14071	Epitrigine 50 mg tabletki | 50 mg | Tabletki	e20f19760ed198cfd143a194a0f12f26c1bad97891c980d807bc91e6358d5037	ChPL_11726_RPL14071.pdf	https://rejestrymedyczne.ezdrowie.gov.pl/api/rpl/medicinal-products/14071/characteristic
zopiklon	11737	100140838	14083	Dobroson | 7,5 mg | Tabletki powlekane	e21ab7336294f8e5baceb3ba5b0fe5aa24950bfea0b67bb5bb3bb496eda8878c	ChPL_11737_RPL14083.pdf	https://rejestrymedyczne.ezdrowie.gov.pl/api/rpl/medicinal-products/14083/characteristic
gabapentyna	11816	100145439	14543	Gabapentin Teva | 800 mg | Tabletki powlekane	777aee4ff15ca49575aad31104364d67dec9de18b026cb55c20af73908e565f4	ChPL_11816_RPL14543.pdf	https://rejestrymedyczne.ezdrowie.gov.pl/api/rpl/medicinal-products/14543/characteristic
gabapentyna	11817	100145379	14537	Gabapentin Teva | 600 mg | Tabletki powlekane	f66683c58a312fbfbf2dd3eecc505470a4fc02c555a4a752fe63d6841aa033e5	ChPL_11817_RPL14537.pdf	https://rejestrymedyczne.ezdrowie.gov.pl/api/rpl/medicinal-products/14537/characteristic
zolpidem	11842	100145630	14563	ZolpiGen | 10 mg | Tabletki powlekane	c571207a702d9b85b3f26c3fd50bb19ddd296c1637a6e16e4946e97a52d997d9	ChPL_11842_RPL14563.pdf	https://rejestrymedyczne.ezdrowie.gov.pl/api/rpl/medicinal-products/14563/characteristic
gabapentyna	11845	100145675	14567	Gabapentyna Teva Pharmaceuticals | 100 mg | Kapsułki twarde	e0060e3f34cc81a164b2c4efdc2f2abb552c23b676c8364f7cd4f39f53a112aa	ChPL_11845_RPL14567.pdf	https://rejestrymedyczne.ezdrowie.gov.pl/api/rpl/medicinal-products/14567/characteristic
gabapentyna	11846	100145698	14569	Gabapentyna Teva Pharmaceuticals | 400 mg | Kapsułki twarde	f7339aa7720f55960f965593ff6116e7c3e7595776d3afc6ab9644c77090aa91	ChPL_11846_RPL14569.pdf	https://rejestrymedyczne.ezdrowie.gov.pl/api/rpl/medicinal-products/14569/characteristic
gabapentyna	11847	100145706	14570	Gabapentyna Teva Pharmaceuticals | 300 mg | Kapsułki twarde	e6c233df7cdb575b339514c44ee7e38a1dee977c01f93c24099e97e53fb2b252	ChPL_11847_RPL14570.pdf	https://rejestrymedyczne.ezdrowie.gov.pl/api/rpl/medicinal-products/14570/characteristic
zolpidem	11858	100145936	14593	Zolsana | 10 mg | Tabletki powlekane	803eaaeb54403563b54b315244594e3619db6b5d1385ec67e18c215310683f88	ChPL_11858_RPL14593.pdf	https://rejestrymedyczne.ezdrowie.gov.pl/api/rpl/medicinal-products/14593/characteristic
paroksetyna	11962	100157112	15711	ParoGen | 20 mg | Tabletki powlekane	18e2d916fb9108b386e6bed95863e8d47dab25e1475c0f8b35e52a2d41de893e	ChPL_11962_RPL15711.pdf	https://rejestrymedyczne.ezdrowie.gov.pl/api/rpl/medicinal-products/15711/characteristic
kwetiapina	11979	100158146	15814	Ketrel | 25 mg | Tabletki powlekane	02ad62c65f6f0b02e5ea908940fdd1bbbda1b413df66af82632e21e92c7e13f9	ChPL_11979_RPL15814.pdf	https://rejestrymedyczne.ezdrowie.gov.pl/api/rpl/medicinal-products/15814/characteristic
kwetiapina	11980	100158152	15815	Ketrel | 100 mg | Tabletki powlekane	29904921784669c2157f39c0b7e25e022cdd589e630eaf3274c45d78a11ae3ee	ChPL_11980_RPL15815.pdf	https://rejestrymedyczne.ezdrowie.gov.pl/api/rpl/medicinal-products/15815/characteristic
kwetiapina	11981	100158175	15817	Ketrel | 200 mg | Tabletki powlekane	54dc81cf5cab711badfe82ce7501eff8a124df4b723ede2304412743d4ef1502	ChPL_11981_RPL15817.pdf	https://rejestrymedyczne.ezdrowie.gov.pl/api/rpl/medicinal-products/15817/characteristic
risperidon	12026	100158927	15892	Ryspolit | 4 mg | Tabletki powlekane	54429dad71078b8b01224547357b1ca89c326f155a5198bd1bae3924db267d2a	ChPL_12026_RPL15892.pdf	https://rejestrymedyczne.ezdrowie.gov.pl/api/rpl/medicinal-products/15892/characteristic
risperidon	12027	100158896	15889	Ryspolit | 3 mg | Tabletki powlekane	5ed251eead9a7f234bdaa880506747493f2918feed212facb70c7836c0fa4416	ChPL_12027_RPL15889.pdf	https://rejestrymedyczne.ezdrowie.gov.pl/api/rpl/medicinal-products/15889/characteristic
risperidon	12028	100158867	15886	Ryspolit | 2 mg | Tabletki powlekane	ddbcda7e1e606e31d0861b5b5cebc287ca4e5d0a14c286b8ef0308d4c7afe541	ChPL_12028_RPL15886.pdf	https://rejestrymedyczne.ezdrowie.gov.pl/api/rpl/medicinal-products/15886/characteristic
risperidon	12029	100158850	15885	Ryspolit | 1 mg | Tabletki powlekane	a516688d75888d9b35593fd2c8369febefe96d84513a065218f8de9718698a07	ChPL_12029_RPL15885.pdf	https://rejestrymedyczne.ezdrowie.gov.pl/api/rpl/medicinal-products/15885/characteristic
citalopram	12040	100159022	15902	Oropram 20 mg tabletki powlekane | 20 mg | Tabletki powlekane	91debc48b8550e65bd4a9f1109ecd786e4ac0d6487df64aba6641b9e312f68cd	ChPL_12040_RPL15902.pdf	https://rejestrymedyczne.ezdrowie.gov.pl/api/rpl/medicinal-products/15902/characteristic
paroksetyna	12074	100159476	15947	Xetanor 20 mg | 20 mg | Tabletki powlekane	2aefaea7c23921781cb10b2c2598673169918eb39d6e09105f790b09539f563b	ChPL_12074_RPL15947.pdf	https://rejestrymedyczne.ezdrowie.gov.pl/api/rpl/medicinal-products/15947/characteristic
sertralina	12116	100159890	15989	Setaloft 50 mg | 50 mg | Tabletki powlekane	e8e19c3a52f94bb1a5ec1cb69f88cb3024ec9a5e02876c4312bcedae7d141a90	ChPL_12116_RPL15989.pdf	https://rejestrymedyczne.ezdrowie.gov.pl/api/rpl/medicinal-products/15989/characteristic
sertralina	12117	100159909	15990	Setaloft 100 mg | 100 mg | Tabletki powlekane	ca80d6d876be130d5db73982714f9efc2bc84e2d34d04f9a2d9bb893a3758ece	ChPL_12117_RPL15990.pdf	https://rejestrymedyczne.ezdrowie.gov.pl/api/rpl/medicinal-products/15990/characteristic
lamotrygina	12341	100162774	16277	Lamitrin S | 50 mg | Tabletki do rozgryzania i żucia / do sporządzania zawiesiny	1ae25fbbf37ca611eb46fab41500bc9efdf36fa7d2e2fbfca8c13743b0618cec	ChPL_12341_RPL16277.pdf	https://rejestrymedyczne.ezdrowie.gov.pl/api/rpl/medicinal-products/16277/characteristic
lamotrygina	12342	100162768	16276	Lamitrin S | 200 mg | Tabletki do rozgryzania i żucia / do sporządzania zawiesiny	238dc1d0183c6e55ce70e343c322386b8351b6cba1a17f2890821c76c0fb8127	ChPL_12342_RPL16276.pdf	https://rejestrymedyczne.ezdrowie.gov.pl/api/rpl/medicinal-products/16276/characteristic
alprazolam	12368	100163213	16321	Neurol SR 0,5 | 0,5 mg | Tabletki o przedłużonym uwalnianiu	eb75dcd9f66d6fa07eaa0692a7635d427a0f37924f84c7abc92ad173f3e5db54	ChPL_12368_RPL16321.pdf	https://rejestrymedyczne.ezdrowie.gov.pl/api/rpl/medicinal-products/16321/characteristic
walproinian	12375	100163549	16354	ValproLEK 300 | 300 mg | Tabletki o przedłużonym uwalnianiu	b730666c6c864a2fe097145daaaf9826a0b0f7ddce2ab576afd9ff7acec630ca	ChPL_12375_RPL16354.pdf	https://rejestrymedyczne.ezdrowie.gov.pl/api/rpl/medicinal-products/16354/characteristic
walproinian	12376	100163555	16355	ValproLEK 500 | 500 mg | Tabletki o przedłużonym uwalnianiu	0e6f18f5fb2695ad03922839dbeefe8adc5c95838681eb9cf650a00258db0d03	ChPL_12376_RPL16355.pdf	https://rejestrymedyczne.ezdrowie.gov.pl/api/rpl/medicinal-products/16355/characteristic
wenlafaksyna	12501	100164780	16478	Venlectine | 150 mg | Kapsułki o przedłużonym uwalnianiu, twarde	0551a4c03cb13c0a32d41013880846f0a84d176020d0ab4159dd3682ff67544e	ChPL_12501_RPL16478.pdf	https://rejestrymedyczne.ezdrowie.gov.pl/api/rpl/medicinal-products/16478/characteristic
mirtazapina	12598	100173358	17335	Mirtor | 15 mg | Tabletki ulegające rozpadowi w jamie ustnej	3a6c4dbb21f6cdfcbbbceda6942dd68a229b8219c52c04bbb51de0a3d5db6141	ChPL_12598_RPL17335.pdf	https://rejestrymedyczne.ezdrowie.gov.pl/api/rpl/medicinal-products/17335/characteristic
mirtazapina	12599	100173387	17338	Mirtor | 30 mg | Tabletki ulegające rozpadowi w jamie ustnej	3a6c4dbb21f6cdfcbbbceda6942dd68a229b8219c52c04bbb51de0a3d5db6141	ChPL_12599_RPL17338.pdf	https://rejestrymedyczne.ezdrowie.gov.pl/api/rpl/medicinal-products/17338/characteristic
mirtazapina	12600	100173418	17341	Mirtor | 45 mg | Tabletki ulegające rozpadowi w jamie ustnej	3a6c4dbb21f6cdfcbbbceda6942dd68a229b8219c52c04bbb51de0a3d5db6141	ChPL_12600_RPL17341.pdf	https://rejestrymedyczne.ezdrowie.gov.pl/api/rpl/medicinal-products/17341/characteristic
risperidon	12634	100173890	17389	Torendo Q-Tab 1 mg | 1 mg | Tabletki ulegające rozpadowi w jamie ustnej	ef34273f316050707cb8fa65538b02e9a26dc79c49d4a0badcb46a3421d18fc9	ChPL_12634_RPL17389.pdf	https://rejestrymedyczne.ezdrowie.gov.pl/api/rpl/medicinal-products/17389/characteristic
risperidon	12635	100173909	17390	Torendo Q-Tab 2 mg | 2 mg | Tabletki ulegające rozpadowi w jamie ustnej	ef34273f316050707cb8fa65538b02e9a26dc79c49d4a0badcb46a3421d18fc9	ChPL_12635_RPL17390.pdf	https://rejestrymedyczne.ezdrowie.gov.pl/api/rpl/medicinal-products/17390/characteristic
citalopram	12661	100173980	17398	Citronil | 40 mg | Tabletki powlekane	b0f9e57a1bcbe6e2769bc321a0aba21523df86c7e8c8e937e92aeac15e46ef86	ChPL_12661_RPL17398.pdf	https://rejestrymedyczne.ezdrowie.gov.pl/api/rpl/medicinal-products/17398/characteristic
citalopram	12662	100173996	17399	Citronil | 10 mg | Tabletki powlekane	9d3df17b781e04a24d165333b4ca34f33d7278b108c6ed2ed046b4b53407d75b	ChPL_12662_RPL17399.pdf	https://rejestrymedyczne.ezdrowie.gov.pl/api/rpl/medicinal-products/17399/characteristic
citalopram	12663	100174004	17400	Citronil | 20 mg | Tabletki powlekane	ab8499bf1bf046c74b5fb709a9e423e93afe9bf700d95bab66b6e5704f307c51	ChPL_12663_RPL17400.pdf	https://rejestrymedyczne.ezdrowie.gov.pl/api/rpl/medicinal-products/17400/characteristic
lamotrygina	12686	100174464	17446	Lamilept | 25 mg | Tabletki	642be8f92ff174920830a14a64ffffbb87410a4cb7917e71954306c2ea141c1b	ChPL_12686_RPL17446.pdf	https://rejestrymedyczne.ezdrowie.gov.pl/api/rpl/medicinal-products/17446/characteristic
lamotrygina	12687	100174458	17445	Lamilept | 50 mg | Tabletki	5207f1fdb219824cd4ad3f42f84c4bcfe9c0f5c798ae3ced3ab314ab76b59a91	ChPL_12687_RPL17445.pdf	https://rejestrymedyczne.ezdrowie.gov.pl/api/rpl/medicinal-products/17445/characteristic
lamotrygina	12688	100161651	16165	Lamilept | 100 mg | Tabletki	0f441cb62811a78250bcf1c1a233bafa6328383944af02d2ac3be9b891e13926	ChPL_12688_RPL16165.pdf	https://rejestrymedyczne.ezdrowie.gov.pl/api/rpl/medicinal-products/16165/characteristic
zopiklon	12725	100174205	17420	Zopitin 7,5 mg tabletki powlekane | 7,5 mg | Tabletki powlekane	07aa01e04e4dc4fdd3212304a668cd2c8f919a934242f41e25bd6f27ef612615	ChPL_12725_RPL17420.pdf	https://rejestrymedyczne.ezdrowie.gov.pl/api/rpl/medicinal-products/17420/characteristic
wenlafaksyna	12734	100080674	8067	Venlectine | 75 mg | Kapsułki o przedłużonym uwalnianiu, twarde	b9c484cd6c5f777febb34dd2ec96235cad1bd8c91006ce9aa067a96a2c139de6	ChPL_12734_RPL8067.pdf	https://rejestrymedyczne.ezdrowie.gov.pl/api/rpl/medicinal-products/8067/characteristic
wenlafaksyna	12735	100174790	17479	Venlectine | 37,5 mg | Kapsułki o przedłużonym uwalnianiu, twarde	e7cab93035213c1784061c104e95467a5d231eb28c69ef54ec5f45054b17ebbc	ChPL_12735_RPL17479.pdf	https://rejestrymedyczne.ezdrowie.gov.pl/api/rpl/medicinal-products/17479/characteristic
walproinian	12747	100168989	16898	Absenor | 500 mg | Tabletki o przedłużonym uwalnianiu	2e508cc9a37e2a7c188f49859ff043ae95eeda1f81dd235823aa5184481fa4c8	ChPL_12747_RPL16898.pdf	https://rejestrymedyczne.ezdrowie.gov.pl/api/rpl/medicinal-products/16898/characteristic
walproinian	12748	100168073	16807	Absenor | 300 mg | Tabletki o przedłużonym uwalnianiu	1554a7ab15fca26cb8742ec38e9de56cd12a21e1c48328e0447250bc1f59f835	ChPL_12748_RPL16807.pdf	https://rejestrymedyczne.ezdrowie.gov.pl/api/rpl/medicinal-products/16807/characteristic
risperidon	12756	100175274	17527	Risperidon Vipharm | 1 mg | Tabletki powlekane	eba1e8003db27fd7c00100eceae45a6c13694a3e4fea6d6a7ccf1199311c193d	ChPL_12756_RPL17527.pdf	https://rejestrymedyczne.ezdrowie.gov.pl/api/rpl/medicinal-products/17527/characteristic
risperidon	12757	100175216	17521	Risperidon Vipharm | 2 mg | Tabletki powlekane	69fe0b3c2a738bc68a580529719efbc5465fbd338a8338089c3065630f429974	ChPL_12757_RPL17521.pdf	https://rejestrymedyczne.ezdrowie.gov.pl/api/rpl/medicinal-products/17521/characteristic
risperidon	12758	100175191	17519	Risperidon Vipharm | 3 mg | Tabletki powlekane	318d822b4fe76ce1cf5443f3d804d533f97ab3f5f95de88b9788917e64bf28eb	ChPL_12758_RPL17519.pdf	https://rejestrymedyczne.ezdrowie.gov.pl/api/rpl/medicinal-products/17519/characteristic
risperidon	12759	100175179	17517	Risperidon Vipharm | 4 mg | Tabletki powlekane	baf98b7b68fa4bb2659a0cc3914ab630113feac72bb4854e29c563de50a79cf5	ChPL_12759_RPL17517.pdf	https://rejestrymedyczne.ezdrowie.gov.pl/api/rpl/medicinal-products/17517/characteristic
opipramol	12777	100028194	2819	Sympramol | 50 mg | Tabletki drażowane	d694e31ab464376fec33f8400c0369e03423fa855312ca5aab57936df05b051f	ChPL_12777_RPL2819.pdf	https://rejestrymedyczne.ezdrowie.gov.pl/api/rpl/medicinal-products/2819/characteristic
bupropion	12786	100175251	17525	Wellbutrin XR | 150 mg | Tabletki o zmodyfikowanym uwalnianiu	60c9194490be256866d83c20db3f442b8a24289c17b857715413a3441e3dcce4	ChPL_12786_RPL17525.pdf	https://rejestrymedyczne.ezdrowie.gov.pl/api/rpl/medicinal-products/17525/characteristic
bupropion	12787	100175245	17524	Wellbutrin XR | 300 mg | Tabletki o zmodyfikowanym uwalnianiu	93cc7abc06d74502347b85ee4f2e80f5b4e12a5a6647168d8cf72c4c1e97dc25	ChPL_12787_RPL17524.pdf	https://rejestrymedyczne.ezdrowie.gov.pl/api/rpl/medicinal-products/17524/characteristic
paroksetyna	12829	100176090	17609	Arketis tabletki 20 mg | 20 mg | Tabletki	55a771d4ff632c70dfa30e229e47643f38a966b894c10d9fd8a988545b0f1167	ChPL_12829_RPL17609.pdf	https://rejestrymedyczne.ezdrowie.gov.pl/api/rpl/medicinal-products/17609/characteristic
sertralina	12839	100176003	17600	Sertagen | 50 mg | Tabletki powlekane	af6b654c92de6d47a3b8578e2f6c9596458be6b7f1bd3a31607a8687851f5d9b	ChPL_12839_RPL17600.pdf	https://rejestrymedyczne.ezdrowie.gov.pl/api/rpl/medicinal-products/17600/characteristic
sertralina	12840	100175950	17595	Sertagen | 100 mg | Tabletki powlekane	b6c4c9fdde18a07ae01d56c6416532635dc1102ed1834bb3ecca865d37d6e529	ChPL_12840_RPL17595.pdf	https://rejestrymedyczne.ezdrowie.gov.pl/api/rpl/medicinal-products/17595/characteristic
metylofenidat	12841	100175966	17596	Medikinet 5 mg | 5 mg | Tabletki	93105d011365bd6e039e02439a116cc0e6af02e248336dba9175135328ee8886	ChPL_12841_RPL17596.pdf	https://rejestrymedyczne.ezdrowie.gov.pl/api/rpl/medicinal-products/17596/characteristic
metylofenidat	12842	100175972	17597	Medikinet 10 mg | 10 mg | Tabletki	9737ee982064b3362834080a3ba2f988bfca4b7cb8ef388042c3ae55d6449a96	ChPL_12842_RPL17597.pdf	https://rejestrymedyczne.ezdrowie.gov.pl/api/rpl/medicinal-products/17597/characteristic
metylofenidat	12843	100175989	17598	Medikinet 20 mg | 20 mg | Tabletki	1302970b14085af7bc0e18ae3f309a8bf6d3b967da8b1abf68593aa67ab4c8af	ChPL_12843_RPL17598.pdf	https://rejestrymedyczne.ezdrowie.gov.pl/api/rpl/medicinal-products/17598/characteristic
metylofenidat	12844	100176180	17618	Medikinet CR 10 mg | 10 mg | Kapsułki o zmodyfikowanym uwalnianiu, twarde	09206ebb36a6146d96c23c2660f4b552a2fbeb24bbcb33db207bcf171f1960a8	ChPL_12844_RPL17618.pdf	https://rejestrymedyczne.ezdrowie.gov.pl/api/rpl/medicinal-products/17618/characteristic
metylofenidat	12845	100176262	17626	Medikinet CR 20 mg | 20 mg | Kapsułki o zmodyfikowanym uwalnianiu, twarde	be368ae3b03f551ed9858ba1b218b9a57aa0ddf4c53465afc8470faa5bbd5730	ChPL_12845_RPL17626.pdf	https://rejestrymedyczne.ezdrowie.gov.pl/api/rpl/medicinal-products/17626/characteristic
metylofenidat	12846	100176300	17630	Medikinet CR 30 mg | 30 mg | Kapsułki o zmodyfikowanym uwalnianiu, twarde	3baf4c08d3d1fe392b87d8c3dc1716fad4509daeffd654f95b847ca763118507	ChPL_12846_RPL17630.pdf	https://rejestrymedyczne.ezdrowie.gov.pl/api/rpl/medicinal-products/17630/characteristic
metylofenidat	12847	100176322	17632	Medikinet CR 40 mg | 40 mg | Kapsułki o zmodyfikowanym uwalnianiu, twarde	4809bfb205812067220c3d1464c3c3e69c35690e7e1e3806daed03e65a192ab8	ChPL_12847_RPL17632.pdf	https://rejestrymedyczne.ezdrowie.gov.pl/api/rpl/medicinal-products/17632/characteristic
okskarbazepina	12890	100176569	17656	Karbagen | 300 mg | Tabletki powlekane	7c1a07fcde8c0c6f4b316bb73df5a7828f76dafa8a984c92c3708561013ee777	ChPL_12890_RPL17656.pdf	https://rejestrymedyczne.ezdrowie.gov.pl/api/rpl/medicinal-products/17656/characteristic
okskarbazepina	12891	100176581	17658	Karbagen | 600 mg | Tabletki powlekane	76a40bc557d4925f86d2fcd196b8ec7c11df3557a87682a062145629f5798cf7	ChPL_12891_RPL17658.pdf	https://rejestrymedyczne.ezdrowie.gov.pl/api/rpl/medicinal-products/17658/characteristic
okskarbazepina	12892	100176546	17654	Karbagen | 150 mg | Tabletki powlekane	ae09078a5085b87f48107f32046905daae6cf72480ad2169df2444b4013b2ffc	ChPL_12892_RPL17654.pdf	https://rejestrymedyczne.ezdrowie.gov.pl/api/rpl/medicinal-products/17654/characteristic
topiramat	12893	100176598	17659	Etopro | 25 mg | Tabletki powlekane	7e69d73b88701d99e3c1bb716db81daaa21c53398ab5c405399422fdf7483de4	ChPL_12893_RPL17659.pdf	https://rejestrymedyczne.ezdrowie.gov.pl/api/rpl/medicinal-products/17659/characteristic
topiramat	12894	100176606	17660	Etopro | 50 mg | Tabletki powlekane	a610210564360c1249d9a83bfb9337b8d8cb1a622a229cc4d148c09bb2965b3b	ChPL_12894_RPL17660.pdf	https://rejestrymedyczne.ezdrowie.gov.pl/api/rpl/medicinal-products/17660/characteristic
topiramat	12895	100176629	17662	Etopro | 100 mg | Tabletki powlekane	684af66b510c2635ac6d92e0e29c323b9d33d36707ca2c07f715c73219c77271	ChPL_12895_RPL17662.pdf	https://rejestrymedyczne.ezdrowie.gov.pl/api/rpl/medicinal-products/17662/characteristic
topiramat	12896	100176641	17664	Etopro | 200 mg | Tabletki powlekane	d6f387d4334637f74183ad121fc83bf9b55fbd28447f908b0401df2f254f34df	ChPL_12896_RPL17664.pdf	https://rejestrymedyczne.ezdrowie.gov.pl/api/rpl/medicinal-products/17664/characteristic
wenlafaksyna	12897	100176233	17623	Alventa | 150 mg | Kapsułki o przedłużonym uwalnianiu, twarde	1054fe3c86183eb1c4f8db695439280d9a0a49a637e59159690c3325900889eb	ChPL_12897_RPL17623.pdf	https://rejestrymedyczne.ezdrowie.gov.pl/api/rpl/medicinal-products/17623/characteristic
wenlafaksyna	12898	100176210	17621	Alventa | 37,5 mg | Kapsułki o przedłużonym uwalnianiu, twarde	c123416953225964bd7973f0666535d8d9b0db65c2552b3660f5a4d45174f977	ChPL_12898_RPL17621.pdf	https://rejestrymedyczne.ezdrowie.gov.pl/api/rpl/medicinal-products/17621/characteristic
wenlafaksyna	12899	100176204	17620	Alventa | 75 mg | Kapsułki o przedłużonym uwalnianiu, twarde	1334ed91bd009354dd963e3fa2c11835491ea6b6bdd330f681a52a380ab68364	ChPL_12899_RPL17620.pdf	https://rejestrymedyczne.ezdrowie.gov.pl/api/rpl/medicinal-products/17620/characteristic
kwetiapina	12963	100177570	17757	Ketilept 25 mg | 25 mg | Tabletki powlekane	a5f38853e4a8d9610fd2e43ded669cc3b4132ffef614333f1ab6c17325d311f5	ChPL_12963_RPL17757.pdf	https://rejestrymedyczne.ezdrowie.gov.pl/api/rpl/medicinal-products/17757/characteristic
kwetiapina	12964	100143222	14322	Ketilept 100 mg | 100 mg | Tabletki powlekane	fddfcd50e72d56a1884700cadf3afb9260b69b8888e9e159d657464e9fe0c3cd	ChPL_12964_RPL14322.pdf	https://rejestrymedyczne.ezdrowie.gov.pl/api/rpl/medicinal-products/14322/characteristic
kwetiapina	12966	100177586	17758	Ketilept 200 mg | 200 mg | Tabletki powlekane	e0ba93638664354cea906331d6df343fbc62147074e0e9c8fbdb1b84f4ca7229	ChPL_12966_RPL17758.pdf	https://rejestrymedyczne.ezdrowie.gov.pl/api/rpl/medicinal-products/17758/characteristic
kwetiapina	12967	100177592	17759	Ketilept 300 mg | 300 mg | Tabletki powlekane	986ae9c03f8d21051bc2264f4610981bf03d727a46b7cdae54ddbc7b27dc3af0	ChPL_12967_RPL17759.pdf	https://rejestrymedyczne.ezdrowie.gov.pl/api/rpl/medicinal-products/17759/characteristic
wenlafaksyna	12999	100177646	17764	Velaxin ER 37,5 mg | 37,5 mg | Kapsułki o przedłużonym uwalnianiu	f11a73c24346d21e49d593cd60ec579fdbd23620da1007c9df8d7d58c65c6163	ChPL_12999_RPL17764.pdf	https://rejestrymedyczne.ezdrowie.gov.pl/api/rpl/medicinal-products/17764/characteristic
wenlafaksyna	14000	100177712	17771	Velaxin ER 75 mg | 75 mg | Kapsułki o przedłużonym uwalnianiu	a5004337e45751a162a6c968ec97f905c2128ee02c95008eb37f174cfe753594	ChPL_14000_RPL17771.pdf	https://rejestrymedyczne.ezdrowie.gov.pl/api/rpl/medicinal-products/17771/characteristic
wenlafaksyna	14001	100177735	17773	Velaxin ER 150 mg | 150 mg | Kapsułki o przedłużonym uwalnianiu	3563d44ef4c4c87949ab22e82f82d22a0e73e2139a2ec9e270062d5eb6a724e4	ChPL_14001_RPL17773.pdf	https://rejestrymedyczne.ezdrowie.gov.pl/api/rpl/medicinal-products/17773/characteristic
kwetiapina	14026	100132030	13203	Ketipinor | 200 mg | Tabletki powlekane	f86aac5fbd77aaa97f4fad45902deaa017428f6039d6652850c52f6868ce4179	ChPL_14026_RPL13203.pdf	https://rejestrymedyczne.ezdrowie.gov.pl/api/rpl/medicinal-products/13203/characteristic
kwetiapina	14027	100178189	17818	Ketipinor | 100 mg | Tabletki powlekane	0d0a8ecd3fb3c9ab8c8d1ae2fb741402dcaa93652c67ab5798561099b067cf85	ChPL_14027_RPL17818.pdf	https://rejestrymedyczne.ezdrowie.gov.pl/api/rpl/medicinal-products/17818/characteristic
kwetiapina	14028	100178195	17819	Ketipinor | 25 mg | Tabletki powlekane	d9498f54cb84bcf9cd5fa0be7e2a8f04f6f1278f8841944f0d67adf9c13e301f	ChPL_14028_RPL17819.pdf	https://rejestrymedyczne.ezdrowie.gov.pl/api/rpl/medicinal-products/17819/characteristic
mirtazapina	14081	100179800	17980	Remirta Oro | 30 mg | Tabletki ulegające rozpadowi w jamie ustnej	47cc568e1cf0d286d6427e5031a98fc0cb5c2921654a01e544f343dd3bcef115	ChPL_14081_RPL17980.pdf	https://rejestrymedyczne.ezdrowie.gov.pl/api/rpl/medicinal-products/17980/characteristic
mirtazapina	14082	100179823	17982	Remirta Oro | 45 mg | Tabletki ulegające rozpadowi w jamie ustnej	47cc568e1cf0d286d6427e5031a98fc0cb5c2921654a01e544f343dd3bcef115	ChPL_14082_RPL17982.pdf	https://rejestrymedyczne.ezdrowie.gov.pl/api/rpl/medicinal-products/17982/characteristic
kwetiapina	14109	100180230	18023	Kventiax 25 mg tabletki powlekane | 25 mg | Tabletki powlekane	4b67d5125773655802ec29c2d638a36b006a4edfeecda16f8990703f6df605d2	ChPL_14109_RPL18023.pdf	https://rejestrymedyczne.ezdrowie.gov.pl/api/rpl/medicinal-products/18023/characteristic
kwetiapina	14110	100180269	18026	Kventiax 100 mg tabletki powlekane | 100 mg | Tabletki powlekane	6e7d60f34a54a2058daf710f3d92194b2db38059164a262395ecbf5e9c65d882	ChPL_14110_RPL18026.pdf	https://rejestrymedyczne.ezdrowie.gov.pl/api/rpl/medicinal-products/18026/characteristic
kwetiapina	14112	100180306	18030	Kventiax 200 mg tabletki powlekane | 200 mg | Tabletki powlekane	56ae4ad0a21670a6d3445aac2827f8524937dc9545aeca3b12afcef00a1f79e3	ChPL_14112_RPL18030.pdf	https://rejestrymedyczne.ezdrowie.gov.pl/api/rpl/medicinal-products/18030/characteristic
kwetiapina	14113	100180312	18031	Kventiax 300 mg tabletki powlekane | 300 mg | Tabletki powlekane	774ec6cc40214b471d806be8f004fdb53ecf0f7f0ba62c8fc61d6927151f6dce	ChPL_14113_RPL18031.pdf	https://rejestrymedyczne.ezdrowie.gov.pl/api/rpl/medicinal-products/18031/characteristic
buspiron	14114	100099538	9953	Spamilan | 10 mg | Tabletki	c87cdd28ca2ee476d52d646726a7459e1a4f6ecf7f73ae06143605ffca88454b	ChPL_14114_RPL9953.pdf	https://rejestrymedyczne.ezdrowie.gov.pl/api/rpl/medicinal-products/9953/characteristic
buspiron	14115	100042544	4254	Spamilan | 5 mg | Tabletki	b489f179b82f47c9c20805d637fac1b920a9ae301ca0a3d11ce787a2bda25e98	ChPL_14115_RPL4254.pdf	https://rejestrymedyczne.ezdrowie.gov.pl/api/rpl/medicinal-products/4254/characteristic
mirtazapina	14136	100180364	18036	Mirtagen | 15 mg | Tabletki ulegające rozpadowi w jamie ustnej	dcff6b1a65d0be64dfd14bae8fab423075bf127b566262e854b6c031bd6a4872	ChPL_14136_RPL18036.pdf	https://rejestrymedyczne.ezdrowie.gov.pl/api/rpl/medicinal-products/18036/characteristic
mirtazapina	14137	100180370	18037	Mirtagen | 30 mg | Tabletki ulegające rozpadowi w jamie ustnej	32965c45655f3402a7cc996e992ec799c3d0b958c7fafd126090a3e1139774d0	ChPL_14137_RPL18037.pdf	https://rejestrymedyczne.ezdrowie.gov.pl/api/rpl/medicinal-products/18037/characteristic
mirtazapina	14138	100180387	18038	Mirtagen | 45 mg | Tabletki ulegające rozpadowi w jamie ustnej	b66e4cbb22ee7b595ae68d61929b41f7b149ed214980d9f9ef7b0466116e48d8	ChPL_14138_RPL18038.pdf	https://rejestrymedyczne.ezdrowie.gov.pl/api/rpl/medicinal-products/18038/characteristic
escitalopram	14283	100182660	18266	Lexapro | 10 mg | Tabletki powlekane	a4979c41879e5686695129c17ee8bfb2bb56933b41922b6c7e8b0e563ba149dd	ChPL_14283_RPL18266.pdf	https://rejestrymedyczne.ezdrowie.gov.pl/api/rpl/medicinal-products/18266/characteristic
wenlafaksyna	14350	100190256	19025	Axyven | 37,5 mg | Tabletki o przedłużonym uwalnianiu	8f3e2782aef8e15bcf6fd8d207117eddea40af96ede23acf36238635c6a4c236	ChPL_14350_RPL19025.pdf	https://rejestrymedyczne.ezdrowie.gov.pl/api/rpl/medicinal-products/19025/characteristic
wenlafaksyna	14351	100190262	19026	Axyven | 75 mg | Tabletki o przedłużonym uwalnianiu	81f86dff07b2b334b311de49afb4b2e20aaa26c0ab3190c685d047d97b9671cc	ChPL_14351_RPL19026.pdf	https://rejestrymedyczne.ezdrowie.gov.pl/api/rpl/medicinal-products/19026/characteristic
wenlafaksyna	14352	100190345	19034	Axyven | 150 mg | Tabletki o przedłużonym uwalnianiu	06ae9f04a0ccbfaa729d4b529a863f0c4dc50a1027a19479edf19407b0956665	ChPL_14352_RPL19034.pdf	https://rejestrymedyczne.ezdrowie.gov.pl/api/rpl/medicinal-products/19034/characteristic
olanzapina	14384	100190440	19044	Olanzin | 5 mg | Tabletki powlekane	3b41ee35f8cd0fecd050b4dd4501c3e60e1e4a9a468d3723f04c6cb6fd24f84c	ChPL_14384_RPL19044.pdf	https://rejestrymedyczne.ezdrowie.gov.pl/api/rpl/medicinal-products/19044/characteristic
olanzapina	14386	100190463	19046	Olanzin | 10 mg | Tabletki powlekane	887779c1cd8e05e96060ff0e2db7660676b87400aa2301906394aee9fbafc63a	ChPL_14386_RPL19046.pdf	https://rejestrymedyczne.ezdrowie.gov.pl/api/rpl/medicinal-products/19046/characteristic
olanzapina	14393	100190546	19054	Olanzapin Krka | 5 mg | Tabletki	6ba1196586c62761cd77625c716ee5b9a8f3a461a20e73b965abfd128acb8256	ChPL_14393_RPL19054.pdf	https://rejestrymedyczne.ezdrowie.gov.pl/api/rpl/medicinal-products/19054/characteristic
olanzapina	14395	100190569	19056	Olanzapin Krka | 10 mg | Tabletki	6ba1196586c62761cd77625c716ee5b9a8f3a461a20e73b965abfd128acb8256	ChPL_14395_RPL19056.pdf	https://rejestrymedyczne.ezdrowie.gov.pl/api/rpl/medicinal-products/19056/characteristic
olanzapina	14396	100190606	19060	Olanzapin Krka | 15 mg | Tabletki	6ba1196586c62761cd77625c716ee5b9a8f3a461a20e73b965abfd128acb8256	ChPL_14396_RPL19060.pdf	https://rejestrymedyczne.ezdrowie.gov.pl/api/rpl/medicinal-products/19060/characteristic
olanzapina	14397	100190612	19061	Olanzapin Krka | 20 mg | Tabletki	6ba1196586c62761cd77625c716ee5b9a8f3a461a20e73b965abfd128acb8256	ChPL_14397_RPL19061.pdf	https://rejestrymedyczne.ezdrowie.gov.pl/api/rpl/medicinal-products/19061/characteristic
olanzapina	14398	100190670	19067	Olanzapin Krka | 5 mg | Tabletki ulegające rozpadowi w jamie ustnej	ee0ff9c3e345a40ada607d0adaa302034284d4a2e52a69ffcf3ab7845e4f9abd	ChPL_14398_RPL19067.pdf	https://rejestrymedyczne.ezdrowie.gov.pl/api/rpl/medicinal-products/19067/characteristic
olanzapina	14399	100190693	19069	Olanzapin Krka | 7,5 mg | Tabletki ulegające rozpadowi w jamie ustnej	ee0ff9c3e345a40ada607d0adaa302034284d4a2e52a69ffcf3ab7845e4f9abd	ChPL_14399_RPL19069.pdf	https://rejestrymedyczne.ezdrowie.gov.pl/api/rpl/medicinal-products/19069/characteristic
olanzapina	14400	100190724	19072	Olanzapin Krka | 10 mg | Tabletki ulegające rozpadowi w jamie ustnej	ee0ff9c3e345a40ada607d0adaa302034284d4a2e52a69ffcf3ab7845e4f9abd	ChPL_14400_RPL19072.pdf	https://rejestrymedyczne.ezdrowie.gov.pl/api/rpl/medicinal-products/19072/characteristic
olanzapina	14401	100190730	19073	Olanzapin Krka | 15 mg | Tabletki ulegające rozpadowi w jamie ustnej	ee0ff9c3e345a40ada607d0adaa302034284d4a2e52a69ffcf3ab7845e4f9abd	ChPL_14401_RPL19073.pdf	https://rejestrymedyczne.ezdrowie.gov.pl/api/rpl/medicinal-products/19073/characteristic
olanzapina	14402	100190747	19074	Olanzapin Krka | 20 mg | Tabletki ulegające rozpadowi w jamie ustnej	ee0ff9c3e345a40ada607d0adaa302034284d4a2e52a69ffcf3ab7845e4f9abd	ChPL_14402_RPL19074.pdf	https://rejestrymedyczne.ezdrowie.gov.pl/api/rpl/medicinal-products/19074/characteristic
hydroksyzyna	14416	100190581	19058	Hydroxyzinum Aflofarm | 100 mg | Syrop	05f9715257b0499bf4c8e50a46c2338511c2958c5544feb2403a7b22792f8e12	ChPL_14416_RPL19058.pdf	https://rejestrymedyczne.ezdrowie.gov.pl/api/rpl/medicinal-products/19058/characteristic
olanzapina	14450	100191439	19143	Olanzapine +pharma | 10 mg | Tabletki	faaacde8274ae75b3dfadfdc21e6ae89b3990537d90bf6ae999ae7c7f1ad2b57	ChPL_14450_RPL19143.pdf	https://rejestrymedyczne.ezdrowie.gov.pl/api/rpl/medicinal-products/19143/characteristic
olanzapina	14451	100191416	19141	Olanzapine +pharma | 5 mg | Tabletki	faaacde8274ae75b3dfadfdc21e6ae89b3990537d90bf6ae999ae7c7f1ad2b57	ChPL_14451_RPL19141.pdf	https://rejestrymedyczne.ezdrowie.gov.pl/api/rpl/medicinal-products/19141/characteristic
olanzapina	14455	100191422	19142	Ranofren | 5 mg | Tabletki	e6a4b6c7f2cb4364d2e6b37e01b03a72dadce17f5e07a337607ced2a39928325	ChPL_14455_RPL19142.pdf	https://rejestrymedyczne.ezdrowie.gov.pl/api/rpl/medicinal-products/19142/characteristic
olanzapina	14456	100191445	19144	Ranofren | 10 mg | Tabletki	02835a3254ef8a134c4ff28d77e440f8d32e5b3a1335e9b239ff49c75fbaae0c	ChPL_14456_RPL19144.pdf	https://rejestrymedyczne.ezdrowie.gov.pl/api/rpl/medicinal-products/19144/characteristic
mirtazapina	14510	100192077	19207	Mirzaten Q-Tab | 45 mg | Tabletki ulegające rozpadowi w jamie ustnej	bac3c4189d2d9ba502b06b15f1ad4a4f070c2dd2ed9f7e62695545274843dedc	ChPL_14510_RPL19207.pdf	https://rejestrymedyczne.ezdrowie.gov.pl/api/rpl/medicinal-products/19207/characteristic
mirtazapina	14511	100192060	19206	Mirzaten Q-Tab | 30 mg | Tabletki ulegające rozpadowi w jamie ustnej	bac3c4189d2d9ba502b06b15f1ad4a4f070c2dd2ed9f7e62695545274843dedc	ChPL_14511_RPL19206.pdf	https://rejestrymedyczne.ezdrowie.gov.pl/api/rpl/medicinal-products/19206/characteristic
mirtazapina	14512	100192054	19205	Mirzaten Q-Tab | 15 mg | Tabletki ulegające rozpadowi w jamie ustnej	bac3c4189d2d9ba502b06b15f1ad4a4f070c2dd2ed9f7e62695545274843dedc	ChPL_14512_RPL19205.pdf	https://rejestrymedyczne.ezdrowie.gov.pl/api/rpl/medicinal-products/19205/characteristic
topiramat	14664	100075147	7514	Epitoram | 200 mg | Tabletki powlekane	2110bb251f90cf2a7cb984ed7a4d9204fd0d113aad78a3b9bf82378a3e4c2cf8	ChPL_14664_RPL7514.pdf	https://rejestrymedyczne.ezdrowie.gov.pl/api/rpl/medicinal-products/7514/characteristic
topiramat	14665	100071474	7147	Epitoram | 100 mg | Tabletki powlekane	2110bb251f90cf2a7cb984ed7a4d9204fd0d113aad78a3b9bf82378a3e4c2cf8	ChPL_14665_RPL7147.pdf	https://rejestrymedyczne.ezdrowie.gov.pl/api/rpl/medicinal-products/7147/characteristic
topiramat	14666	100062328	6232	Epitoram | 50 mg | Tabletki powlekane	2110bb251f90cf2a7cb984ed7a4d9204fd0d113aad78a3b9bf82378a3e4c2cf8	ChPL_14666_RPL6232.pdf	https://rejestrymedyczne.ezdrowie.gov.pl/api/rpl/medicinal-products/6232/characteristic
topiramat	14667	100022375	2237	Epitoram | 25 mg | Tabletki powlekane	2110bb251f90cf2a7cb984ed7a4d9204fd0d113aad78a3b9bf82378a3e4c2cf8	ChPL_14667_RPL2237.pdf	https://rejestrymedyczne.ezdrowie.gov.pl/api/rpl/medicinal-products/2237/characteristic
hydroksyzyna	14680	100194917	19491	Hydroxyzinum Espefa | 10 mg/5 ml | Syrop	997960be33a673fc18e80f5cd191d6c9c7eed13166b2b11eb75020891e1b8f55	ChPL_14680_RPL19491.pdf	https://rejestrymedyczne.ezdrowie.gov.pl/api/rpl/medicinal-products/19491/characteristic
metylofenidat	14751	100196827	19682	Concerta | 18 mg | Tabletki o przedłużonym uwalnianiu	ac7d6ad6bb552a69d24a3e434a1ee6e7fac95c928842aabb3df445aa75e0707f	ChPL_14751_RPL19682.pdf	https://rejestrymedyczne.ezdrowie.gov.pl/api/rpl/medicinal-products/19682/characteristic
metylofenidat	14752	100196833	19683	Concerta | 36 mg | Tabletki o przedłużonym uwalnianiu	44f6979592ec8de01f265f1500e6fb3054740aea6704ccae05c5b2ac891a8b10	ChPL_14752_RPL19683.pdf	https://rejestrymedyczne.ezdrowie.gov.pl/api/rpl/medicinal-products/19683/characteristic
alprazolam	14767	100196879	19687	Zomiren SR | 0,5 mg | Tabletki o zmodyfikowanym uwalnianiu	578dd02de70f82110089f0cde742a9d534ae3a7eab8cdab3d7d570fe35817326	ChPL_14767_RPL19687.pdf	https://rejestrymedyczne.ezdrowie.gov.pl/api/rpl/medicinal-products/19687/characteristic
alprazolam	14768	100196885	19688	Zomiren SR | 1 mg | Tabletki o zmodyfikowanym uwalnianiu	578dd02de70f82110089f0cde742a9d534ae3a7eab8cdab3d7d570fe35817326	ChPL_14768_RPL19688.pdf	https://rejestrymedyczne.ezdrowie.gov.pl/api/rpl/medicinal-products/19688/characteristic
donepezil	14799	100197330	19733	Donesyn | 10 mg | Tabletki powlekane	9566f7f4d33341c0289d9c3cfbbed75f672d79612d730904cabfe6ba1364d74d	ChPL_14799_RPL19733.pdf	https://rejestrymedyczne.ezdrowie.gov.pl/api/rpl/medicinal-products/19733/characteristic
donepezil	14804	100197324	19732	Donesyn | 5 mg | Tabletki powlekane	9566f7f4d33341c0289d9c3cfbbed75f672d79612d730904cabfe6ba1364d74d	ChPL_14804_RPL19732.pdf	https://rejestrymedyczne.ezdrowie.gov.pl/api/rpl/medicinal-products/19732/characteristic
sertralina	14879	100199116	19911	Sertranorm | 100 mg | Tabletki powlekane	7fbb8b02e0ecfee6afdfa8df2e980b7959a8b66f313c1d7359c98901b92e6cb3	ChPL_14879_RPL19911.pdf	https://rejestrymedyczne.ezdrowie.gov.pl/api/rpl/medicinal-products/19911/characteristic
sertralina	14880	100199085	19908	Sertranorm | 50 mg | Tabletki powlekane	e627d8d3565986c633e05b60f7de8b5364c8234c7f88f9ad3b171d91e35ead2b	ChPL_14880_RPL19908.pdf	https://rejestrymedyczne.ezdrowie.gov.pl/api/rpl/medicinal-products/19908/characteristic
topiramat	14935	100200411	20041	Toramat | 25 mg | Tabletki powlekane	5389481e056f9949d3e153b32d54cbee0bceaa79721bae8d0393073da6d398fb	ChPL_14935_RPL20041.pdf	https://rejestrymedyczne.ezdrowie.gov.pl/api/rpl/medicinal-products/20041/characteristic
topiramat	14936	100200167	20016	Toramat | 50 mg | Tabletki powlekane	adbe5c1a96eaabbc7b70e65a1112cac99e3f23ea3cceefe1cd8db7203530c5c2	ChPL_14936_RPL20016.pdf	https://rejestrymedyczne.ezdrowie.gov.pl/api/rpl/medicinal-products/20016/characteristic
topiramat	14937	100200227	20022	Toramat | 100 mg | Tabletki powlekane	64989ac4ae99bedce53906b55a874269ee42cdec78c5758557bbeb05415064bb	ChPL_14937_RPL20022.pdf	https://rejestrymedyczne.ezdrowie.gov.pl/api/rpl/medicinal-products/20022/characteristic
topiramat	14938	100200405	20040	Toramat | 200 mg | Tabletki powlekane	eea65ebedc8d80e8bae73eadc5096dce2adc269f01616337f1c6fc4a605a692a	ChPL_14938_RPL20040.pdf	https://rejestrymedyczne.ezdrowie.gov.pl/api/rpl/medicinal-products/20040/characteristic
wenlafaksyna	15000	100201860	20186	Venlafaxine Aurovitas | 37,5 mg | Kapsułki o przedłużonym uwalnianiu, twarde	319c386b6c1446cc87d71cd6f23cbb17e8a3f47fd4fe3ad6c4d1d519ef5c7d50	ChPL_15000_RPL20186.pdf	https://rejestrymedyczne.ezdrowie.gov.pl/api/rpl/medicinal-products/20186/characteristic
wenlafaksyna	15001	100201876	20187	Venlafaxine Aurovitas | 75 mg | Kapsułki o przedłużonym uwalnianiu, twarde	b387210e6c95774d4d16b62dfc20e6aaf8178d918e9f8595c7b3fb4e0ce070f3	ChPL_15001_RPL20187.pdf	https://rejestrymedyczne.ezdrowie.gov.pl/api/rpl/medicinal-products/20187/characteristic
wenlafaksyna	15002	100201882	20188	Venlafaxine Aurovitas | 150 mg | Kapsułki o przedłużonym uwalnianiu, twarde	77f37b099c29ea19328a8263ffd2134b684f952e2f918c08e1d692632117f20c	ChPL_15002_RPL20188.pdf	https://rejestrymedyczne.ezdrowie.gov.pl/api/rpl/medicinal-products/20188/characteristic
hydroksyzyna	15087	100175535	17553	Hydroxyzinum Espefa | 25 mg | Tabletki powlekane	f797a08c4cd7210e1f9d2ba89221c6a4ca4a07b3177c900f5d7b0fea5a7c01e9	ChPL_15087_RPL17553.pdf	https://rejestrymedyczne.ezdrowie.gov.pl/api/rpl/medicinal-products/17553/characteristic
ziprasidon	15090	100172287	17228	Zypsila | 20 mg | Kapsułki twarde	98987793f83c5f8d3ee6291b28383d9b62cb0beb276e3eef96a0bd7ccb87692b	ChPL_15090_RPL17228.pdf	https://rejestrymedyczne.ezdrowie.gov.pl/api/rpl/medicinal-products/17228/characteristic
ziprasidon	15091	100204461	20446	Zypsila | 40 mg | Kapsułki twarde	614ccfb177737b020cd9c0f7912bdfed6cdc52ed459b64eaab0c69066d4ebe1a	ChPL_15091_RPL20446.pdf	https://rejestrymedyczne.ezdrowie.gov.pl/api/rpl/medicinal-products/20446/characteristic
ziprasidon	15092	100204426	20442	Zypsila | 60 mg | Kapsułki twarde	b8dbfd0aceb33a6e56d50aa769743dfda12fb3ae735b7f76719f1c3142fde653	ChPL_15092_RPL20442.pdf	https://rejestrymedyczne.ezdrowie.gov.pl/api/rpl/medicinal-products/20442/characteristic
ziprasidon	15093	100204455	20445	Zypsila | 80 mg | Kapsułki twarde	4dfa24a9c0bb278b66ea776064b50b37f32639a9584dba87ed2fd8174a7f13f4	ChPL_15093_RPL20445.pdf	https://rejestrymedyczne.ezdrowie.gov.pl/api/rpl/medicinal-products/20445/characteristic
donepezil	15140	100205911	20591	Donectil | 5 mg | Tabletki powlekane	bafc51c0c2384fbfe51f47ca600c3605da12ed9e58c6989ba5c9c48e8030b71c	ChPL_15140_RPL20591.pdf	https://rejestrymedyczne.ezdrowie.gov.pl/api/rpl/medicinal-products/20591/characteristic
donepezil	15141	100205940	20594	Donectil | 10 mg | Tabletki powlekane	c3fa2e59782c1bbaa5c934ff18c1b19025a904492cbefd7feed0768d93211352	ChPL_15141_RPL20594.pdf	https://rejestrymedyczne.ezdrowie.gov.pl/api/rpl/medicinal-products/20594/characteristic
donepezil	15197	100206980	20698	Donecept | 5 mg | Tabletki powlekane	4a4bb5e23adec3cc9cfb0e348baa01b9607e7479a250d53a767b3bcaef135042	ChPL_15197_RPL20698.pdf	https://rejestrymedyczne.ezdrowie.gov.pl/api/rpl/medicinal-products/20698/characteristic
donepezil	15198	100207011	20701	Donecept | 10 mg | Tabletki powlekane	ac09a79372019e7de322ead9a20dd970893acc57b26027e09649e417ce2343fa	ChPL_15198_RPL20701.pdf	https://rejestrymedyczne.ezdrowie.gov.pl/api/rpl/medicinal-products/20701/characteristic
wenlafaksyna	15210	100207399	20739	Faxolet ER | 37,5 mg | Kapsułki o przedłużonym uwalnianiu, twarde	2688e1a33f9eb955b70ff35a4b379bfab1df73ccd9050125101c021967fb171c	ChPL_15210_RPL20739.pdf	https://rejestrymedyczne.ezdrowie.gov.pl/api/rpl/medicinal-products/20739/characteristic
wenlafaksyna	15211	100207420	20742	Faxolet ER | 75 mg | Kapsułki o przedłużonym uwalnianiu, twarde	c97063ad6dd381e07ccb7a03fb7c0b06811245afcd30d754b60ac46231fc5b3f	ChPL_15211_RPL20742.pdf	https://rejestrymedyczne.ezdrowie.gov.pl/api/rpl/medicinal-products/20742/characteristic
wenlafaksyna	15212	100207413	20741	Faxolet ER | 150 mg | Kapsułki o przedłużonym uwalnianiu, twarde	2261dd04c1856020b032607aa68265d2f356701e42a69e9da7aeca1ca6c9fe5b	ChPL_15212_RPL20741.pdf	https://rejestrymedyczne.ezdrowie.gov.pl/api/rpl/medicinal-products/20741/characteristic
kwetiapina	15238	100206537	20653	Kwetaplex | 25 mg | Tabletki powlekane	44deddc73e2f9ea53dfd4131943936b52b0760aff9cca58a3400873d59e7e55f	ChPL_15238_RPL20653.pdf	https://rejestrymedyczne.ezdrowie.gov.pl/api/rpl/medicinal-products/20653/characteristic
kwetiapina	15239	100206543	20654	Kwetaplex | 100 mg | Tabletki powlekane	44deddc73e2f9ea53dfd4131943936b52b0760aff9cca58a3400873d59e7e55f	ChPL_15239_RPL20654.pdf	https://rejestrymedyczne.ezdrowie.gov.pl/api/rpl/medicinal-products/20654/characteristic
kwetiapina	15240	100206572	20657	Kwetaplex | 150 mg | Tabletki powlekane	44deddc73e2f9ea53dfd4131943936b52b0760aff9cca58a3400873d59e7e55f	ChPL_15240_RPL20657.pdf	https://rejestrymedyczne.ezdrowie.gov.pl/api/rpl/medicinal-products/20657/characteristic
kwetiapina	15241	100206595	20659	Kwetaplex | 200 mg | Tabletki powlekane	44deddc73e2f9ea53dfd4131943936b52b0760aff9cca58a3400873d59e7e55f	ChPL_15241_RPL20659.pdf	https://rejestrymedyczne.ezdrowie.gov.pl/api/rpl/medicinal-products/20659/characteristic
kwetiapina	15242	100206566	20656	Kwetaplex | 300 mg | Tabletki powlekane	44deddc73e2f9ea53dfd4131943936b52b0760aff9cca58a3400873d59e7e55f	ChPL_15242_RPL20656.pdf	https://rejestrymedyczne.ezdrowie.gov.pl/api/rpl/medicinal-products/20656/characteristic
risperidon	15257	100207086	20708	Orizon | 1 mg/ml | Roztwór doustny	6ea4494fa909eaa0bcd57e57c09992bff664fbd0836cb5ed619fcfc145ad5df0	ChPL_15257_RPL20708.pdf	https://rejestrymedyczne.ezdrowie.gov.pl/api/rpl/medicinal-products/20708/characteristic
zolpidem	15506	100210600	21060	Noxizol | 10 mg | Tabletki powlekane	e65cb25a52eb3a94a92eba11a87fee8b99e63760f307f4383727c771cbfe8a4b	ChPL_15506_RPL21060.pdf	https://rejestrymedyczne.ezdrowie.gov.pl/api/rpl/medicinal-products/21060/characteristic
zolpidem	15586	100211596	21159	Onirex | 10 mg | Tabletki powlekane	189f2698370b718fe9a5db3f25b2b21878d97b7434f812186cd2fb83b814c618	ChPL_15586_RPL21159.pdf	https://rejestrymedyczne.ezdrowie.gov.pl/api/rpl/medicinal-products/21159/characteristic
topiramat	15632	100212609	21260	Oritop | 25 mg | Tabletki powlekane	fb1532fd0031108b36e161257d69119f83f0006f34f9852ffa4b48ae414f0202	ChPL_15632_RPL21260.pdf	https://rejestrymedyczne.ezdrowie.gov.pl/api/rpl/medicinal-products/21260/characteristic
topiramat	15633	100212644	21264	Oritop | 50 mg | Tabletki powlekane	e3f5070121006e477f63ef155b3cf70727fa85b395581b141e3d039077d54fcd	ChPL_15633_RPL21264.pdf	https://rejestrymedyczne.ezdrowie.gov.pl/api/rpl/medicinal-products/21264/characteristic
topiramat	15634	100212650	21265	Oritop | 100 mg | Tabletki powlekane	fb6e06cab082c933d12ab85ecd1b04ba58faed3a58df188a952535d4dad7cf5c	ChPL_15634_RPL21265.pdf	https://rejestrymedyczne.ezdrowie.gov.pl/api/rpl/medicinal-products/21265/characteristic
wenlafaksyna	15686	100212704	21270	Venlafaxine Actavis | 37,5 mg | Kapsułki o przedłużonym uwalnianiu, twarde	0ac5a47f2b6c78061855b7aec6c1886236139e23d07e2d8a748dcac10ffd1a87	ChPL_15686_RPL21270.pdf	https://rejestrymedyczne.ezdrowie.gov.pl/api/rpl/medicinal-products/21270/characteristic
wenlafaksyna	15687	100212740	21274	Venlafaxine Actavis | 75 mg | Kapsułki o przedłużonym uwalnianiu, twarde	1e8aeab0fb62b4465705e430343bf8316c34893dd75ff12b8dffd9d12d876f2f	ChPL_15687_RPL21274.pdf	https://rejestrymedyczne.ezdrowie.gov.pl/api/rpl/medicinal-products/21274/characteristic
wenlafaksyna	15688	100212733	21273	Venlafaxine Actavis | 150 mg | Kapsułki o przedłużonym uwalnianiu, twarde	508bc2914f3fd118022a5fcd0af1833f6b14ab1f74db5c1df560bc7d56400a3c	ChPL_15688_RPL21273.pdf	https://rejestrymedyczne.ezdrowie.gov.pl/api/rpl/medicinal-products/21273/characteristic
kwetiapina	15736	100214169	21416	Kefrenex | 25 mg | Tabletki powlekane	f228114dba8191043a283be914b50278bebdb30f6764af783da4cc20ba627bef	ChPL_15736_RPL21416.pdf	https://rejestrymedyczne.ezdrowie.gov.pl/api/rpl/medicinal-products/21416/characteristic
kwetiapina	15737	100214198	21419	Kefrenex | 100 mg | Tabletki powlekane	6072ceb71f5dc9658222c3a378edee955af7053556aea9210f4ceb2a5a7c1168	ChPL_15737_RPL21419.pdf	https://rejestrymedyczne.ezdrowie.gov.pl/api/rpl/medicinal-products/21419/characteristic
kwetiapina	15738	100214212	21421	Kefrenex | 200 mg | Tabletki powlekane	f14b7ab6a13579e3d70ac3e2104c22595704aecbb1c78e36777691837bd4a898	ChPL_15738_RPL21421.pdf	https://rejestrymedyczne.ezdrowie.gov.pl/api/rpl/medicinal-products/21421/characteristic
kwetiapina	15740	100214175	21417	Kefrenex | 300 mg | Tabletki powlekane	89ebcb0433a3d33e3f770d56cc6f9f8fe43d9b21b174af8f36d4e03e1d800c4e	ChPL_15740_RPL21417.pdf	https://rejestrymedyczne.ezdrowie.gov.pl/api/rpl/medicinal-products/21417/characteristic
wenlafaksyna	15756	100213661	21366	Faxigen XL 37,5 mg | 37,5 mg | Kapsułki o przedłużonym uwalnianiu, twarde	6b8156f1604be137712041f62281d51c5421b2f147faedbff821d5e8a91413e0	ChPL_15756_RPL21366.pdf	https://rejestrymedyczne.ezdrowie.gov.pl/api/rpl/medicinal-products/21366/characteristic
wenlafaksyna	15757	100213709	21370	Faxigen XL 75 mg | 75 mg | Kapsułki o przedłużonym uwalnianiu, twarde	dca4eeac1a34931f83ce722bf6bff54a0a60f875a64dcde3dbb5912676c697cd	ChPL_15757_RPL21370.pdf	https://rejestrymedyczne.ezdrowie.gov.pl/api/rpl/medicinal-products/21370/characteristic
wenlafaksyna	15758	100213721	21372	Faxigen XL 150 mg | 150 mg | Kapsułki o przedłużonym uwalnianiu, twarde	1aea16613e599712b513986e0d5b4a910d6e7b8da41f541bef16a8cd8aff7646	ChPL_15758_RPL21372.pdf	https://rejestrymedyczne.ezdrowie.gov.pl/api/rpl/medicinal-products/21372/characteristic
kwetiapina	15759	100213543	21354	Bonogren | 25 mg | Tabletki powlekane	450c11ea7d5bc52acfee30646422d8a22a46adf84e0ed9591bf3d289fdbdbaed	ChPL_15759_RPL21354.pdf	https://rejestrymedyczne.ezdrowie.gov.pl/api/rpl/medicinal-products/21354/characteristic
kwetiapina	15760	100213655	21365	Bonogren | 100 mg | Tabletki powlekane	5766ac69441f7d15c3c42862739b289388c2c4d17af7f275a1727c8ee8b5e4ae	ChPL_15760_RPL21365.pdf	https://rejestrymedyczne.ezdrowie.gov.pl/api/rpl/medicinal-products/21365/characteristic
kwetiapina	15762	100213715	21371	Bonogren | 200 mg | Tabletki powlekane	9f99f40e0e08776e2df1b9539978ae56b158d74061635cbda6fe59656db1e346	ChPL_15762_RPL21371.pdf	https://rejestrymedyczne.ezdrowie.gov.pl/api/rpl/medicinal-products/21371/characteristic
kwetiapina	15763	100213738	21373	Bonogren | 300 mg | Tabletki powlekane	f8a0f154cad576b8487b8c660015f128fc279a88734bc8f5eb9f14036c2b78ca	ChPL_15763_RPL21373.pdf	https://rejestrymedyczne.ezdrowie.gov.pl/api/rpl/medicinal-products/21373/characteristic
risperidon	15772	100213916	21391	Ryspolit | 1 mg/ml | Roztwór doustny	0098433647605281f38f7f311fc03f333fcf7fa1b044f8a54291c00ce6914ba7	ChPL_15772_RPL21391.pdf	https://rejestrymedyczne.ezdrowie.gov.pl/api/rpl/medicinal-products/21391/characteristic
wenlafaksyna	15870	100215430	21543	Prefaxine | 37,5 mg | Kapsułki o przedłużonym uwalnianiu, twarde	af60ea3b7236d86740889cb985b5848415d49570fd75ea145cef243da740911c	ChPL_15870_RPL21543.pdf	https://rejestrymedyczne.ezdrowie.gov.pl/api/rpl/medicinal-products/21543/characteristic
wenlafaksyna	15871	100215447	21544	Prefaxine | 75 mg | Kapsułki o przedłużonym uwalnianiu, twarde	3c35918858036a7d685a26f9ed4de68c41bf56d71b8b74567fa623bf3b8cf645	ChPL_15871_RPL21544.pdf	https://rejestrymedyczne.ezdrowie.gov.pl/api/rpl/medicinal-products/21544/characteristic
wenlafaksyna	15872	100215453	21545	Prefaxine | 150 mg | Kapsułki o przedłużonym uwalnianiu, twarde	c193411782555a1309c0c276e344ce66d8ce41c697b14908e1d4d4ee31d7818b	ChPL_15872_RPL21545.pdf	https://rejestrymedyczne.ezdrowie.gov.pl/api/rpl/medicinal-products/21545/characteristic
escitalopram	15989	100216820	21682	Mozarin | 10 mg | Tabletki powlekane	77f056dd0cbe4108867fa63e204ccbdbb5bd79997990ee97796050337f2606e2	ChPL_15989_RPL21682.pdf	https://rejestrymedyczne.ezdrowie.gov.pl/api/rpl/medicinal-products/21682/characteristic
escitalopram	15990	100216814	21681	Mozarin | 15 mg | Tabletki powlekane	77f056dd0cbe4108867fa63e204ccbdbb5bd79997990ee97796050337f2606e2	ChPL_15990_RPL21681.pdf	https://rejestrymedyczne.ezdrowie.gov.pl/api/rpl/medicinal-products/21681/characteristic
escitalopram	15991	100216843	21684	Mozarin | 20 mg | Tabletki powlekane	77f056dd0cbe4108867fa63e204ccbdbb5bd79997990ee97796050337f2606e2	ChPL_15991_RPL21684.pdf	https://rejestrymedyczne.ezdrowie.gov.pl/api/rpl/medicinal-products/21684/characteristic
kwetiapina	16017	100217535	21753	Setinin | 25 mg | Tabletki powlekane	cca6b2e91e28753ac43ce0956a7b6f7347ba392b25336f3d6cc9fa48d0e3a2c6	ChPL_16017_RPL21753.pdf	https://rejestrymedyczne.ezdrowie.gov.pl/api/rpl/medicinal-products/21753/characteristic
kwetiapina	16018	100217541	21754	Setinin | 100 mg | Tabletki powlekane	447572739b1a4f20e2f4ee353ee1f71ad3513d3489695b34a56eda0ed090254e	ChPL_16018_RPL21754.pdf	https://rejestrymedyczne.ezdrowie.gov.pl/api/rpl/medicinal-products/21754/characteristic
kwetiapina	16020	100217587	21758	Setinin | 200 mg | Tabletki powlekane	88a2e78a65687c51307e645a9f60873016274758c13cc847316a7820abe7255f	ChPL_16020_RPL21758.pdf	https://rejestrymedyczne.ezdrowie.gov.pl/api/rpl/medicinal-products/21758/characteristic
kwetiapina	16021	100217593	21759	Setinin | 300 mg | Tabletki powlekane	476cda47bc5210e3ec544300527958ab59ac64aa40bd590f8c46c2d1d885eacc	ChPL_16021_RPL21759.pdf	https://rejestrymedyczne.ezdrowie.gov.pl/api/rpl/medicinal-products/21759/characteristic
fluoksetyna	16055	100218530	21853	Fluxemed | 20 mg | Kapsułki twarde	b42f74ed23af5bbd60db97e305f4df920e5ef100de1edf061d3dda2cd4ea2dbd	ChPL_16055_RPL21853.pdf	https://rejestrymedyczne.ezdrowie.gov.pl/api/rpl/medicinal-products/21853/characteristic
escitalopram	16116	100217848	21784	Escitil | 10 mg | Tabletki powlekane	fdc5e5792752b16c365e6089136b92743b728724edae096d696c752c0846aba7	ChPL_16116_RPL21784.pdf	https://rejestrymedyczne.ezdrowie.gov.pl/api/rpl/medicinal-products/21784/characteristic
escitalopram	16118	100217819	21781	Escitil | 20 mg | Tabletki powlekane	94bd6ad0487c9c1cf7d77302cd20dab7db53fe670dd736c7b9dc7ea20925f47d	ChPL_16118_RPL21781.pdf	https://rejestrymedyczne.ezdrowie.gov.pl/api/rpl/medicinal-products/21781/characteristic
escitalopram	16154	100219586	21958	Elicea | 5 mg | Tabletki powlekane	b223278ec4648dcdd3b4dbf63032a1de28769ed7104af2156c38b5edbbdfab0b	ChPL_16154_RPL21958.pdf	https://rejestrymedyczne.ezdrowie.gov.pl/api/rpl/medicinal-products/21958/characteristic
escitalopram	16155	100219592	21959	Elicea | 10 mg | Tabletki powlekane	a839732bfa72e33cee4fc88c935dc05187e5f980600491506cf11ac1b73a14cf	ChPL_16155_RPL21959.pdf	https://rejestrymedyczne.ezdrowie.gov.pl/api/rpl/medicinal-products/21959/characteristic
escitalopram	16156	100219600	21960	Elicea | 20 mg | Tabletki powlekane	da99392238de7d252534f1f44bd44f600b177fbc4cbf07f1ab90f0bc1f0d3838	ChPL_16156_RPL21960.pdf	https://rejestrymedyczne.ezdrowie.gov.pl/api/rpl/medicinal-products/21960/characteristic
escitalopram	16170	100219280	21928	Depralin | 10 mg | Tabletki powlekane	462471c7509bbebdc07582ec2e924c36ac98d68aee191cfb14c1af6c433f8e66	ChPL_16170_RPL21928.pdf	https://rejestrymedyczne.ezdrowie.gov.pl/api/rpl/medicinal-products/21928/characteristic
citalopram	16319	100222588	22258	Citaxin | 20 mg | Tabletki powlekane	ad2cfaa6065c8012b0eb168e6a4b757ac9c56cd0b18fc33bcc1a56401be59295	ChPL_16319_RPL22258.pdf	https://rejestrymedyczne.ezdrowie.gov.pl/api/rpl/medicinal-products/22258/characteristic
escitalopram	16362	100221554	22155	Aciprex | 10 mg | Tabletki powlekane	a4e00462dee599c4aa930e91194d7de3f073f759351e96706669e812aa684f5f	ChPL_16362_RPL22155.pdf	https://rejestrymedyczne.ezdrowie.gov.pl/api/rpl/medicinal-products/22155/characteristic
amisulpryd	16388	100222335	22233	Amisan | 50 mg | Tabletki	98ed5e1a5a25021f6155b11cd97530717a0de247a7d065f149342cd095ade3ac	ChPL_16388_RPL22233.pdf	https://rejestrymedyczne.ezdrowie.gov.pl/api/rpl/medicinal-products/22233/characteristic
amisulpryd	16390	100222364	22236	Amisan | 200 mg | Tabletki	730d630a4f454e3a50867900b87b45e9831b17a5d8d8b736365c5cdfaf371272	ChPL_16390_RPL22236.pdf	https://rejestrymedyczne.ezdrowie.gov.pl/api/rpl/medicinal-products/22236/characteristic
amisulpryd	16391	100222370	22237	Amisan | 400 mg | Tabletki powlekane	45305d6958420558651d46b4e3416935f0b0a5335092b0ef719f9d7ba95caaae	ChPL_16391_RPL22237.pdf	https://rejestrymedyczne.ezdrowie.gov.pl/api/rpl/medicinal-products/22237/characteristic
olanzapina	16452	100222430	22243	Olanzapine Lekam | 5 mg | Tabletki ulegające rozpadowi w jamie ustnej	765ac741d485ce139b5476c3d27b4ea284a3535dad58eea6295a1ae51793dd14	ChPL_16452_RPL22243.pdf	https://rejestrymedyczne.ezdrowie.gov.pl/api/rpl/medicinal-products/22243/characteristic
olanzapina	16453	100222453	22245	Olanzapine Lekam | 10 mg | Tabletki ulegające rozpadowi w jamie ustnej	765ac741d485ce139b5476c3d27b4ea284a3535dad58eea6295a1ae51793dd14	ChPL_16453_RPL22245.pdf	https://rejestrymedyczne.ezdrowie.gov.pl/api/rpl/medicinal-products/22245/characteristic
olanzapina	16454	100222476	22247	Olanzapine Lekam | 15 mg | Tabletki ulegające rozpadowi w jamie ustnej	765ac741d485ce139b5476c3d27b4ea284a3535dad58eea6295a1ae51793dd14	ChPL_16454_RPL22247.pdf	https://rejestrymedyczne.ezdrowie.gov.pl/api/rpl/medicinal-products/22247/characteristic
olanzapina	16455	100222482	22248	Olanzapine Lekam | 20 mg | Tabletki ulegające rozpadowi w jamie ustnej	765ac741d485ce139b5476c3d27b4ea284a3535dad58eea6295a1ae51793dd14	ChPL_16455_RPL22248.pdf	https://rejestrymedyczne.ezdrowie.gov.pl/api/rpl/medicinal-products/22248/characteristic
wenlafaksyna	16475	100223659	22365	Venlafaxine Bluefish XL | 75 mg | Kapsułki o przedłużonym uwalnianiu, twarde	42a971d30314607153805af66559eecfe8b8e550f7ca5294c6f3adca46bec381	ChPL_16475_RPL22365.pdf	https://rejestrymedyczne.ezdrowie.gov.pl/api/rpl/medicinal-products/22365/characteristic
wenlafaksyna	16476	100223665	22366	Venlafaxine Bluefish XL | 150 mg | Kapsułki o przedłużonym uwalnianiu, twarde	976c17b92834a519a00334594138dc7767e41fca3f951bec61f34c415f0cf154	ChPL_16476_RPL22366.pdf	https://rejestrymedyczne.ezdrowie.gov.pl/api/rpl/medicinal-products/22366/characteristic
olanzapina	16498	100123857	12385	Olanzaran | 10 mg | Tabletki	fee1cf527da3992419850dcc558f3a84e3ad1330ec91765f1e21e3f877e5f784	ChPL_16498_RPL12385.pdf	https://rejestrymedyczne.ezdrowie.gov.pl/api/rpl/medicinal-products/12385/characteristic
olanzapina	16500	100223524	22352	Olanzaran | 10 mg | Tabletki ulegające rozpadowi w jamie ustnej	769cba08cfe62c4961756773bcba9383ffa6ea6685033a3e51339c95d65bb5cb	ChPL_16500_RPL22352.pdf	https://rejestrymedyczne.ezdrowie.gov.pl/api/rpl/medicinal-products/22352/characteristic
olanzapina	16505	100123840	12384	Olanzaran | 5 mg | Tabletki	fee1cf527da3992419850dcc558f3a84e3ad1330ec91765f1e21e3f877e5f784	ChPL_16505_RPL12384.pdf	https://rejestrymedyczne.ezdrowie.gov.pl/api/rpl/medicinal-products/12384/characteristic
estazolam	16626	100225115	22511	Estazolam Espefa | 2 mg | Tabletki	a61ff7598b4f3f855a11bcf2b2def5aac921a23a8cc24005fe14b1e8647db709	ChPL_16626_RPL22511.pdf	https://rejestrymedyczne.ezdrowie.gov.pl/api/rpl/medicinal-products/22511/characteristic
riwastygmina	16644	100226758	22675	Rivastigmin Orion | 1,5 mg | Kapsułki twarde	761962e4c47e8a1c1b37ee999cce8b4d5182abf2d938202a24691c99e18a3b32	ChPL_16644_RPL22675.pdf	https://rejestrymedyczne.ezdrowie.gov.pl/api/rpl/medicinal-products/22675/characteristic
riwastygmina	16645	100226764	22676	Rivastigmin Orion | 3 mg | Kapsułki twarde	fe43a653e590397376ef9a5dfa5d6f461bb026c10527d80661cdb8e5e0951876	ChPL_16645_RPL22676.pdf	https://rejestrymedyczne.ezdrowie.gov.pl/api/rpl/medicinal-products/22676/characteristic
riwastygmina	16646	100226770	22677	Rivastigmin Orion | 4,5 mg | Kapsułki twarde	d0b2bf113a7d4181377c5246c1429602bf2436fdcc0a43803add439058c28e0b	ChPL_16646_RPL22677.pdf	https://rejestrymedyczne.ezdrowie.gov.pl/api/rpl/medicinal-products/22677/characteristic
riwastygmina	16647	100226787	22678	Rivastigmin Orion | 6 mg | Kapsułki twarde	6035159c9727a5e94096fcb73538fdf9b82bf1e42feb8cc8b7596a4f53d789eb	ChPL_16647_RPL22678.pdf	https://rejestrymedyczne.ezdrowie.gov.pl/api/rpl/medicinal-products/22678/characteristic
olanzapina	16676	100225546	22554	Zolafren-Swift | 20 mg | Tabletki ulegające rozpadowi w jamie ustnej	effdd8c39ee0119a06f7facd5d22cb28bc3f8dd9d8c5603999c8ca7b05342da7	ChPL_16676_RPL22554.pdf	https://rejestrymedyczne.ezdrowie.gov.pl/api/rpl/medicinal-products/22554/characteristic
olanzapina	16677	100225523	22552	Zolafren-Swift | 15 mg | Tabletki ulegające rozpadowi w jamie ustnej	9301817c29a4f7bfee6e429341c51991bfceaf05bc85479b6b9762356e54fe49	ChPL_16677_RPL22552.pdf	https://rejestrymedyczne.ezdrowie.gov.pl/api/rpl/medicinal-products/22552/characteristic
olanzapina	16678	100225492	22549	Zolafren-Swift | 10 mg | Tabletki ulegające rozpadowi w jamie ustnej	9c9cb5c3c68694f8a984662d8b570ff54277e32f0e4d5fbe2a8c5b582761ef10	ChPL_16678_RPL22549.pdf	https://rejestrymedyczne.ezdrowie.gov.pl/api/rpl/medicinal-products/22549/characteristic
olanzapina	16679	100225470	22547	Zolafren-Swift | 5 mg | Tabletki ulegające rozpadowi w jamie ustnej	c9b7d6e7677b91b333e3b7f3ad7b757da96bb5f4b6da7e2010640535d07fb875	ChPL_16679_RPL22547.pdf	https://rejestrymedyczne.ezdrowie.gov.pl/api/rpl/medicinal-products/22547/characteristic
fluoksetyna	16702	100225954	22595	Fluoksetyna EGIS | 10 mg | Kapsułki twarde	ae807ff6bfa12494066122ca0321d8b882e6b1cde051a1dab11416d5050db379	ChPL_16702_RPL22595.pdf	https://rejestrymedyczne.ezdrowie.gov.pl/api/rpl/medicinal-products/22595/characteristic
fluoksetyna	16703	100225983	22598	Fluoksetyna EGIS | 20 mg | Kapsułki twarde	ae807ff6bfa12494066122ca0321d8b882e6b1cde051a1dab11416d5050db379	ChPL_16703_RPL22598.pdf	https://rejestrymedyczne.ezdrowie.gov.pl/api/rpl/medicinal-products/22598/characteristic
kwetiapina	16747	100226793	22679	Ketipinor | 300 mg | Tabletki powlekane	5cb95fd3cbc82a21b4cba395f510d74b7b17ba48d8b64f2a68d6dc6b7b6d22ad	ChPL_16747_RPL22679.pdf	https://rejestrymedyczne.ezdrowie.gov.pl/api/rpl/medicinal-products/22679/characteristic
olanzapina	16755	100227404	22740	Olpinat | 5 mg | Tabletki powlekane	e94bd40a5c0774b3214dff9f1841ae40c47580da58dcd8e2c7aef3e609db8e7a	ChPL_16755_RPL22740.pdf	https://rejestrymedyczne.ezdrowie.gov.pl/api/rpl/medicinal-products/22740/characteristic
olanzapina	16756	100227410	22741	Olpinat | 10 mg | Tabletki powlekane	4c15703da39a3cd5d5c019b57d8c93caf83f6070a246585678ec0b46b1f1da5f	ChPL_16756_RPL22741.pdf	https://rejestrymedyczne.ezdrowie.gov.pl/api/rpl/medicinal-products/22741/characteristic
riwastygmina	16807	100227500	22750	Ristidic | 1,5 mg | Kapsułki twarde	fcbad1821005f0f00622c7806fa7831dd30b5ae652df1c06f48f005dac4ca9e6	ChPL_16807_RPL22750.pdf	https://rejestrymedyczne.ezdrowie.gov.pl/api/rpl/medicinal-products/22750/characteristic
riwastygmina	16808	100227516	22751	Ristidic | 3 mg | Kapsułki twarde	0d8bf618b814f7951ce8e8bad64e3ed4d4130506a5117a54224c7f2e4d1d0880	ChPL_16808_RPL22751.pdf	https://rejestrymedyczne.ezdrowie.gov.pl/api/rpl/medicinal-products/22751/characteristic
riwastygmina	16809	100227522	22752	Ristidic | 4,5 mg | Kapsułki twarde	001299734b40725baeb1d106e739d39bc9896912fac2471e982c6fb763c0ed04	ChPL_16809_RPL22752.pdf	https://rejestrymedyczne.ezdrowie.gov.pl/api/rpl/medicinal-products/22752/characteristic
riwastygmina	16810	100227545	22754	Ristidic | 6 mg | Kapsułki twarde	665ff057a95cbf9af69c87efff0bef86e648934d68a4b46effddd3eb130a1ebf	ChPL_16810_RPL22754.pdf	https://rejestrymedyczne.ezdrowie.gov.pl/api/rpl/medicinal-products/22754/characteristic
kwetiapina	16892	100229076	22907	Pinexet 25 mg | 25 mg | Tabletki powlekane	d10746b9b46e49e64f3b714fb1601ef9be9f96ff42d2f78466d5a701a5616f9c	ChPL_16892_RPL22907.pdf	https://rejestrymedyczne.ezdrowie.gov.pl/api/rpl/medicinal-products/22907/characteristic
kwetiapina	16893	100229082	22908	Pinexet 100 mg | 100 mg | Tabletki powlekane	f94d7187d2769c551a0709427191e59ee769789095569224d85eb577e4771e6c	ChPL_16893_RPL22908.pdf	https://rejestrymedyczne.ezdrowie.gov.pl/api/rpl/medicinal-products/22908/characteristic
kwetiapina	16895	100229107	22910	Pinexet 200 mg | 200 mg | Tabletki powlekane	3c59f18e711f6fce4b5203d25c998461458229896b525dc5d7d565ddda0ad0c9	ChPL_16895_RPL22910.pdf	https://rejestrymedyczne.ezdrowie.gov.pl/api/rpl/medicinal-products/22910/characteristic
kwetiapina	16896	100229113	22911	Pinexet 300 mg | 300 mg | Tabletki powlekane	b705c63e984ed362887fea065a79b0be1484a9c68d8a12d709710b14b75a90cd	ChPL_16896_RPL22911.pdf	https://rejestrymedyczne.ezdrowie.gov.pl/api/rpl/medicinal-products/22911/characteristic
wenlafaksyna	16979	100158962	15896	Oriven | 37,5 mg | Kapsułki o przedłużonym uwalnianiu, twarde	51f7aae1ab1b36e118a31fa28259b9ed9290f026057cdec7d2f42d5501ab72e6	ChPL_16979_RPL15896.pdf	https://rejestrymedyczne.ezdrowie.gov.pl/api/rpl/medicinal-products/15896/characteristic
wenlafaksyna	16980	100230719	23071	Oriven | 75 mg | Kapsułki o przedłużonym uwalnianiu, twarde	91c4675ae0c361a25dd3303a39b1b23d16375601e1d8118f8205e98fe9cc1417	ChPL_16980_RPL23071.pdf	https://rejestrymedyczne.ezdrowie.gov.pl/api/rpl/medicinal-products/23071/characteristic
wenlafaksyna	16981	100230725	23072	Oriven | 150 mg | Kapsułki o przedłużonym uwalnianiu, twarde	2e0e6563ebd5f74ec48f626741518130b1e3c9e444207cf4425a654a9287cfba	ChPL_16981_RPL23072.pdf	https://rejestrymedyczne.ezdrowie.gov.pl/api/rpl/medicinal-products/23072/characteristic
kwetiapina	17106	100233238	23323	Etiagen | 25 mg | Tabletki powlekane	99b8f88c0814b2a9a070185e0da8879b3f58428ffe39ea4aa3bebd29dcd58502	ChPL_17106_RPL23323.pdf	https://rejestrymedyczne.ezdrowie.gov.pl/api/rpl/medicinal-products/23323/characteristic
kwetiapina	17107	100233244	23324	Etiagen | 100 mg | Tabletki powlekane	25605a1734f81ea74130b9b063818684eb74816299e4c139709299b886e68d43	ChPL_17107_RPL23324.pdf	https://rejestrymedyczne.ezdrowie.gov.pl/api/rpl/medicinal-products/23324/characteristic
kwetiapina	17108	100233250	23325	Etiagen | 200 mg | Tabletki powlekane	01763d873e7abb6cb00d61d031ce06aa31fb8ecae10fc516d18a1a453ea8db70	ChPL_17108_RPL23325.pdf	https://rejestrymedyczne.ezdrowie.gov.pl/api/rpl/medicinal-products/23325/characteristic
paroksetyna	17122	100231392	23139	Paroxinor | 20 mg | Tabletki powlekane	ba21fc7a3f39bb14a2015a79d51b0830237a7e811c26b12e483d977660c7756e	ChPL_17122_RPL23139.pdf	https://rejestrymedyczne.ezdrowie.gov.pl/api/rpl/medicinal-products/23139/characteristic
alprazolam	17125	100232233	23223	Afobam | 0,25 mg | Tabletki	22212b81b718625ece43c393ac0209f9f001974e382c20aeea03aafd712d7390	ChPL_17125_RPL23223.pdf	https://rejestrymedyczne.ezdrowie.gov.pl/api/rpl/medicinal-products/23223/characteristic
alprazolam	17126	100232240	23224	Afobam | 0,5 mg | Tabletki	22212b81b718625ece43c393ac0209f9f001974e382c20aeea03aafd712d7390	ChPL_17126_RPL23224.pdf	https://rejestrymedyczne.ezdrowie.gov.pl/api/rpl/medicinal-products/23224/characteristic
sertralina	17131	100232664	23266	Miravil | 50 mg | Tabletki powlekane	577815b77ca9dad1fdb48f0d2cfa1647ab44b15f558e1b60e6618b8c4b265782	ChPL_17131_RPL23266.pdf	https://rejestrymedyczne.ezdrowie.gov.pl/api/rpl/medicinal-products/23266/characteristic
sertralina	17132	100232670	23267	Miravil | 100 mg | Tabletki powlekane	223a18a0ff88eada2a9e3c8b047b1f3b5c675dde50f2522ec868ccf640ce095e	ChPL_17132_RPL23267.pdf	https://rejestrymedyczne.ezdrowie.gov.pl/api/rpl/medicinal-products/23267/characteristic
olanzapina	17151	100233356	23335	Anzorin | 5 mg | Tabletki ulegające rozpadowi w jamie ustnej	0fd9a0931d638d05bcb918ddc3880b014ab3a04d62780e00a8dc3e36a273d745	ChPL_17151_RPL23335.pdf	https://rejestrymedyczne.ezdrowie.gov.pl/api/rpl/medicinal-products/23335/characteristic
olanzapina	17152	100233379	23337	Anzorin | 10 mg | Tabletki ulegające rozpadowi w jamie ustnej	700bdd464e28f4977ffb0aadd720334d16bd5694e6634fc455c860724c3185a8	ChPL_17152_RPL23337.pdf	https://rejestrymedyczne.ezdrowie.gov.pl/api/rpl/medicinal-products/23337/characteristic
olanzapina	17153	100233385	23338	Anzorin | 15 mg | Tabletki ulegające rozpadowi w jamie ustnej	fc7d68add59cf60a6eac688c25654a9497e101118f1550cedc2965c4e0e78330	ChPL_17153_RPL23338.pdf	https://rejestrymedyczne.ezdrowie.gov.pl/api/rpl/medicinal-products/23338/characteristic
olanzapina	17154	100233391	23339	Anzorin | 20 mg | Tabletki ulegające rozpadowi w jamie ustnej	669048a448f4c31a1d579ee0336502667c2da1975c2463cbc73e11de2012519c	ChPL_17154_RPL23339.pdf	https://rejestrymedyczne.ezdrowie.gov.pl/api/rpl/medicinal-products/23339/characteristic
donepezil	17279	100231529	23152	Ricordo | 5 mg | Tabletki ulegające rozpadowi w jamie ustnej	7d3190ddf6d18a4fab5aedb776917694d48b5dbff7936f76742f8d2aa8315085	ChPL_17279_RPL23152.pdf	https://rejestrymedyczne.ezdrowie.gov.pl/api/rpl/medicinal-products/23152/characteristic
donepezil	17280	100231535	23153	Ricordo | 10 mg | Tabletki ulegające rozpadowi w jamie ustnej	91404fe365a0023a64bae428fca89a2c64a15932bf2f5f230fbe3d110d824f5f	ChPL_17280_RPL23153.pdf	https://rejestrymedyczne.ezdrowie.gov.pl/api/rpl/medicinal-products/23153/characteristic
donepezil	17475	100234930	23493	Donepezil Bluefish | 5 mg | Tabletki powlekane	57364a1027b1e190d4a35abd707dcbdb5de8f8f356dfaab4c64d1994c12b33ad	ChPL_17475_RPL23493.pdf	https://rejestrymedyczne.ezdrowie.gov.pl/api/rpl/medicinal-products/23493/characteristic
donepezil	17476	100234947	23494	Donepezil Bluefish | 10 mg | Tabletki powlekane	57364a1027b1e190d4a35abd707dcbdb5de8f8f356dfaab4c64d1994c12b33ad	ChPL_17476_RPL23494.pdf	https://rejestrymedyczne.ezdrowie.gov.pl/api/rpl/medicinal-products/23494/characteristic
riwastygmina	17493	100009535	953	Rivaldo | 1,5 mg | Kapsułki twarde	f3e4eac8318398648bb2f3d6006e9f718153f170dac919cc5c8e39c94e0c2697	ChPL_17493_RPL953.pdf	https://rejestrymedyczne.ezdrowie.gov.pl/api/rpl/medicinal-products/953/characteristic
riwastygmina	17494	100056003	5600	Rivaldo | 3 mg | Kapsułki twarde	f3e4eac8318398648bb2f3d6006e9f718153f170dac919cc5c8e39c94e0c2697	ChPL_17494_RPL5600.pdf	https://rejestrymedyczne.ezdrowie.gov.pl/api/rpl/medicinal-products/5600/characteristic
riwastygmina	17495	100235303	23530	Rivaldo | 4,5 mg | Kapsułki twarde	f3e4eac8318398648bb2f3d6006e9f718153f170dac919cc5c8e39c94e0c2697	ChPL_17495_RPL23530.pdf	https://rejestrymedyczne.ezdrowie.gov.pl/api/rpl/medicinal-products/23530/characteristic
riwastygmina	17496	100235332	23533	Rivaldo | 6 mg | Kapsułki twarde	f3e4eac8318398648bb2f3d6006e9f718153f170dac919cc5c8e39c94e0c2697	ChPL_17496_RPL23533.pdf	https://rejestrymedyczne.ezdrowie.gov.pl/api/rpl/medicinal-products/23533/characteristic
metadon	17512	100238626	23862	Methadone Hydrochloride Molteni | 5 mg/ml | Syrop	9c9bb1a5d02282b11e577b698cba20712bf75725ae6ff1850bf352ecf1831fd7	ChPL_17512_RPL23862.pdf	https://rejestrymedyczne.ezdrowie.gov.pl/api/rpl/medicinal-products/23862/characteristic
donepezil	17541	100237130	23713	Donatine | 5 mg | Tabletki powlekane	b77e2a9268729071c657a70f4a00cbfaa369e2e8961a814fd714b43888c3749a	ChPL_17541_RPL23713.pdf	https://rejestrymedyczne.ezdrowie.gov.pl/api/rpl/medicinal-products/23713/characteristic
donepezil	17542	100237147	23714	Donatine | 10 mg | Tabletki powlekane	6eb8aa679dda18a87f58ec4ec4405456b5ed5f6b904657b40d45cdf4c2ab4062	ChPL_17542_RPL23714.pdf	https://rejestrymedyczne.ezdrowie.gov.pl/api/rpl/medicinal-products/23714/characteristic
olanzapina	17561	100239063	23906	Egolanza | 5 mg | Tabletki powlekane	32e90dbab137bd2dcf4370cf62bb809e678dd1a76ea21329daf345a5d0a5a490	ChPL_17561_RPL23906.pdf	https://rejestrymedyczne.ezdrowie.gov.pl/api/rpl/medicinal-products/23906/characteristic
olanzapina	17563	100236900	23690	Egolanza | 10 mg | Tabletki powlekane	32e90dbab137bd2dcf4370cf62bb809e678dd1a76ea21329daf345a5d0a5a490	ChPL_17563_RPL23690.pdf	https://rejestrymedyczne.ezdrowie.gov.pl/api/rpl/medicinal-products/23690/characteristic
naltrekson	17607	100236596	23659	Adepend | 50 mg | Tabletki powlekane	ec622401147d714748213ad8e401964be603b9a7191d032598739d905145d92a	ChPL_17607_RPL23659.pdf	https://rejestrymedyczne.ezdrowie.gov.pl/api/rpl/medicinal-products/23659/characteristic
naltrekson	17612	100237696	23769	Naltex | 50 mg | Tabletki powlekane	daeaeb8e4fcc8f048838ec273e48b85db05ba87ff9cdfef0888db8a0a7fd4c37	ChPL_17612_RPL23769.pdf	https://rejestrymedyczne.ezdrowie.gov.pl/api/rpl/medicinal-products/23769/characteristic
escitalopram	17635	100178692	17869	Escipram | 5 mg | Tabletki powlekane	30d2ff0ba2d8d0271fa97a0702b446542f2196cb6658fe9a5ee8bb7b5d2f1f3c	ChPL_17635_RPL17869.pdf	https://rejestrymedyczne.ezdrowie.gov.pl/api/rpl/medicinal-products/17869/characteristic
escitalopram	17636	100237874	23787	Escipram | 10 mg | Tabletki powlekane	30d2ff0ba2d8d0271fa97a0702b446542f2196cb6658fe9a5ee8bb7b5d2f1f3c	ChPL_17636_RPL23787.pdf	https://rejestrymedyczne.ezdrowie.gov.pl/api/rpl/medicinal-products/23787/characteristic
escitalopram	17637	100237880	23788	Escipram | 15 mg | Tabletki powlekane	30d2ff0ba2d8d0271fa97a0702b446542f2196cb6658fe9a5ee8bb7b5d2f1f3c	ChPL_17637_RPL23788.pdf	https://rejestrymedyczne.ezdrowie.gov.pl/api/rpl/medicinal-products/23788/characteristic
escitalopram	17638	100237897	23789	Escipram | 20 mg | Tabletki powlekane	30d2ff0ba2d8d0271fa97a0702b446542f2196cb6658fe9a5ee8bb7b5d2f1f3c	ChPL_17638_RPL23789.pdf	https://rejestrymedyczne.ezdrowie.gov.pl/api/rpl/medicinal-products/23789/characteristic
risperidon	17661	100240882	24088	Orizon | 0,5 mg | Tabletki powlekane	992e8dc9ab1158da71fbd87f26b705b3672c3adfc3034a318431c7a08f2f9562	ChPL_17661_RPL24088.pdf	https://rejestrymedyczne.ezdrowie.gov.pl/api/rpl/medicinal-products/24088/characteristic
risperidon	17662	100238218	23821	Orizon | 1 mg | Tabletki powlekane	2789473317aba4cb30a5d5f9aeafbb73ae157a707d8e933b808aa0c8a93b83c4	ChPL_17662_RPL23821.pdf	https://rejestrymedyczne.ezdrowie.gov.pl/api/rpl/medicinal-products/23821/characteristic
risperidon	17663	100238224	23822	Orizon | 2 mg | Tabletki powlekane	bf6bcb9e2c4eaee0a13f9c5dcfaa0a2aab0d5a1cecb4913254afc637894a8851	ChPL_17663_RPL23822.pdf	https://rejestrymedyczne.ezdrowie.gov.pl/api/rpl/medicinal-products/23822/characteristic
risperidon	17664	100238230	23823	Orizon | 3 mg | Tabletki powlekane	ecc4567c36d9ce148c1372bd8ec954ddbb9138e966a28510b9e52ad7cdf93b9e	ChPL_17664_RPL23823.pdf	https://rejestrymedyczne.ezdrowie.gov.pl/api/rpl/medicinal-products/23823/characteristic
risperidon	17665	100240913	24091	Orizon | 4 mg | Tabletki powlekane	3586d732d9baeec8f7ae1f9b80077867a2a3e0501aa3178d92055861e3cec7ce	ChPL_17665_RPL24091.pdf	https://rejestrymedyczne.ezdrowie.gov.pl/api/rpl/medicinal-products/24091/characteristic
escitalopram	17730	100239910	23991	Nexpram | 10 mg | Tabletki powlekane	1a902380eaffbd5f9a66895c6ecf0daadb3150da906251b22e315b547d6d89e1	ChPL_17730_RPL23991.pdf	https://rejestrymedyczne.ezdrowie.gov.pl/api/rpl/medicinal-products/23991/characteristic
escitalopram	17731	100239927	23992	Nexpram | 20 mg | Tabletki powlekane	40f47dbde6c592c7e12eafd049e955cd4101cce013aeff0a8795dca2a045d15e	ChPL_17731_RPL23992.pdf	https://rejestrymedyczne.ezdrowie.gov.pl/api/rpl/medicinal-products/23992/characteristic
escitalopram	17733	100239784	23978	Escitalopram Actavis | 20 mg | Tabletki powlekane	b12b6b29c8d4246b3937d0a75070017ffa9fb98d91847789249546f90476dc45	ChPL_17733_RPL23978.pdf	https://rejestrymedyczne.ezdrowie.gov.pl/api/rpl/medicinal-products/23978/characteristic
escitalopram	17734	100239790	23979	Escitalopram Actavis | 10 mg | Tabletki powlekane	249a4c0d5ea5b949634b83160f4dd5e27b6a017d12dc0e58bc8d1e2d3a43a965	ChPL_17734_RPL23979.pdf	https://rejestrymedyczne.ezdrowie.gov.pl/api/rpl/medicinal-products/23979/characteristic
escitalopram	17735	100239809	23980	Escitalopram Actavis | 15 mg | Tabletki powlekane	5591c956124b9db76166bd0aaa426e483e6530aaf67a778e4c8038f80e52cdef	ChPL_17735_RPL23980.pdf	https://rejestrymedyczne.ezdrowie.gov.pl/api/rpl/medicinal-products/23980/characteristic
olanzapina	17751	100242852	24285	Zolaxa | 20 mg | Tabletki powlekane	3d42369ff5e50e2b15e1023fbcc739013a4db9471bf287110ae3f4f13e254744	ChPL_17751_RPL24285.pdf	https://rejestrymedyczne.ezdrowie.gov.pl/api/rpl/medicinal-products/24285/characteristic
olanzapina	17752	100242830	24283	Zolaxa | 15 mg | Tabletki powlekane	3d42369ff5e50e2b15e1023fbcc739013a4db9471bf287110ae3f4f13e254744	ChPL_17752_RPL24283.pdf	https://rejestrymedyczne.ezdrowie.gov.pl/api/rpl/medicinal-products/24283/characteristic
buprenorfina	17917	100239502	23950	Bunorfin | 2 mg | Tabletki podjęzykowe	42fbcf770c82ac5199ebb31687df939f3c9556defcd94746a7ac79b345dd1b5b	ChPL_17917_RPL23950.pdf	https://rejestrymedyczne.ezdrowie.gov.pl/api/rpl/medicinal-products/23950/characteristic
buprenorfina	17918	100239519	23951	Bunorfin | 8 mg | Tabletki podjęzykowe	7a36d979c0001961b374b99a43208a26a0b44cd1a8f133f95b58b56330613865	ChPL_17918_RPL23951.pdf	https://rejestrymedyczne.ezdrowie.gov.pl/api/rpl/medicinal-products/23951/characteristic
donepezil	17945	100243001	24300	Yasnal Q-Tab | 5 mg | Tabletki ulegające rozpadowi w jamie ustnej	da33992189b884232a01b42b10cf0c529f7f709ab6cd117321266145eb585824	ChPL_17945_RPL24300.pdf	https://rejestrymedyczne.ezdrowie.gov.pl/api/rpl/medicinal-products/24300/characteristic
donepezil	17946	100243018	24301	Yasnal Q-Tab | 10 mg | Tabletki ulegające rozpadowi w jamie ustnej	da33992189b884232a01b42b10cf0c529f7f709ab6cd117321266145eb585824	ChPL_17946_RPL24301.pdf	https://rejestrymedyczne.ezdrowie.gov.pl/api/rpl/medicinal-products/24301/characteristic
donepezil	17972	100243395	24339	Donectil ODT | 10 mg | Tabletki ulegające rozpadowi w jamie ustnej	37be23ee7e9854f9764ee21c3cac4a5615d27001bb162850e0c94e884fcdfb60	ChPL_17972_RPL24339.pdf	https://rejestrymedyczne.ezdrowie.gov.pl/api/rpl/medicinal-products/24339/characteristic
alprazolam	18074	100245508	24550	Alprox | 0,25 mg | Tabletki	516b4c5df31c5551507424ae95db21eee5fb5f99bd0f212b6b74004c21723e6f	ChPL_18074_RPL24550.pdf	https://rejestrymedyczne.ezdrowie.gov.pl/api/rpl/medicinal-products/24550/characteristic
alprazolam	18075	100245394	24539	Alprox | 0,5 mg | Tabletki	ebf90187d5c546a27095455eb87a618d6df9ed4e1cf79d96d0dc73c66045f9a7	ChPL_18075_RPL24539.pdf	https://rejestrymedyczne.ezdrowie.gov.pl/api/rpl/medicinal-products/24539/characteristic
alprazolam	18076	100245402	24540	Alprox | 1 mg | Tabletki	166b0a647cc3514756ae448568c56c129d6b0691d4896affb5451517f94bae58	ChPL_18076_RPL24540.pdf	https://rejestrymedyczne.ezdrowie.gov.pl/api/rpl/medicinal-products/24540/characteristic
olanzapina	18218	100247648	24764	Olanzapine Bluefish | 5 mg | Tabletki ulegające rozpadowi w jamie ustnej	e71424dc81d587f90f332f84530b25cef71da14f8dba30a804dc2a05b26cafe6	ChPL_18218_RPL24764.pdf	https://rejestrymedyczne.ezdrowie.gov.pl/api/rpl/medicinal-products/24764/characteristic
olanzapina	18219	100247654	24765	Olanzapine Bluefish | 10 mg | Tabletki ulegające rozpadowi w jamie ustnej	e71424dc81d587f90f332f84530b25cef71da14f8dba30a804dc2a05b26cafe6	ChPL_18219_RPL24765.pdf	https://rejestrymedyczne.ezdrowie.gov.pl/api/rpl/medicinal-products/24765/characteristic
olanzapina	18220	100247677	24767	Olanzapine Bluefish | 15 mg | Tabletki ulegające rozpadowi w jamie ustnej	e71424dc81d587f90f332f84530b25cef71da14f8dba30a804dc2a05b26cafe6	ChPL_18220_RPL24767.pdf	https://rejestrymedyczne.ezdrowie.gov.pl/api/rpl/medicinal-products/24767/characteristic
tianeptyna	18354	100250797	25079	Tianesal | 12,5 mg | Tabletki powlekane	40c302d8352d2ac0aa38dea09e9882b403492a075a3f228ecb0870c1f40b34a2	ChPL_18354_RPL25079.pdf	https://rejestrymedyczne.ezdrowie.gov.pl/api/rpl/medicinal-products/25079/characteristic
metylofenidat	18355	100250805	25080	Medikinet CR 5 mg | 5 mg | Kapsułki o zmodyfikowanym uwalnianiu, twarde	9d50f8fff8e2fb98662476bc61ac6090f0ab6334737de921e3c968ac36bb0927	ChPL_18355_RPL25080.pdf	https://rejestrymedyczne.ezdrowie.gov.pl/api/rpl/medicinal-products/25080/characteristic
olanzapina	18508	100252419	25241	Zolaxa Rapid | 5 mg | Tabletki ulegające rozpadowi w jamie ustnej	9a3eaea11a8ec4272b5a345b6e7ef84fc2674e26c1998223c9727f77dcf2c8ca	ChPL_18508_RPL25241.pdf	https://rejestrymedyczne.ezdrowie.gov.pl/api/rpl/medicinal-products/25241/characteristic
olanzapina	18509	100252425	25242	Zolaxa Rapid | 10 mg | Tabletki ulegające rozpadowi w jamie ustnej	9a3eaea11a8ec4272b5a345b6e7ef84fc2674e26c1998223c9727f77dcf2c8ca	ChPL_18509_RPL25242.pdf	https://rejestrymedyczne.ezdrowie.gov.pl/api/rpl/medicinal-products/25242/characteristic
olanzapina	18510	100252431	25243	Zolaxa Rapid | 15 mg | Tabletki ulegające rozpadowi w jamie ustnej	9a3eaea11a8ec4272b5a345b6e7ef84fc2674e26c1998223c9727f77dcf2c8ca	ChPL_18510_RPL25243.pdf	https://rejestrymedyczne.ezdrowie.gov.pl/api/rpl/medicinal-products/25243/characteristic
olanzapina	18511	100252454	25245	Zolaxa Rapid | 20 mg | Tabletki ulegające rozpadowi w jamie ustnej	9a3eaea11a8ec4272b5a345b6e7ef84fc2674e26c1998223c9727f77dcf2c8ca	ChPL_18511_RPL25245.pdf	https://rejestrymedyczne.ezdrowie.gov.pl/api/rpl/medicinal-products/25245/characteristic
kwetiapina	18635	100253577	25357	ApoTiapina | 25 mg | Tabletki powlekane	c73125bf547be3464ad683ec10f862d71637831266aa46d779ddeb4d48ebb786	ChPL_18635_RPL25357.pdf	https://rejestrymedyczne.ezdrowie.gov.pl/api/rpl/medicinal-products/25357/characteristic
kwetiapina	18636	100253583	25358	ApoTiapina | 100 mg | Tabletki powlekane	2aaacb0fcd05f32de1619f0ee2d4491082d297b982a8a4d1592fc3724378b6d8	ChPL_18636_RPL25358.pdf	https://rejestrymedyczne.ezdrowie.gov.pl/api/rpl/medicinal-products/25358/characteristic
kwetiapina	18637	100253590	25359	ApoTiapina | 200 mg | Tabletki powlekane	01a9d8d23194ec841141c49f38d0e1fc7051c9c4527669b374e768d0ed2250ad	ChPL_18637_RPL25359.pdf	https://rejestrymedyczne.ezdrowie.gov.pl/api/rpl/medicinal-products/25359/characteristic
escitalopram	18722	100254269	25426	Pramatis | 10 mg | Tabletki powlekane	b0674631db51a173d51db0db13c99b45a322234ffe8923e3bc47a5f193157c7d	ChPL_18722_RPL25426.pdf	https://rejestrymedyczne.ezdrowie.gov.pl/api/rpl/medicinal-products/25426/characteristic
escitalopram	18724	100254298	25429	Pramatis | 20 mg | Tabletki powlekane	954318a15b79f8df4c611a8b0374b1a611075d215b1e4e0ca6165afebdc163ca	ChPL_18724_RPL25429.pdf	https://rejestrymedyczne.ezdrowie.gov.pl/api/rpl/medicinal-products/25429/characteristic
kwetiapina	18813	100261341	26134	KETREL XR | 200 mg | Tabletki o przedłużonym uwalnianiu	3cc81071113972c3a1582c43bac03272347fa19d673ba75bf2bbeb42b118b831	ChPL_18813_RPL26134.pdf	https://rejestrymedyczne.ezdrowie.gov.pl/api/rpl/medicinal-products/26134/characteristic
kwetiapina	18814	100261358	26135	KETREL XR | 300 mg | Tabletki o przedłużonym uwalnianiu	3cc81071113972c3a1582c43bac03272347fa19d673ba75bf2bbeb42b118b831	ChPL_18814_RPL26135.pdf	https://rejestrymedyczne.ezdrowie.gov.pl/api/rpl/medicinal-products/26135/characteristic
kwetiapina	18815	100261364	26136	KETREL XR | 400 mg | Tabletki o przedłużonym uwalnianiu	3cc81071113972c3a1582c43bac03272347fa19d673ba75bf2bbeb42b118b831	ChPL_18815_RPL26136.pdf	https://rejestrymedyczne.ezdrowie.gov.pl/api/rpl/medicinal-products/26136/characteristic
sertralina	18834	100262435	26243	Sertralina Krka | 50 mg | Tabletki powlekane	a44ac03e833f8668642440a529a00142148d9fbf8c0d6f17035c34ecac769151	ChPL_18834_RPL26243.pdf	https://rejestrymedyczne.ezdrowie.gov.pl/api/rpl/medicinal-products/26243/characteristic
sertralina	18835	100262458	26245	Sertralina Krka | 100 mg | Tabletki powlekane	0c4c47fe764b30c1e0821c14133819698b76dfe8b3230fbdfb8df3142f15e67b	ChPL_18835_RPL26245.pdf	https://rejestrymedyczne.ezdrowie.gov.pl/api/rpl/medicinal-products/26245/characteristic
olanzapina	18872	100260442	26044	Zopridoxin | 5 mg | Tabletki ulegające rozpadowi w jamie ustnej	ab8929046427369383215c000a8f0686298a7b90ae6a45d7ee7100fcb68449c4	ChPL_18872_RPL26044.pdf	https://rejestrymedyczne.ezdrowie.gov.pl/api/rpl/medicinal-products/26044/characteristic
olanzapina	18873	100260459	26045	Zopridoxin | 10 mg | Tabletki ulegające rozpadowi w jamie ustnej	ab8929046427369383215c000a8f0686298a7b90ae6a45d7ee7100fcb68449c4	ChPL_18873_RPL26045.pdf	https://rejestrymedyczne.ezdrowie.gov.pl/api/rpl/medicinal-products/26045/characteristic
olanzapina	18874	100260465	26046	Zopridoxin | 15 mg | Tabletki ulegające rozpadowi w jamie ustnej	ab8929046427369383215c000a8f0686298a7b90ae6a45d7ee7100fcb68449c4	ChPL_18874_RPL26046.pdf	https://rejestrymedyczne.ezdrowie.gov.pl/api/rpl/medicinal-products/26046/characteristic
olanzapina	18875	100260471	26047	Zopridoxin | 20 mg | Tabletki ulegające rozpadowi w jamie ustnej	ab8929046427369383215c000a8f0686298a7b90ae6a45d7ee7100fcb68449c4	ChPL_18875_RPL26047.pdf	https://rejestrymedyczne.ezdrowie.gov.pl/api/rpl/medicinal-products/26047/characteristic
tianeptyna	18933	100264055	26405	Tialera | 12,5 mg | Tabletki powlekane	6e2b46401f5fd6aa0892cc2a87645f3b9b7688ebc91b3cd008c574357cef29d4	ChPL_18933_RPL26405.pdf	https://rejestrymedyczne.ezdrowie.gov.pl/api/rpl/medicinal-products/26405/characteristic
walproinian	19521	100265333	26533	Convival Chrono | 500 mg | Tabletki o przedłużonym uwalnianiu	d06c9d0ac21f37568337e4ab16bebf2c14c6ba7ae689072b5f88301d8045928a	ChPL_19521_RPL26533.pdf	https://rejestrymedyczne.ezdrowie.gov.pl/api/rpl/medicinal-products/26533/characteristic
zolpidem	19580	100138468	13846	Zolpidem Vitabalans | 10 mg | Tabletki powlekane	37dcc83c2c1c37e3cbe58c786742af0bc9abd1be73c1b7ab96a858b4413f68db	ChPL_19580_RPL13846.pdf	https://rejestrymedyczne.ezdrowie.gov.pl/api/rpl/medicinal-products/13846/characteristic
amisulpryd	19607	100268455	26845	Amisulpryd Holsten | 200 mg | Tabletki	a4c9825cb992d11047bbee209a5c71fb11469bb3f8f5285b8086bf6a61efd502	ChPL_19607_RPL26845.pdf	https://rejestrymedyczne.ezdrowie.gov.pl/api/rpl/medicinal-products/26845/characteristic
amisulpryd	19608	100268461	26846	Amisulpryd Holsten | 400 mg | Tabletki powlekane	fb83632fa1baf2fd58f718e120691660a27b42c16c28ef3fe7096e0efa66d0fa	ChPL_19608_RPL26846.pdf	https://rejestrymedyczne.ezdrowie.gov.pl/api/rpl/medicinal-products/26846/characteristic
escitalopram	19906	100274250	27425	Pralex | 5 mg | Tabletki powlekane	1e6166274a8c3551d4e6d1265006990fe7d78bac4d86c82e0d615c833d8e9ded	ChPL_19906_RPL27425.pdf	https://rejestrymedyczne.ezdrowie.gov.pl/api/rpl/medicinal-products/27425/characteristic
escitalopram	19907	100274326	27432	Pralex | 10 mg | Tabletki powlekane	9425dfda8b94911ab25eb43b71076597be93a5d58ecc559e2d5a168963a5efa6	ChPL_19907_RPL27432.pdf	https://rejestrymedyczne.ezdrowie.gov.pl/api/rpl/medicinal-products/27432/characteristic
escitalopram	19908	100274378	27437	Pralex | 15 mg | Tabletki powlekane	7ef1154c6338242208f3082c83a8149fb31be129ed82b456bc5d3ed6cfff7d40	ChPL_19908_RPL27437.pdf	https://rejestrymedyczne.ezdrowie.gov.pl/api/rpl/medicinal-products/27437/characteristic
escitalopram	19909	100274415	27441	Pralex | 20 mg | Tabletki powlekane	6b0f96ff9e788275316ddeaff28e3b67d1dfa4c2fd31fa4d6075aef4bcead015	ChPL_19909_RPL27441.pdf	https://rejestrymedyczne.ezdrowie.gov.pl/api/rpl/medicinal-products/27441/characteristic
kwetiapina	19955	100276779	27677	Kwetaplex XR | 50 mg | Tabletki o przedłużonym uwalnianiu	d0e67befa94a846d7ba2f5742ab4c2f7b41e9a0f7156e2cfcb1fa082c9ef2c05	ChPL_19955_RPL27677.pdf	https://rejestrymedyczne.ezdrowie.gov.pl/api/rpl/medicinal-products/27677/characteristic
kwetiapina	19956	100276822	27682	Kwetaplex XR | 200 mg | Tabletki o przedłużonym uwalnianiu	359b128f4fbbde609d7a8a17d1d8eb14bf3c7e6733807fd77b07f2e8f9aaa629	ChPL_19956_RPL27682.pdf	https://rejestrymedyczne.ezdrowie.gov.pl/api/rpl/medicinal-products/27682/characteristic
kwetiapina	19957	100276880	27688	Kwetaplex XR | 300 mg | Tabletki o przedłużonym uwalnianiu	d344966fdf79bee2fcaa421ddc62e77eb9cd2f3979b36205f9757270e2044d09	ChPL_19957_RPL27688.pdf	https://rejestrymedyczne.ezdrowie.gov.pl/api/rpl/medicinal-products/27688/characteristic
kwetiapina	19958	100276911	27691	Kwetaplex XR | 400 mg | Tabletki o przedłużonym uwalnianiu	11520b800f128480d7b53114dfb22edf1cb88088d5c84745faf57a9f1365e6c6	ChPL_19958_RPL27691.pdf	https://rejestrymedyczne.ezdrowie.gov.pl/api/rpl/medicinal-products/27691/characteristic
tiapryd	20147	100279453	27945	Tiaprid PMCS | 100 mg | Tabletki	711f525d2739012914d2b953c610a4346608b00c2e01d1c10431e5131faca920	ChPL_20147_RPL27945.pdf	https://rejestrymedyczne.ezdrowie.gov.pl/api/rpl/medicinal-products/27945/characteristic
riwastygmina	20240	100280887	28088	Rivastigmin NeuroPharma | 1,5 mg | Kapsułki twarde	fa21e5187e7faeab6a4bce491b8d45ccfcb8afa35a339cf9ef674d4368d65b7a	ChPL_20240_RPL28088.pdf	https://rejestrymedyczne.ezdrowie.gov.pl/api/rpl/medicinal-products/28088/characteristic
riwastygmina	20241	100280901	28090	Rivastigmin NeuroPharma | 3 mg | Kapsułki twarde	05abe6e4eb5ab52091eb8166d0be0e3f7af3951c1f11fe6ce7b7ed65db9153c1	ChPL_20241_RPL28090.pdf	https://rejestrymedyczne.ezdrowie.gov.pl/api/rpl/medicinal-products/28090/characteristic
riwastygmina	20242	100280930	28093	Rivastigmin NeuroPharma | 4,5 mg | Kapsułki twarde	517d6555a7ae9d29dec4db33541ef03053fdd4c320466abb1a2ba96b130ed5a9	ChPL_20242_RPL28093.pdf	https://rejestrymedyczne.ezdrowie.gov.pl/api/rpl/medicinal-products/28093/characteristic
riwastygmina	20243	100280947	28094	Rivastigmin NeuroPharma | 6 mg | Kapsułki twarde	1d73d02d52aed0bf453a718b7c8146a47e979148caf0083e5e1cb6495b77d1e2	ChPL_20243_RPL28094.pdf	https://rejestrymedyczne.ezdrowie.gov.pl/api/rpl/medicinal-products/28094/characteristic
hydroksyzyna	20279	100278703	27870	Hydroxyzinum VP | 2 mg/ml | Syrop	671fde8931e3949d83ee2aefb89905364247dd4a92493cdc963c82d5ad9d11bc	ChPL_20279_RPL27870.pdf	https://rejestrymedyczne.ezdrowie.gov.pl/api/rpl/medicinal-products/27870/characteristic
zolpidem	20302	100280060	28006	Zolpidem Genoptim | 10 mg | Tabletki powlekane	3f325d7600baf41a10dff561f32fbb9ef576830f21e0e69b2c98076388bbbdf1	ChPL_20302_RPL28006.pdf	https://rejestrymedyczne.ezdrowie.gov.pl/api/rpl/medicinal-products/28006/characteristic
citalopram	20322	100281697	28169	Citalopram Vitabalans | 20 mg | Tabletki powlekane	fa127e470819f5f5568352001aeb00f034c2a62f22a9a634f783a3fb07822173	ChPL_20322_RPL28169.pdf	https://rejestrymedyczne.ezdrowie.gov.pl/api/rpl/medicinal-products/28169/characteristic
fluoksetyna	20324	100281711	28171	Fluoxetine Vitabalans | 20 mg | Tabletki powlekane	538c59c1ca361511f20ddae603944dcb9e57875907da50a95560c758b655fd2b	ChPL_20324_RPL28171.pdf	https://rejestrymedyczne.ezdrowie.gov.pl/api/rpl/medicinal-products/28171/characteristic
tianeptyna	20425	100282679	28267	Atinepte | 12,5 mg | Tabletki powlekane	d824f67ed339dec8d282264f65b81c9b1b32be8a6a441225e2511b30cd69227d	ChPL_20425_RPL28267.pdf	https://rejestrymedyczne.ezdrowie.gov.pl/api/rpl/medicinal-products/28267/characteristic
memantyna	20581	100287174	28717	Biomentin | 10 mg | Tabletki powlekane	40e6b43ff0e2b9ed172e9f1d4f987bc985eb7c2b0a3d9b7d9ee2c2b0f8f51a85	ChPL_20581_RPL28717.pdf	https://rejestrymedyczne.ezdrowie.gov.pl/api/rpl/medicinal-products/28717/characteristic
memantyna	20582	100287180	28718	Biomentin | 20 mg | Tabletki powlekane	40e6b43ff0e2b9ed172e9f1d4f987bc985eb7c2b0a3d9b7d9ee2c2b0f8f51a85	ChPL_20582_RPL28718.pdf	https://rejestrymedyczne.ezdrowie.gov.pl/api/rpl/medicinal-products/28718/characteristic
perazyna	20792	100291017	29101	Perazin 50 mg | 50 mg | Tabletki	505697ada1b6d0bf17287d6044a555d675129f6af4703a438046608f42402289	ChPL_20792_RPL29101.pdf	https://rejestrymedyczne.ezdrowie.gov.pl/api/rpl/medicinal-products/29101/characteristic
perazyna	20793	100291023	29102	Perazin 200 mg | 200 mg | Tabletki	505697ada1b6d0bf17287d6044a555d675129f6af4703a438046608f42402289	ChPL_20793_RPL29102.pdf	https://rejestrymedyczne.ezdrowie.gov.pl/api/rpl/medicinal-products/29102/characteristic
donepezil	21044	100296612	29661	Cogiton ODT | 10 mg | Tabletki ulegające rozpadowi w jamie ustnej	64f5c62ef8a65f82e19db819d99b996eeeecef0c19ea494d4e055df514b1d338	ChPL_21044_RPL29661.pdf	https://rejestrymedyczne.ezdrowie.gov.pl/api/rpl/medicinal-products/29661/characteristic
okskarbazepina	21092	100297178	29717	Oxepilax | 300 mg | Tabletki	332e69a1f783897ebc8855b52895eb48c388afcf55fbbdd907944804973bce1a	ChPL_21092_RPL29717.pdf	https://rejestrymedyczne.ezdrowie.gov.pl/api/rpl/medicinal-products/29717/characteristic
okskarbazepina	21093	100297184	29718	Oxepilax | 600 mg | Tabletki	7382fa50e6b7dc1de9ada4ba4202544d727f26c54962120c8fe83a3374740f5b	ChPL_21093_RPL29718.pdf	https://rejestrymedyczne.ezdrowie.gov.pl/api/rpl/medicinal-products/29718/characteristic
escitalopram	21131	100298083	29808	Betesda | 20 mg/ml | Krople doustne, roztwór	2037afed5a99b015868f8b01415ce0904ae10caa8c0b2630c0380b8c2d9b5d83	ChPL_21131_RPL29808.pdf	https://rejestrymedyczne.ezdrowie.gov.pl/api/rpl/medicinal-products/29808/characteristic
mianseryna	21229	100296032	29603	Miansegen | 60 mg | Tabletki powlekane	b1b1c402e6a203f3baf07b039c12992df7bbaa79a8ea6e4ece38db04b63d8d36	ChPL_21229_RPL29603.pdf	https://rejestrymedyczne.ezdrowie.gov.pl/api/rpl/medicinal-products/29603/characteristic
memantyna	21348	100257836	25783	Memantine Orion | 10 mg | Tabletki powlekane	81a18bd26ec38e837c782f6e7b749fca4ea15ba04add8f90ff252e0147ac61f2	ChPL_21348_RPL25783.pdf	https://rejestrymedyczne.ezdrowie.gov.pl/api/rpl/medicinal-products/25783/characteristic
memantyna	21349	100301589	30158	Memantine Orion | 20 mg | Tabletki powlekane	4e7d512bc8262bb4bb23ef9c078fe384fd1f5d33a384c070bef3e1817fabe7dc	ChPL_21349_RPL30158.pdf	https://rejestrymedyczne.ezdrowie.gov.pl/api/rpl/medicinal-products/30158/characteristic
riwastygmina	21352	100287116	28711	Rivastigmine Mylan | 4,6 mg/24 h | System transdermalny, plaster	1ddb032f3b9ed724889649f366ab73264eecd7eec7c199415c62b1c5c59ca015	ChPL_21352_RPL28711.pdf	https://rejestrymedyczne.ezdrowie.gov.pl/api/rpl/medicinal-products/28711/characteristic
riwastygmina	21353	100302011	30201	Rivastigmine Mylan | 9,5 mg/24 h | System transdermalny, plaster	dde47deed3d59e4614d6e6ec229d49d6f4ad36a43b73f0e4d62ab1d1a06e4817	ChPL_21353_RPL30201.pdf	https://rejestrymedyczne.ezdrowie.gov.pl/api/rpl/medicinal-products/30201/characteristic
riwastygmina	21356	100302028	30202	Evertas | 4,6 mg/24 h | System transdermalny, plaster	b5e510647cebe021521e1fc50df2f59032e73c4efd71c7fc532f7e385c06e287	ChPL_21356_RPL30202.pdf	https://rejestrymedyczne.ezdrowie.gov.pl/api/rpl/medicinal-products/30202/characteristic
riwastygmina	21357	100302034	30203	Evertas | 9,5 mg/24 h | System transdermalny, plaster	fda04152e14ac31dc91ac9e425c5e17849f2716f48f96d0449d1a733c79cf34a	ChPL_21357_RPL30203.pdf	https://rejestrymedyczne.ezdrowie.gov.pl/api/rpl/medicinal-products/30203/characteristic
midazolam	21377	100302301	30230	Mizormic | 5 mg/ml | Roztwór do wstrzykiwań	0e02d1a218b3d73c6c9053e391f293feabd64b824d5b0f67e9e94f95f265188a	ChPL_21377_RPL30230.pdf	https://rejestrymedyczne.ezdrowie.gov.pl/api/rpl/medicinal-products/30230/characteristic
escitalopram	21383	100302471	30247	Elicea Q-Tab | 5 mg | Tabletki ulegające rozpadowi w jamie ustnej	1a46996085578f2e8bfb14e7c23ca9e072c84e39259cc966c34c27d50b53d231	ChPL_21383_RPL30247.pdf	https://rejestrymedyczne.ezdrowie.gov.pl/api/rpl/medicinal-products/30247/characteristic
escitalopram	21384	100302560	30256	Elicea Q-Tab | 10 mg | Tabletki ulegające rozpadowi w jamie ustnej	046445ba032509028f5e6211db12e10a1a9e3fa8e48ea1545555594967a7c4a5	ChPL_21384_RPL30256.pdf	https://rejestrymedyczne.ezdrowie.gov.pl/api/rpl/medicinal-products/30256/characteristic
escitalopram	21385	100302577	30257	Elicea Q-Tab | 15 mg | Tabletki ulegające rozpadowi w jamie ustnej	5cb6f6726f402cecf28550391e1785068d8ec9b08f1114e35c5feb111b15944c	ChPL_21385_RPL30257.pdf	https://rejestrymedyczne.ezdrowie.gov.pl/api/rpl/medicinal-products/30257/characteristic
escitalopram	21386	100302583	30258	Elicea Q-Tab | 20 mg | Tabletki ulegające rozpadowi w jamie ustnej	eec69749264bfbdf8757dcb4d06adf39499f4765fb2ed48e5d1f66385dff7b5f	ChPL_21386_RPL30258.pdf	https://rejestrymedyczne.ezdrowie.gov.pl/api/rpl/medicinal-products/30258/characteristic
memantyna	21392	100302554	30255	Mirvedol | 10 mg | Tabletki powlekane	12254b57a293fe3edcf87bd151716bc4a0ed6b6406f3142a97fedfb7483ff532	ChPL_21392_RPL30255.pdf	https://rejestrymedyczne.ezdrowie.gov.pl/api/rpl/medicinal-products/30255/characteristic
memantyna	21407	100302235	30223	Memigmin | 10 mg | Tabletki powlekane	ca3f822071322fdeb84451baa1f5fa61df75f54abcd01dd2d9740072e07ab8d3	ChPL_21407_RPL30223.pdf	https://rejestrymedyczne.ezdrowie.gov.pl/api/rpl/medicinal-products/30223/characteristic
hydroksyzyna	21427	100247045	24704	Hydroxyzinum Espefa | 10 mg | Tabletki powlekane	6d1b224f1a0ce163dd8fbe5d6789803c8cf26f32161e8e7fd0a41438fd847ff1	ChPL_21427_RPL24704.pdf	https://rejestrymedyczne.ezdrowie.gov.pl/api/rpl/medicinal-products/24704/characteristic
memantyna	21436	100303424	30342	Polmatine | 10 mg | Tabletki powlekane	8dccfc9c7ad8fdfa57bf1626462b4cb6332b6515a1b048e352d53103212f3caf	ChPL_21436_RPL30342.pdf	https://rejestrymedyczne.ezdrowie.gov.pl/api/rpl/medicinal-products/30342/characteristic
memantyna	21437	100303430	30343	Polmatine | 20 mg | Tabletki powlekane	8dccfc9c7ad8fdfa57bf1626462b4cb6332b6515a1b048e352d53103212f3caf	ChPL_21437_RPL30343.pdf	https://rejestrymedyczne.ezdrowie.gov.pl/api/rpl/medicinal-products/30343/characteristic
memantyna	21438	100303370	30337	Polmatine | 5 mg/dawkę | Roztwór doustny	79ebdb9ef9cc141f4073cca1b78b5177e968ef947d453e37f0543b1572834a77	ChPL_21438_RPL30337.pdf	https://rejestrymedyczne.ezdrowie.gov.pl/api/rpl/medicinal-products/30337/characteristic
escitalopram	21456	100303602	30360	Depralin ODT | 5 mg | Tabletki ulegające rozpadowi w jamie ustnej	5a9a7f5bfb06671171b60cadc343f4390f34e3bf556159d2f3f0c9cc2edf3494	ChPL_21456_RPL30360.pdf	https://rejestrymedyczne.ezdrowie.gov.pl/api/rpl/medicinal-products/30360/characteristic
escitalopram	21457	100303625	30362	Depralin ODT | 10 mg | Tabletki ulegające rozpadowi w jamie ustnej	5a9a7f5bfb06671171b60cadc343f4390f34e3bf556159d2f3f0c9cc2edf3494	ChPL_21457_RPL30362.pdf	https://rejestrymedyczne.ezdrowie.gov.pl/api/rpl/medicinal-products/30362/characteristic
escitalopram	21459	100303654	30365	Depralin ODT | 20 mg | Tabletki ulegające rozpadowi w jamie ustnej	5a9a7f5bfb06671171b60cadc343f4390f34e3bf556159d2f3f0c9cc2edf3494	ChPL_21459_RPL30365.pdf	https://rejestrymedyczne.ezdrowie.gov.pl/api/rpl/medicinal-products/30365/characteristic
kwetiapina	21482	100303884	30388	KETREL XR | 50 mg | Tabletki o przedłużonym uwalnianiu	232ca2d62eb20237d9ddaf44b332233d8a57997578440d32e227cb8ab1ba008f	ChPL_21482_RPL30388.pdf	https://rejestrymedyczne.ezdrowie.gov.pl/api/rpl/medicinal-products/30388/characteristic
kwetiapina	21484	100230642	23064	Symquel XR | 50 mg | Tabletki o przedłużonym uwalnianiu	cc63d17068d5abc89a0111735f216d22402a65eb89573934194f9cd9ce6503c1	ChPL_21484_RPL23064.pdf	https://rejestrymedyczne.ezdrowie.gov.pl/api/rpl/medicinal-products/23064/characteristic
kwetiapina	21485	100304116	30411	Symquel XR | 200 mg | Tabletki o przedłużonym uwalnianiu	890df8a780c6b12ad117b26e97feedf904293d0c1d29f4156466ceaa735c051f	ChPL_21485_RPL30411.pdf	https://rejestrymedyczne.ezdrowie.gov.pl/api/rpl/medicinal-products/30411/characteristic
kwetiapina	21486	100304139	30413	Symquel XR | 300 mg | Tabletki o przedłużonym uwalnianiu	79b20ee07e02ae4af42c92aecc703e0e84d0fd70e6abbf3f56ef40c4adc32744	ChPL_21486_RPL30413.pdf	https://rejestrymedyczne.ezdrowie.gov.pl/api/rpl/medicinal-products/30413/characteristic
wenlafaksyna	21525	100305110	30511	Symfaxin ER | 37,5 mg | Kapsułki o przedłużonym uwalnianiu, twarde	c632c34df9c2d3a87b38ae6980e1c0e5b9f994d1c775582ce19c480fe8e707f5	ChPL_21525_RPL30511.pdf	https://rejestrymedyczne.ezdrowie.gov.pl/api/rpl/medicinal-products/30511/characteristic
wenlafaksyna	21526	100305127	30512	Symfaxin ER | 75 mg | Kapsułki o przedłużonym uwalnianiu, twarde	61cd20fdfc13d68380323c8e217c994178b24a5370629d1a886ce809910d8f81	ChPL_21526_RPL30512.pdf	https://rejestrymedyczne.ezdrowie.gov.pl/api/rpl/medicinal-products/30512/characteristic
wenlafaksyna	21527	100305133	30513	Symfaxin ER | 150 mg | Kapsułki o przedłużonym uwalnianiu, twarde	867c32c8a1cb192f772920233743d06de97d547c435802ea64848cec94fbc157	ChPL_21527_RPL30513.pdf	https://rejestrymedyczne.ezdrowie.gov.pl/api/rpl/medicinal-products/30513/characteristic
flupentiksol	21552	100301193	30119	Fluanxol | 0,5 mg | Tabletki powlekane	c342e03f3b4e198fd515f904fba5ecc8e918436a0e3212acc38274511470ea24	ChPL_21552_RPL30119.pdf	https://rejestrymedyczne.ezdrowie.gov.pl/api/rpl/medicinal-products/30119/characteristic
flupentiksol	21553	100301218	30121	Fluanxol | 3 mg | Tabletki powlekane	7d9f10f77964e04fcfb89f5cf48f0f1bc21e48a9aab7722621ef3afce6511d72	ChPL_21553_RPL30121.pdf	https://rejestrymedyczne.ezdrowie.gov.pl/api/rpl/medicinal-products/30121/characteristic
escitalopram	21581	100305593	30559	Mozarin Swift | 10 mg | Tabletki ulegające rozpadowi w jamie ustnej	80f539a7be8d9c92536b6eac343c69c4126bdeeea58d66e735a04186a81acd4c	ChPL_21581_RPL30559.pdf	https://rejestrymedyczne.ezdrowie.gov.pl/api/rpl/medicinal-products/30559/characteristic
escitalopram	21582	100305601	30560	Mozarin Swift | 15 mg | Tabletki ulegające rozpadowi w jamie ustnej	87cfde6a14aa44a02091d60453a70d1b0700e776ae70d8ecae2be2f9c44eb61c	ChPL_21582_RPL30560.pdf	https://rejestrymedyczne.ezdrowie.gov.pl/api/rpl/medicinal-products/30560/characteristic
escitalopram	21583	100305630	30563	Mozarin Swift | 20 mg | Tabletki ulegające rozpadowi w jamie ustnej	87cfde6a14aa44a02091d60453a70d1b0700e776ae70d8ecae2be2f9c44eb61c	ChPL_21583_RPL30563.pdf	https://rejestrymedyczne.ezdrowie.gov.pl/api/rpl/medicinal-products/30563/characteristic
escitalopram	21584	100305446	30544	ApoEscitaxin ORO | 5 mg | Tabletki ulegające rozpadowi w jamie ustnej	020f6aa605d6d508059e4831af6211f4c7054e8f1d39798d0318057dd5a4a97b	ChPL_21584_RPL30544.pdf	https://rejestrymedyczne.ezdrowie.gov.pl/api/rpl/medicinal-products/30544/characteristic
escitalopram	21585	100305452	30545	ApoEscitaxin ORO | 10 mg | Tabletki ulegające rozpadowi w jamie ustnej	d07913dd414e0ef07b193a1c2bb2268bb1549edd47d3b8db7d93040337f61653	ChPL_21585_RPL30545.pdf	https://rejestrymedyczne.ezdrowie.gov.pl/api/rpl/medicinal-products/30545/characteristic
escitalopram	21586	100305481	30548	ApoEscitaxin ORO | 20 mg | Tabletki ulegające rozpadowi w jamie ustnej	9e68ee3f887f9f1427e5614871049794563924b1e5405f21b63b986ac80963c4	ChPL_21586_RPL30548.pdf	https://rejestrymedyczne.ezdrowie.gov.pl/api/rpl/medicinal-products/30548/characteristic
trazodon	21589	100306256	30625	Trittico XR | 150 mg | Tabletki powlekane o przedłużonym uwalnianiu	9f928681edfeab0ad213e7c4578d2caed10ede0bd0c6daeec1e9d5b62fb64d04	ChPL_21589_RPL30625.pdf	https://rejestrymedyczne.ezdrowie.gov.pl/api/rpl/medicinal-products/30625/characteristic
trazodon	21590	100306285	30628	Trittico XR | 300 mg | Tabletki powlekane o przedłużonym uwalnianiu	9f928681edfeab0ad213e7c4578d2caed10ede0bd0c6daeec1e9d5b62fb64d04	ChPL_21590_RPL30628.pdf	https://rejestrymedyczne.ezdrowie.gov.pl/api/rpl/medicinal-products/30628/characteristic
escitalopram	21645	100307920	30792	Oroes | 10 mg | Tabletki powlekane	2bc5660650fa9070f81fe70db91ad28d6ebbdc3040d59ee0c6d2ca64f09fe2cb	ChPL_21645_RPL30792.pdf	https://rejestrymedyczne.ezdrowie.gov.pl/api/rpl/medicinal-products/30792/characteristic
memantyna	21730	100313635	31363	Cognomem | 10 mg | Tabletki powlekane	ef29227c436ff6ea9ee3c4c95695c64dd6ae12f38934651b75a9976914f0d5c4	ChPL_21730_RPL31363.pdf	https://rejestrymedyczne.ezdrowie.gov.pl/api/rpl/medicinal-products/31363/characteristic
memantyna	21731	100313641	31364	Cognomem | 20 mg | Tabletki powlekane	ef29227c436ff6ea9ee3c4c95695c64dd6ae12f38934651b75a9976914f0d5c4	ChPL_21731_RPL31364.pdf	https://rejestrymedyczne.ezdrowie.gov.pl/api/rpl/medicinal-products/31364/characteristic
lorazepam	21745	100313405	31340	Lorazepam Orion | 1 mg | Tabletki	81e874b087e3aa79d9d777b806859d7b09fb14fab7809c4ccc508ff41a6a33de	ChPL_21745_RPL31340.pdf	https://rejestrymedyczne.ezdrowie.gov.pl/api/rpl/medicinal-products/31340/characteristic
metadon	21746	100310068	31006	Misyo | 10 mg/ml | Koncentrat do sporządzania roztworu doustnego	945804769c8f8cba7de1bb4e5d95307704f051f28570ef4570094babc62e7f3e	ChPL_21746_RPL31006.pdf	https://rejestrymedyczne.ezdrowie.gov.pl/api/rpl/medicinal-products/31006/characteristic
memantyna	21786	100314847	31484	Zenmem | 10 mg | Tabletki ulegające rozpadowi w jamie ustnej	3fcdabd4f385689a91dfec32d4b6a298b6d963fa27969b91c4e151f843bbc385	ChPL_21786_RPL31484.pdf	https://rejestrymedyczne.ezdrowie.gov.pl/api/rpl/medicinal-products/31484/characteristic
memantyna	21787	100314853	31485	Zenmem | 20 mg | Tabletki ulegające rozpadowi w jamie ustnej	3fcdabd4f385689a91dfec32d4b6a298b6d963fa27969b91c4e151f843bbc385	ChPL_21787_RPL31485.pdf	https://rejestrymedyczne.ezdrowie.gov.pl/api/rpl/medicinal-products/31485/characteristic
olanzapina	21795	100314801	31480	Olanzapina Viatris | 5 mg | Tabletki ulegające rozpadowi w jamie ustnej	7f1d20dae5c8352e7f820ddb3ed1e9609a06ad8f191f4522a540e8e628b2d3ca	ChPL_21795_RPL31480.pdf	https://rejestrymedyczne.ezdrowie.gov.pl/api/rpl/medicinal-products/31480/characteristic
olanzapina	21796	100314824	31482	Olanzapina Viatris | 10 mg | Tabletki ulegające rozpadowi w jamie ustnej	bd4980b5d976f20d2d200227672e570bcd14b41e5e3df34e39f80d2d8cf29983	ChPL_21796_RPL31482.pdf	https://rejestrymedyczne.ezdrowie.gov.pl/api/rpl/medicinal-products/31482/characteristic
olanzapina	21797	100314860	31486	Olanzapina Viatris | 15 mg | Tabletki ulegające rozpadowi w jamie ustnej	28dc95c1e596338f301cdc4952d436a09225f2faa6f75f96b3158a123c0d97fb	ChPL_21797_RPL31486.pdf	https://rejestrymedyczne.ezdrowie.gov.pl/api/rpl/medicinal-products/31486/characteristic
olanzapina	21798	100314876	31487	Olanzapina Viatris | 20 mg | Tabletki ulegające rozpadowi w jamie ustnej	b951a3ea8d2ed8a00e1f93598387568d9b283eb7e006ffae4c4addb86d0eae5b	ChPL_21798_RPL31487.pdf	https://rejestrymedyczne.ezdrowie.gov.pl/api/rpl/medicinal-products/31487/characteristic
escitalopram	21838	100315918	31591	Betesda | 10 mg | Tabletki powlekane	b6e29ccf46158cfe84a5da805996a29250f2c0076ff148fa9dde9c2f1f3a0631	ChPL_21838_RPL31591.pdf	https://rejestrymedyczne.ezdrowie.gov.pl/api/rpl/medicinal-products/31591/characteristic
metylofenidat	21934	100322516	32251	Medikinet CR 50 mg | 50 mg | Kapsułki o zmodyfikowanym uwalnianiu, twarde	65ea7012ac47d4b1de746981b8ff48fb4dc332ae3ff7939c0fda03881df01fb3	ChPL_21934_RPL32251.pdf	https://rejestrymedyczne.ezdrowie.gov.pl/api/rpl/medicinal-products/32251/characteristic
metylofenidat	21935	100322522	32252	Medikinet CR 60 mg | 60 mg | Kapsułki o zmodyfikowanym uwalnianiu, twarde	2a004fef2013cc9fbfdc2409b4e141b66c288f770169c87666e3a0512199adff	ChPL_21935_RPL32252.pdf	https://rejestrymedyczne.ezdrowie.gov.pl/api/rpl/medicinal-products/32252/characteristic
escitalopram	22013	100324277	32427	Escitalopram Bluefish | 10 mg | Tabletki powlekane	4727e468b978fa8b023f1f9167f4696414bf8823386e2b1b2ccc686ad7fd551d	ChPL_22013_RPL32427.pdf	https://rejestrymedyczne.ezdrowie.gov.pl/api/rpl/medicinal-products/32427/characteristic
escitalopram	22014	100324283	32428	Escitalopram Bluefish | 20 mg | Tabletki powlekane	4727e468b978fa8b023f1f9167f4696414bf8823386e2b1b2ccc686ad7fd551d	ChPL_22014_RPL32428.pdf	https://rejestrymedyczne.ezdrowie.gov.pl/api/rpl/medicinal-products/32428/characteristic
memantyna	22079	100325970	32597	Memantine Vipharm | 10 mg | Tabletki powlekane	6178b2c6be86da044a1673b330188a117cebeb2fb17d267778c660c6baa2c961	ChPL_22079_RPL32597.pdf	https://rejestrymedyczne.ezdrowie.gov.pl/api/rpl/medicinal-products/32597/characteristic
memantyna	22080	100326388	32638	Memantine Vipharm | 20 mg | Tabletki powlekane	8d0f8704269055bcea2a6ba62ec2f7f83a30fa7043edfd200272ebda3657f32c	ChPL_22080_RPL32638.pdf	https://rejestrymedyczne.ezdrowie.gov.pl/api/rpl/medicinal-products/32638/characteristic
memantyna	22112	100326900	32690	Nemedan | 10 mg | Tabletki powlekane	2c649da28d5f916e36ab9dd77c4caf0d9d756b31109b77267cf569ba2270f2a7	ChPL_22112_RPL32690.pdf	https://rejestrymedyczne.ezdrowie.gov.pl/api/rpl/medicinal-products/32690/characteristic
memantyna	22113	100326922	32692	Nemedan | 20 mg | Tabletki powlekane	4c7df596f2806132b65965f634f07e7fba1413de8a6bd9f522303ad67d807bf3	ChPL_22113_RPL32692.pdf	https://rejestrymedyczne.ezdrowie.gov.pl/api/rpl/medicinal-products/32692/characteristic
arypiprazol	22255	100332319	33231	Aryzalera | 5 mg | Tabletki	c91e7db2bd03221ee8061f69f13eaddf1cb4a79fb4f15497d536469a47903002	ChPL_22255_RPL33231.pdf	https://rejestrymedyczne.ezdrowie.gov.pl/api/rpl/medicinal-products/33231/characteristic
arypiprazol	22256	100332325	33232	Aryzalera | 10 mg | Tabletki	c91e7db2bd03221ee8061f69f13eaddf1cb4a79fb4f15497d536469a47903002	ChPL_22256_RPL33232.pdf	https://rejestrymedyczne.ezdrowie.gov.pl/api/rpl/medicinal-products/33232/characteristic
arypiprazol	22257	100332348	33234	Aryzalera | 15 mg | Tabletki	c91e7db2bd03221ee8061f69f13eaddf1cb4a79fb4f15497d536469a47903002	ChPL_22257_RPL33234.pdf	https://rejestrymedyczne.ezdrowie.gov.pl/api/rpl/medicinal-products/33234/characteristic
arypiprazol	22258	100332360	33236	Aryzalera | 30 mg | Tabletki	c91e7db2bd03221ee8061f69f13eaddf1cb4a79fb4f15497d536469a47903002	ChPL_22258_RPL33236.pdf	https://rejestrymedyczne.ezdrowie.gov.pl/api/rpl/medicinal-products/33236/characteristic
hydroksyzyna	22259	100332302	33230	Hydroxyzinum Hasco | 10 mg/5 ml | Syrop	3ece5c7dd96e50cfce00e210e492445a2030a21e48774973e02811755b1ed98a	ChPL_22259_RPL33230.pdf	https://rejestrymedyczne.ezdrowie.gov.pl/api/rpl/medicinal-products/33230/characteristic
kwetiapina	22260	100332207	33220	Kventiax SR | 150 mg | Tabletki o przedłużonym uwalnianiu	54742c57bdd7f5700a7ccfb749946d02b43920eec58d2541072a1e5db95b8a2c	ChPL_22260_RPL33220.pdf	https://rejestrymedyczne.ezdrowie.gov.pl/api/rpl/medicinal-products/33220/characteristic
kwetiapina	22261	100332213	33221	Kventiax SR | 200 mg | Tabletki o przedłużonym uwalnianiu	911e9184e4afc0c1135bfc090c7060ba906f81c96057f285abc0d9cc5deac6b4	ChPL_22261_RPL33221.pdf	https://rejestrymedyczne.ezdrowie.gov.pl/api/rpl/medicinal-products/33221/characteristic
kwetiapina	22262	100332236	33223	Kventiax SR | 300 mg | Tabletki o przedłużonym uwalnianiu	a75a7885639ff9965017bb04fc28f75609641040ecad79993c51d7b564092fe1	ChPL_22262_RPL33223.pdf	https://rejestrymedyczne.ezdrowie.gov.pl/api/rpl/medicinal-products/33223/characteristic
kwetiapina	22429	100331188	33118	Kvelux SR | 50 mg | Tabletki o przedłużonym uwalnianiu	f44364ac83cc1cd87504462d68310b3df453b526c8b8fdcd8c6ed26e440e3d1f	ChPL_22429_RPL33118.pdf	https://rejestrymedyczne.ezdrowie.gov.pl/api/rpl/medicinal-products/33118/characteristic
kwetiapina	22431	100331225	33122	Kvelux SR | 200 mg | Tabletki o przedłużonym uwalnianiu	3f9c1b71ea888bb0fa201a2742d0bba80d4ce6a84dbe23972a3d78e96dc355db	ChPL_22431_RPL33122.pdf	https://rejestrymedyczne.ezdrowie.gov.pl/api/rpl/medicinal-products/33122/characteristic
kwetiapina	22432	100331231	33123	Kvelux SR | 300 mg | Tabletki o przedłużonym uwalnianiu	b77d3c37e8c7b41638b37e259d7f3b4f6101a57b51abc31997107eeb82418c1b	ChPL_22432_RPL33123.pdf	https://rejestrymedyczne.ezdrowie.gov.pl/api/rpl/medicinal-products/33123/characteristic
kwetiapina	22433	100331248	33124	Kvelux SR | 400 mg | Tabletki o przedłużonym uwalnianiu	cfc51a9e95f6d5f6aa49edb42836678e90c7a2677e967218d4b5435590978bf8	ChPL_22433_RPL33124.pdf	https://rejestrymedyczne.ezdrowie.gov.pl/api/rpl/medicinal-products/33124/characteristic
duloksetyna	22462	100341175	34117	Dulsevia | 30 mg | Kapsułki dojelitowe, twarde	a7cb69c67ac7253a774b42cfedb1ecab44daff2df72c7045860d25eba6254d59	ChPL_22462_RPL34117.pdf	https://rejestrymedyczne.ezdrowie.gov.pl/api/rpl/medicinal-products/34117/characteristic
duloksetyna	22463	100341181	34118	Dulsevia | 60 mg | Kapsułki dojelitowe, twarde	f295eb6eddd3471f784881d757082a20d87cb21fd0933bd9e1e58be9fa9b1bb9	ChPL_22463_RPL34118.pdf	https://rejestrymedyczne.ezdrowie.gov.pl/api/rpl/medicinal-products/34118/characteristic
kwetiapina	22482	100331722	33172	Ketilept retard | 50 mg | Tabletki o przedłużonym uwalnianiu	c64921a26a51982fe414586ac1d897b2a6e0bee023e965fda730cd8e80daba20	ChPL_22482_RPL33172.pdf	https://rejestrymedyczne.ezdrowie.gov.pl/api/rpl/medicinal-products/33172/characteristic
kwetiapina	22483	100331739	33173	Ketilept retard | 150 mg | Tabletki o przedłużonym uwalnianiu	eae5691ad5e1848844e7112fda3891790abe3a8292b28e7dd17455e7fecf3194	ChPL_22483_RPL33173.pdf	https://rejestrymedyczne.ezdrowie.gov.pl/api/rpl/medicinal-products/33173/characteristic
kwetiapina	22484	100331745	33174	Ketilept retard | 200 mg | Tabletki o przedłużonym uwalnianiu	a25de3c0d011a975dfdcc4a6411fb23b8bfd6b2f2abbeca7bde256637f5ebbaf	ChPL_22484_RPL33174.pdf	https://rejestrymedyczne.ezdrowie.gov.pl/api/rpl/medicinal-products/33174/characteristic
kwetiapina	22485	100331751	33175	Ketilept retard | 300 mg | Tabletki o przedłużonym uwalnianiu	285bd287d478c3b15a066a57a96eb679bcda8c397c90d68b582c66b878503e33	ChPL_22485_RPL33175.pdf	https://rejestrymedyczne.ezdrowie.gov.pl/api/rpl/medicinal-products/33175/characteristic
kwetiapina	22486	100331768	33176	Ketilept retard | 400 mg | Tabletki o przedłużonym uwalnianiu	e86e52740b888705a22c4bce98e4ff21e60f108122368b0e088c66fe88156d38	ChPL_22486_RPL33176.pdf	https://rejestrymedyczne.ezdrowie.gov.pl/api/rpl/medicinal-products/33176/characteristic
arypiprazol	22487	100344156	34415	Aribit | 5 mg | Tabletki	8898c6cfc67f8ca0fdb1c12279593686553dfdb4084cb40a376a264c1bff208d	ChPL_22487_RPL34415.pdf	https://rejestrymedyczne.ezdrowie.gov.pl/api/rpl/medicinal-products/34415/characteristic
arypiprazol	22488	100344162	34416	Aribit | 10 mg | Tabletki	8898c6cfc67f8ca0fdb1c12279593686553dfdb4084cb40a376a264c1bff208d	ChPL_22488_RPL34416.pdf	https://rejestrymedyczne.ezdrowie.gov.pl/api/rpl/medicinal-products/34416/characteristic
arypiprazol	22489	100344179	34417	Aribit | 15 mg | Tabletki	8898c6cfc67f8ca0fdb1c12279593686553dfdb4084cb40a376a264c1bff208d	ChPL_22489_RPL34417.pdf	https://rejestrymedyczne.ezdrowie.gov.pl/api/rpl/medicinal-products/34417/characteristic
arypiprazol	22490	100344185	34418	Aribit | 30 mg | Tabletki	8898c6cfc67f8ca0fdb1c12279593686553dfdb4084cb40a376a264c1bff208d	ChPL_22490_RPL34418.pdf	https://rejestrymedyczne.ezdrowie.gov.pl/api/rpl/medicinal-products/34418/characteristic
pregabalina	22531	100341198	34119	Pragiola | 25 mg | Kapsułki twarde	b654ebad52113a891812df936972c4671ef88eec3a7cd1511dd90b80fa299ce9	ChPL_22531_RPL34119.pdf	https://rejestrymedyczne.ezdrowie.gov.pl/api/rpl/medicinal-products/34119/characteristic
pregabalina	22532	100341206	34120	Pragiola | 50 mg | Kapsułki twarde	4068cf23b52d8b06d29d53dddfb1da1bcb3fa70dbe76f995b3518e57538ab725	ChPL_22532_RPL34120.pdf	https://rejestrymedyczne.ezdrowie.gov.pl/api/rpl/medicinal-products/34120/characteristic
pregabalina	22533	100341212	34121	Pragiola | 75 mg | Kapsułki twarde	50bb9e13f64438ada6a3fe9b249800bc9bdb97157b995d3024286591b2330331	ChPL_22533_RPL34121.pdf	https://rejestrymedyczne.ezdrowie.gov.pl/api/rpl/medicinal-products/34121/characteristic
pregabalina	22534	100341229	34122	Pragiola | 100 mg | Kapsułki twarde	c438f2ee754aabe76904a61f4ee2d2f9c0bb967d1d022bc124363738023d82f5	ChPL_22534_RPL34122.pdf	https://rejestrymedyczne.ezdrowie.gov.pl/api/rpl/medicinal-products/34122/characteristic
pregabalina	22535	100341235	34123	Pragiola | 150 mg | Kapsułki twarde	27a570dea41935093e9f1e3094ef23943f21facfaad817547a14165232e79f32	ChPL_22535_RPL34123.pdf	https://rejestrymedyczne.ezdrowie.gov.pl/api/rpl/medicinal-products/34123/characteristic
pregabalina	22536	100341241	34124	Pragiola | 200 mg | Kapsułki twarde	c01dd9444dfd21ca82adf7cbceaed46dcb20130177077eb6987cd49fe62ac951	ChPL_22536_RPL34124.pdf	https://rejestrymedyczne.ezdrowie.gov.pl/api/rpl/medicinal-products/34124/characteristic
pregabalina	22537	100341258	34125	Pragiola | 225 mg | Kapsułki twarde	f4e8355fcda1df910cea668d1f548e812d0e7fcb7b83cd4234a0a9ed95a9e0cf	ChPL_22537_RPL34125.pdf	https://rejestrymedyczne.ezdrowie.gov.pl/api/rpl/medicinal-products/34125/characteristic
pregabalina	22538	100341264	34126	Pragiola | 300 mg | Kapsułki twarde	78daec579f98ed584db59da7f5b4b4d30a14511a58dabf2eb19c16991d685980	ChPL_22538_RPL34126.pdf	https://rejestrymedyczne.ezdrowie.gov.pl/api/rpl/medicinal-products/34126/characteristic
kwetiapina	22542	100347210	34721	Kwetaplex XR | 150 mg | Tabletki o przedłużonym uwalnianiu	210897968a59e020a89515bdf1646770aa19f560e7112d74902a94cb4615e02c	ChPL_22542_RPL34721.pdf	https://rejestrymedyczne.ezdrowie.gov.pl/api/rpl/medicinal-products/34721/characteristic
arypiprazol	22569	100343139	34313	Asduter | 10 mg | Tabletki	eec5e727ddee5b543e971543ef11cc684b6c39a822799ae9ab9d834cba1aaaed	ChPL_22569_RPL34313.pdf	https://rejestrymedyczne.ezdrowie.gov.pl/api/rpl/medicinal-products/34313/characteristic
arypiprazol	22570	100343145	34314	Asduter | 15 mg | Tabletki	b6232b8bcdbdf31d7bf7390abe46bf689e2411eba3ba765d3778a9cb19238411	ChPL_22570_RPL34314.pdf	https://rejestrymedyczne.ezdrowie.gov.pl/api/rpl/medicinal-products/34314/characteristic
arypiprazol	22571	100343151	34315	Asduter | 30 mg | Tabletki	107b4fafe057af646673927c63eb39696f49ed4119778c832fa3012d9066545a	ChPL_22571_RPL34315.pdf	https://rejestrymedyczne.ezdrowie.gov.pl/api/rpl/medicinal-products/34315/characteristic
arypiprazol	22577	100340365	34036	Arypiprazol Glenmark | 15 mg | Tabletki	67a736f15e6cb07133ad8104966e70bfabfeb16f41ee22a702329e9d5058a8fb	ChPL_22577_RPL34036.pdf	https://rejestrymedyczne.ezdrowie.gov.pl/api/rpl/medicinal-products/34036/characteristic
hydroksyzyna	22585	100341844	34184	Hydroxyzinum Polfarmex | 2 mg/ml | Syrop	ac6cd10084bda77b777ae5e20a07076507a08fdcbe63035b0e476b6387350fa9	ChPL_22585_RPL34184.pdf	https://rejestrymedyczne.ezdrowie.gov.pl/api/rpl/medicinal-products/34184/characteristic
arypiprazol	22599	100330697	33069	Apra-swift | 10 mg | Tabletki ulegające rozpadowi w jamie ustnej	1516b21224d82bd883b9e407b350e1f284027efeb1d5e9a7737fe82317f305a6	ChPL_22599_RPL33069.pdf	https://rejestrymedyczne.ezdrowie.gov.pl/api/rpl/medicinal-products/33069/characteristic
arypiprazol	22600	100330711	33071	Apra-swift | 15 mg | Tabletki ulegające rozpadowi w jamie ustnej	1516b21224d82bd883b9e407b350e1f284027efeb1d5e9a7737fe82317f305a6	ChPL_22600_RPL33071.pdf	https://rejestrymedyczne.ezdrowie.gov.pl/api/rpl/medicinal-products/33071/characteristic
arypiprazol	22601	100330728	33072	Apra-swift | 30 mg | Tabletki ulegające rozpadowi w jamie ustnej	1516b21224d82bd883b9e407b350e1f284027efeb1d5e9a7737fe82317f305a6	ChPL_22601_RPL33072.pdf	https://rejestrymedyczne.ezdrowie.gov.pl/api/rpl/medicinal-products/33072/characteristic
hydroksyzyna	22602	100342743	34274	Hydroxyzinum Hasco | 10 mg | Tabletki powlekane	58ea23b9bb4b23a6ed1d209f7c0761eda4c3909012d9322a7990b906aeedc890	ChPL_22602_RPL34274.pdf	https://rejestrymedyczne.ezdrowie.gov.pl/api/rpl/medicinal-products/34274/characteristic
hydroksyzyna	22603	100342750	34275	Hydroxyzinum Hasco | 25,00 mg | Tabletki powlekane	b7ec26817a413024dcb7184ca9776550b0a7b8606d95417a88d5370124565245	ChPL_22603_RPL34275.pdf	https://rejestrymedyczne.ezdrowie.gov.pl/api/rpl/medicinal-products/34275/characteristic
arypiprazol	22610	100345256	34525	Aripilek | 5 mg | Tabletki	abdc8843127db140a52c5704f569b8df6d6a788b8c4aada22d059445d1e51395	ChPL_22610_RPL34525.pdf	https://rejestrymedyczne.ezdrowie.gov.pl/api/rpl/medicinal-products/34525/characteristic
arypiprazol	22611	100345240	34524	Aripilek | 10 mg | Tabletki	7f28204bcb6e3b3a85c972f4e7c091103f0b697cadbc951ca9f9b5e46d12bdb2	ChPL_22611_RPL34524.pdf	https://rejestrymedyczne.ezdrowie.gov.pl/api/rpl/medicinal-products/34524/characteristic
arypiprazol	22612	100345262	34526	Aripilek | 15 mg | Tabletki	19d480b186e38d2ff7886662da85bdc4cea6af25e0d86c9f7d885ffc3b8184ee	ChPL_22612_RPL34526.pdf	https://rejestrymedyczne.ezdrowie.gov.pl/api/rpl/medicinal-products/34526/characteristic
arypiprazol	22613	100345279	34527	Aripilek | 30 mg | Tabletki	fe8a66acf989a84a45419feec95bcae4ebdc81d3024f1a1682e2861c40c9c94b	ChPL_22613_RPL34527.pdf	https://rejestrymedyczne.ezdrowie.gov.pl/api/rpl/medicinal-products/34527/characteristic
pregabalina	22614	100341790	34179	Egzysta | 25 mg | Kapsułki twarde	b8c27b7f1ccc7a51d785a861bf8d33c540b738956c0d45f56f6423dbc5cd2bfe	ChPL_22614_RPL34179.pdf	https://rejestrymedyczne.ezdrowie.gov.pl/api/rpl/medicinal-products/34179/characteristic
pregabalina	22615	100341778	34177	Egzysta | 50 mg | Kapsułki twarde	a3c9adbd3f72d93db33ba91ca74c762acbe56f19f8bb2796b9bd392bf84a96f7	ChPL_22615_RPL34177.pdf	https://rejestrymedyczne.ezdrowie.gov.pl/api/rpl/medicinal-products/34177/characteristic
pregabalina	22616	100341784	34178	Egzysta | 75 mg | Kapsułki twarde	728122088503d84dbb421a492a98a5aa9e3d0fb7fddf356a806d8c9bfd847567	ChPL_22616_RPL34178.pdf	https://rejestrymedyczne.ezdrowie.gov.pl/api/rpl/medicinal-products/34178/characteristic
pregabalina	22617	100341755	34175	Egzysta | 100 mg | Kapsułki twarde	07be786ebc85fb141fc664c75baf0962b8e8c541d433286db2a4595d55f2c535	ChPL_22617_RPL34175.pdf	https://rejestrymedyczne.ezdrowie.gov.pl/api/rpl/medicinal-products/34175/characteristic
pregabalina	22618	100341809	34180	Egzysta | 150 mg | Kapsułki twarde	72658d90c88456417c2e819824673c4d97484cd1b491e68db264ac2e3aa4a98c	ChPL_22618_RPL34180.pdf	https://rejestrymedyczne.ezdrowie.gov.pl/api/rpl/medicinal-products/34180/characteristic
pregabalina	22619	100341815	34181	Egzysta | 200 mg | Kapsułki twarde	d5e55cfac411814865c55346f5dadf9c72f45a547ac9de1b058774e893cb3164	ChPL_22619_RPL34181.pdf	https://rejestrymedyczne.ezdrowie.gov.pl/api/rpl/medicinal-products/34181/characteristic
pregabalina	22620	100341821	34182	Egzysta | 225 mg | Kapsułki twarde	9bb30c738cb5eb7cd6fc5affab8d08013ea5d0d1e58dae0765f1a5dcaffe27e3	ChPL_22620_RPL34182.pdf	https://rejestrymedyczne.ezdrowie.gov.pl/api/rpl/medicinal-products/34182/characteristic
pregabalina	22621	100341838	34183	Egzysta | 300 mg | Kapsułki twarde	4a14969c335da2a7ec71b0d0a0695d14ebc0e73e25f072c518dc4408f672ce0b	ChPL_22621_RPL34183.pdf	https://rejestrymedyczne.ezdrowie.gov.pl/api/rpl/medicinal-products/34183/characteristic
arypiprazol	22675	100345820	34582	Explemed | 10 mg | Tabletki	698d90b85ac9b4e78cea5d87a87df4c1d23a35dd73c7b2178fc63e1b6d25504b	ChPL_22675_RPL34582.pdf	https://rejestrymedyczne.ezdrowie.gov.pl/api/rpl/medicinal-products/34582/characteristic
arypiprazol	22676	100345836	34583	Explemed | 15 mg | Tabletki	3455f148ad4dbd28ac303ce7556ee48a8a02f5073eea4db184b278e8ff0f1d67	ChPL_22676_RPL34583.pdf	https://rejestrymedyczne.ezdrowie.gov.pl/api/rpl/medicinal-products/34583/characteristic
arypiprazol	22677	100345842	34584	Explemed | 30 mg | Tabletki	b504d59482c64d420a2290a0ed1a9d4c48dc52f16f3e4bf186418bfe1304d4b4	ChPL_22677_RPL34584.pdf	https://rejestrymedyczne.ezdrowie.gov.pl/api/rpl/medicinal-products/34584/characteristic
hydroksyzyna	22686	100354692	35469	Hydroxyzinum Amara | 2 mg/ml | Syrop	ce1d8997879fbde347720ea6b53992195072be0f827b5087d26019063718b1c8	ChPL_22686_RPL35469.pdf	https://rejestrymedyczne.ezdrowie.gov.pl/api/rpl/medicinal-products/35469/characteristic
pregabalina	22766	100338492	33849	Pregamid | 25 mg | Kapsułki twarde	40632ca054780f02de99952a0527f6df8aa27b9ff6b2cb6cfbd7f2399e096109	ChPL_22766_RPL33849.pdf	https://rejestrymedyczne.ezdrowie.gov.pl/api/rpl/medicinal-products/33849/characteristic
pregabalina	22768	100345990	34599	Pregamid | 75 mg | Kapsułki twarde	06cc99b4cf19a55ea440515186957b6b3091daf27c7885857e7a24574bb0ef05	ChPL_22768_RPL34599.pdf	https://rejestrymedyczne.ezdrowie.gov.pl/api/rpl/medicinal-products/34599/characteristic
pregabalina	22769	100346008	34600	Pregamid | 150 mg | Kapsułki twarde	007ca9f9e7823d0aa0f92be125ee38cbbe5fb098bc74778f1eaf3efae3aa6d0f	ChPL_22769_RPL34600.pdf	https://rejestrymedyczne.ezdrowie.gov.pl/api/rpl/medicinal-products/34600/characteristic
bupropion	22786	100345368	34536	Oribion | 150 mg | Tabletki o zmodyfikowanym uwalnianiu	901f7b61d9fbcdd8c64539e7c846223be94741d9edda2ace010da6583ad02809	ChPL_22786_RPL34536.pdf	https://rejestrymedyczne.ezdrowie.gov.pl/api/rpl/medicinal-products/34536/characteristic
arypiprazol	22790	100347628	34762	Aripiprazole +pharma | 15 mg | Tabletki	03ea4058dc6bbe0ce16730c84e4dde7409670480eabcd1a641dfc2b70dd52037	ChPL_22790_RPL34762.pdf	https://rejestrymedyczne.ezdrowie.gov.pl/api/rpl/medicinal-products/34762/characteristic
arypiprazol	22851	100350910	35091	Aribit ODT | 10 mg | Tabletki ulegające rozpadowi w jamie ustnej	1e6b2927b02c4e7ccf8b647d6220a71b5cea50ad53ce004c97a68f5479a0ca36	ChPL_22851_RPL35091.pdf	https://rejestrymedyczne.ezdrowie.gov.pl/api/rpl/medicinal-products/35091/characteristic
arypiprazol	22852	100350926	35092	Aribit ODT | 15 mg | Tabletki ulegające rozpadowi w jamie ustnej	1e6b2927b02c4e7ccf8b647d6220a71b5cea50ad53ce004c97a68f5479a0ca36	ChPL_22852_RPL35092.pdf	https://rejestrymedyczne.ezdrowie.gov.pl/api/rpl/medicinal-products/35092/characteristic
arypiprazol	22853	100350932	35093	Aribit ODT | 30 mg | Tabletki ulegające rozpadowi w jamie ustnej	1e6b2927b02c4e7ccf8b647d6220a71b5cea50ad53ce004c97a68f5479a0ca36	ChPL_22853_RPL35093.pdf	https://rejestrymedyczne.ezdrowie.gov.pl/api/rpl/medicinal-products/35093/characteristic
kwetiapina	22900	100334330	33433	Kventiax SR | 50 mg | Tabletki o przedłużonym uwalnianiu	6c6235bbcbcf9ecfa0f4876ffde84e13f813af51c333cdc1ec5a188b301e1f69	ChPL_22900_RPL33433.pdf	https://rejestrymedyczne.ezdrowie.gov.pl/api/rpl/medicinal-products/33433/characteristic
memantyna	22904	100343056	34305	Memolek | 10 mg | Tabletki powlekane	e7f2c87891b23fca84c15d856b6b07917cef7eabc4480aea791c1b978d3cec08	ChPL_22904_RPL34305.pdf	https://rejestrymedyczne.ezdrowie.gov.pl/api/rpl/medicinal-products/34305/characteristic
memantyna	22905	100343062	34306	Memolek | 20 mg | Tabletki powlekane	b13375f1e99bb6983e6ef700c2334847d902c45b1cfcddbd6bf261f7d2b780dd	ChPL_22905_RPL34306.pdf	https://rejestrymedyczne.ezdrowie.gov.pl/api/rpl/medicinal-products/34306/characteristic
duloksetyna	22906	100343530	34353	Dutilox | 30 mg | Kapsułki dojelitowe, twarde	9c74418efdae06d4e42c6bfad6d4baca01f2cb9dc9d95a0cc9434f63001f0c87	ChPL_22906_RPL34353.pdf	https://rejestrymedyczne.ezdrowie.gov.pl/api/rpl/medicinal-products/34353/characteristic
duloksetyna	22907	100343547	34354	Dutilox | 60 mg | Kapsułki dojelitowe, twarde	e24e4990634e62bdad45f0f0fac5833c8afd2f2204078797722335440cc9bd9d	ChPL_22907_RPL34354.pdf	https://rejestrymedyczne.ezdrowie.gov.pl/api/rpl/medicinal-products/34354/characteristic
arypiprazol	23025	100345760	34576	Aripiprazole Orion | 5 mg | Tabletki	e890d5fc1d3525b10551d8751096194c8cbba4dfd3f7d4c123962ab2c2a3ef93	ChPL_23025_RPL34576.pdf	https://rejestrymedyczne.ezdrowie.gov.pl/api/rpl/medicinal-products/34576/characteristic
arypiprazol	23026	100345776	34577	Aripiprazole Orion | 10 mg | Tabletki	e890d5fc1d3525b10551d8751096194c8cbba4dfd3f7d4c123962ab2c2a3ef93	ChPL_23026_RPL34577.pdf	https://rejestrymedyczne.ezdrowie.gov.pl/api/rpl/medicinal-products/34577/characteristic
arypiprazol	23027	100345782	34578	Aripiprazole Orion | 15 mg | Tabletki	e890d5fc1d3525b10551d8751096194c8cbba4dfd3f7d4c123962ab2c2a3ef93	ChPL_23027_RPL34578.pdf	https://rejestrymedyczne.ezdrowie.gov.pl/api/rpl/medicinal-products/34578/characteristic
arypiprazol	23028	100345807	34580	Aripiprazole Orion | 30 mg | Tabletki	e890d5fc1d3525b10551d8751096194c8cbba4dfd3f7d4c123962ab2c2a3ef93	ChPL_23028_RPL34580.pdf	https://rejestrymedyczne.ezdrowie.gov.pl/api/rpl/medicinal-products/34580/characteristic
duloksetyna	23029	100346907	34690	Duloxetine Sandoz | 30 mg | Kapsułki dojelitowe, twarde	1b54aaae17a48157e43181629ecb7be75a39160cf068c7913f025e34f209589d	ChPL_23029_RPL34690.pdf	https://rejestrymedyczne.ezdrowie.gov.pl/api/rpl/medicinal-products/34690/characteristic
duloksetyna	23030	100346913	34691	Duloxetine Sandoz | 60 mg | Kapsułki dojelitowe, twarde	58642b34ffd4339aacd1e53d04dced90fb35dad3a03b905e680676d130361a1a	ChPL_23030_RPL34691.pdf	https://rejestrymedyczne.ezdrowie.gov.pl/api/rpl/medicinal-products/34691/characteristic
arypiprazol	23035	100352463	35246	Aricogan | 5 mg | Tabletki	3e4189b62664539f0568fb7150824302ada29b3bad2de0f6ea34558f8533aeab	ChPL_23035_RPL35246.pdf	https://rejestrymedyczne.ezdrowie.gov.pl/api/rpl/medicinal-products/35246/characteristic
arypiprazol	23036	100352470	35247	Aricogan | 10 mg | Tabletki	da72446d8134de9da183f2116bff4f0d6115d9a901dd20c75739b1e195dc89b7	ChPL_23036_RPL35247.pdf	https://rejestrymedyczne.ezdrowie.gov.pl/api/rpl/medicinal-products/35247/characteristic
arypiprazol	23037	100352486	35248	Aricogan | 15 mg | Tabletki	c714234aa251687aed1a624c1fa548f4b5006c43a8ef9c9413d60c5c6623c617	ChPL_23037_RPL35248.pdf	https://rejestrymedyczne.ezdrowie.gov.pl/api/rpl/medicinal-products/35248/characteristic
arypiprazol	23038	100352492	35249	Aricogan | 30 mg | Tabletki	28ea5469e39fe055a902071d935721c1982a63a9aeb79f410c43192baaf1dbb1	ChPL_23038_RPL35249.pdf	https://rejestrymedyczne.ezdrowie.gov.pl/api/rpl/medicinal-products/35249/characteristic
arypiprazol	23061	100330651	33065	Apra | 5 mg | Tabletki	945c663e5d9d2aebbe9ee45dfc690c5b325787cfc8ef8bb092ac855ef33fb43f	ChPL_23061_RPL33065.pdf	https://rejestrymedyczne.ezdrowie.gov.pl/api/rpl/medicinal-products/33065/characteristic
arypiprazol	23062	100330668	33066	Apra | 10 mg | Tabletki	3087cfeeb7ba816a8a9c7a01dc4b34cb50d76170f6f1ee6e1361d2b59ac49834	ChPL_23062_RPL33066.pdf	https://rejestrymedyczne.ezdrowie.gov.pl/api/rpl/medicinal-products/33066/characteristic
arypiprazol	23063	100330674	33067	Apra | 15 mg | Tabletki	2325989128b9ff0c2b17ba6ed59a31a0a62b2ee211f7fdf1d46417836063f06a	ChPL_23063_RPL33067.pdf	https://rejestrymedyczne.ezdrowie.gov.pl/api/rpl/medicinal-products/33067/characteristic
arypiprazol	23064	100330680	33068	Apra | 30 mg | Tabletki	d380f1b6074d62aeeb25d23dfe386ab29df73401e59ac0a4375af9feb88094aa	ChPL_23064_RPL33068.pdf	https://rejestrymedyczne.ezdrowie.gov.pl/api/rpl/medicinal-products/33068/characteristic
arypiprazol	23082	100352240	35224	Aripiprazole Aurovitas | 15 mg | Tabletki ulegające rozpadowi w jamie ustnej	29bb830974bff26411c03de94c0b12b20fe26c2981c188d626abe44397fdcea0	ChPL_23082_RPL35224.pdf	https://rejestrymedyczne.ezdrowie.gov.pl/api/rpl/medicinal-products/35224/characteristic
escitalopram	23205	100339586	33958	Escitalopram LEK-AM | 5 mg | Tabletki powlekane	08c74c3e52c1b44c5a6407c3e647d94efb89d84cbebfb237f48d5e6a1cdb00ca	ChPL_23205_RPL33958.pdf	https://rejestrymedyczne.ezdrowie.gov.pl/api/rpl/medicinal-products/33958/characteristic
escitalopram	23206	100339592	33959	Escitalopram LEK-AM | 10 mg | Tabletki powlekane	a0bd000c59045c0cf3ae6a5a6cb6d569399abb30bc40eaa7d87f705aec96987e	ChPL_23206_RPL33959.pdf	https://rejestrymedyczne.ezdrowie.gov.pl/api/rpl/medicinal-products/33959/characteristic
escitalopram	23207	100339600	33960	Escitalopram LEK-AM | 15 mg | Tabletki powlekane	a0bd000c59045c0cf3ae6a5a6cb6d569399abb30bc40eaa7d87f705aec96987e	ChPL_23207_RPL33960.pdf	https://rejestrymedyczne.ezdrowie.gov.pl/api/rpl/medicinal-products/33960/characteristic
escitalopram	23208	100339623	33962	Escitalopram LEK-AM | 20 mg | Tabletki powlekane	a0bd000c59045c0cf3ae6a5a6cb6d569399abb30bc40eaa7d87f705aec96987e	ChPL_23208_RPL33962.pdf	https://rejestrymedyczne.ezdrowie.gov.pl/api/rpl/medicinal-products/33962/characteristic
sertralina	23244	100332466	33246	Sastium | 50 mg | Tabletki powlekane	22fcfbf86952e6db7c699f8d0d5fb8cf3679e56232f1c8a112489a80ee9be81e	ChPL_23244_RPL33246.pdf	https://rejestrymedyczne.ezdrowie.gov.pl/api/rpl/medicinal-products/33246/characteristic
sertralina	23245	100332472	33247	Sastium | 100 mg | Tabletki powlekane	c4f230f6789ce86dbdf93caeb25062532221244bef5005df1c722bdd0378c882	ChPL_23245_RPL33247.pdf	https://rejestrymedyczne.ezdrowie.gov.pl/api/rpl/medicinal-products/33247/characteristic
arypiprazol	23246	100330941	33094	Apiprax | 15 mg | Tabletki	f01ba560d7a3f6a8a8c6c7bd9f0eba58b287f9004fdb853e0a5aa844a910e419	ChPL_23246_RPL33094.pdf	https://rejestrymedyczne.ezdrowie.gov.pl/api/rpl/medicinal-products/33094/characteristic
hydroksyzyna	23425	100340939	34093	Hydroxyzinum Adamed | 10 mg | Tabletki powlekane	b62a2f5d43e916f8a0c48f53699d4fc12ea04ef26ed552eafb8c42d9c6bd88a7	ChPL_23425_RPL34093.pdf	https://rejestrymedyczne.ezdrowie.gov.pl/api/rpl/medicinal-products/34093/characteristic
hydroksyzyna	23426	100340945	34094	Hydroxyzinum Adamed | 25 mg | Tabletki powlekane	6740bbc62db262b7529eb39cc99ba4fb4c9e01a1c26c2a8ffc0b9bca7d0b4928	ChPL_23426_RPL34094.pdf	https://rejestrymedyczne.ezdrowie.gov.pl/api/rpl/medicinal-products/34094/characteristic
duloksetyna	23443	100364526	36452	Duloxetine +pharma | 30 mg | Kapsułki dojelitowe, twarde	852bccc02155a1a41f011524950dee0f38d4c9b93a2518ab3238d4396ba175ef	ChPL_23443_RPL36452.pdf	https://rejestrymedyczne.ezdrowie.gov.pl/api/rpl/medicinal-products/36452/characteristic
duloksetyna	23444	100364532	36453	Duloxetine +pharma | 60 mg | Kapsułki dojelitowe, twarde	fe823d6b92cfc64492fc64f52fa78ea6489561992390b9edd1f8ca7f8232c483	ChPL_23444_RPL36453.pdf	https://rejestrymedyczne.ezdrowie.gov.pl/api/rpl/medicinal-products/36453/characteristic
nitrazepam	23497	100332549	33254	Nomefren | 5 mg | Tabletki	4ba24044ab2ae441bb01b57815d5a2694e1b9ebbd7a0a9ee5cef498f3449e891	ChPL_23497_RPL33254.pdf	https://rejestrymedyczne.ezdrowie.gov.pl/api/rpl/medicinal-products/33254/characteristic
melatonina	23539	100346882	34688	Melabiorytm | 5 mg | Tabletki	522a3a94dbfd5a0f8f9bf6d6602f221e76a84746f89e1217b2f7c454fc05489c	ChPL_23539_RPL34688.pdf	https://rejestrymedyczne.ezdrowie.gov.pl/api/rpl/medicinal-products/34688/characteristic
kwetiapina	23617	100373301	37330	KETREL XR | 150 mg | Tabletki o przedłużonym uwalnianiu	c6efe2cc182f69cf2d5607c2143d4acefc653bae77c3fc2b53b1bfdf59df791f	ChPL_23617_RPL37330.pdf	https://rejestrymedyczne.ezdrowie.gov.pl/api/rpl/medicinal-products/37330/characteristic
hydroksyzyna	23689	100356484	35648	Hydroxyzine Orion | 10 mg | Tabletki powlekane	52fd721bd1e57d9bb6629881d36d05dc35ae19ea685ca1d18656c1fe07009c06	ChPL_23689_RPL35648.pdf	https://rejestrymedyczne.ezdrowie.gov.pl/api/rpl/medicinal-products/35648/characteristic
hydroksyzyna	23690	100356490	35649	Hydroxyzine Orion | 25 mg | Tabletki powlekane	23de109f8f8b94e04b0fbb2384a21b9c441bf92dbd41e2b7e81a7aaf296a55ba	ChPL_23690_RPL35649.pdf	https://rejestrymedyczne.ezdrowie.gov.pl/api/rpl/medicinal-products/35649/characteristic
fluoksetyna	23796	100378439	37843	Fluoxetine Aurovitas | 20 mg | Kapsułki twarde	42182c1c9d855e1a62af1de00005078f55dc8740065ae9b774958b9f1633bed3	ChPL_23796_RPL37843.pdf	https://rejestrymedyczne.ezdrowie.gov.pl/api/rpl/medicinal-products/37843/characteristic
gabapentyna	23821	100353959	35395	Gabacol | 100 mg | Kapsułki twarde	816ded7f683ff193742b12b5739a3a2556c6a68d7d43c7cd04d27ed1ed948265	ChPL_23821_RPL35395.pdf	https://rejestrymedyczne.ezdrowie.gov.pl/api/rpl/medicinal-products/35395/characteristic
gabapentyna	23822	100353965	35396	Gabacol | 300 mg | Kapsułki twarde	eb37c459a5656d9191b17508eb4e28e37c978174f74d0e2f8ba9f76dbc7b47d3	ChPL_23822_RPL35396.pdf	https://rejestrymedyczne.ezdrowie.gov.pl/api/rpl/medicinal-products/35396/characteristic
gabapentyna	23823	100353971	35397	Gabacol | 400 mg | Kapsułki twarde	16e74a9b7490414356fd380af6ffee5fa518762545f215eafc2b986ce5fafb1d	ChPL_23823_RPL35397.pdf	https://rejestrymedyczne.ezdrowie.gov.pl/api/rpl/medicinal-products/35397/characteristic
pregabalina	23845	100362941	36294	Linefor | 25 mg | Kapsułki twarde	bcbb289d256a31d8be621ea793d112ecc22ea04c116b94492b01b6e25a85bd0a	ChPL_23845_RPL36294.pdf	https://rejestrymedyczne.ezdrowie.gov.pl/api/rpl/medicinal-products/36294/characteristic
pregabalina	23846	100362964	36296	Linefor | 50 mg | Kapsułki twarde	7417ad47f3c09eec5a232ff7f2eca273d936aef988e86a40483808b6c4805f14	ChPL_23846_RPL36296.pdf	https://rejestrymedyczne.ezdrowie.gov.pl/api/rpl/medicinal-products/36296/characteristic
pregabalina	23847	100362970	36297	Linefor | 75 mg | Kapsułki twarde	54c1577a152db2a8bc0406d6a3e8a2857df25cecd9efaf21b3eed4a899e2d5ea	ChPL_23847_RPL36297.pdf	https://rejestrymedyczne.ezdrowie.gov.pl/api/rpl/medicinal-products/36297/characteristic
pregabalina	23848	100362987	36298	Linefor | 100 mg | Kapsułki twarde	31a7be485237002d63def1247b9fb15d842a893b48f0d7a2598b958d012eae90	ChPL_23848_RPL36298.pdf	https://rejestrymedyczne.ezdrowie.gov.pl/api/rpl/medicinal-products/36298/characteristic
pregabalina	23849	100362993	36299	Linefor | 150 mg | Kapsułki twarde	6c423b32911584418fde5313d37b7ec3d52ceb1f61b4d1aa58bb5d14573f6250	ChPL_23849_RPL36299.pdf	https://rejestrymedyczne.ezdrowie.gov.pl/api/rpl/medicinal-products/36299/characteristic
pregabalina	23850	100363001	36300	Linefor | 200 mg | Kapsułki twarde	4d00d11b8a13508ff2d787c708f4866f969188926b718700983da24a3d99323c	ChPL_23850_RPL36300.pdf	https://rejestrymedyczne.ezdrowie.gov.pl/api/rpl/medicinal-products/36300/characteristic
pregabalina	23851	100363018	36301	Linefor | 225 mg | Kapsułki twarde	a9e9b129b3eb50982c2b8ddcb4a8b358e8b655691698b956d3d908df8284737c	ChPL_23851_RPL36301.pdf	https://rejestrymedyczne.ezdrowie.gov.pl/api/rpl/medicinal-products/36301/characteristic
pregabalina	23852	100363030	36303	Linefor | 300 mg | Kapsułki twarde	753dc01981c431e708633abe86a12c7fcf9a4cf4459fbc935b034e4ce086760e	ChPL_23852_RPL36303.pdf	https://rejestrymedyczne.ezdrowie.gov.pl/api/rpl/medicinal-products/36303/characteristic
metadon	23871	100369245	36924	Sublana | 10 mg/ml | Koncentrat do sporządzania roztworu doustnego	18f2cfc46b6342ee80c4807ef959adeb4f2278cf06523e72283fab18846fd87f	ChPL_23871_RPL36924.pdf	https://rejestrymedyczne.ezdrowie.gov.pl/api/rpl/medicinal-products/36924/characteristic
diazepam	23877	100351417	35141	Diazepam Genoptim | 5 mg | Tabletki	e7026346932248f89a9f1275caffed61abd8a371cbde9c3054b3206d21b27565	ChPL_23877_RPL35141.pdf	https://rejestrymedyczne.ezdrowie.gov.pl/api/rpl/medicinal-products/35141/characteristic
paroksetyna	23909	100353758	35375	Paroxetine Aurovitas | 20 mg | Tabletki powlekane	17c3f509914ced0affecfb1c4f8e5384753d6977b85f61df784c56ba00ea87a7	ChPL_23909_RPL35375.pdf	https://rejestrymedyczne.ezdrowie.gov.pl/api/rpl/medicinal-products/35375/characteristic
kwetiapina	23922	100366436	36643	Bonogren SR | 200 mg | Tabletki o przedłużonym uwalnianiu	cc9b103014682371ac281b62db1e4ae5c0b2704c79637922fc11887f1bd8e378	ChPL_23922_RPL36643.pdf	https://rejestrymedyczne.ezdrowie.gov.pl/api/rpl/medicinal-products/36643/characteristic
kwetiapina	23923	100366442	36644	Bonogren SR | 300 mg | Tabletki o przedłużonym uwalnianiu	8a26527becaad71568e3bf0ee7a8d3314ee2c0a7099b8715cc207a07599893d3	ChPL_23923_RPL36644.pdf	https://rejestrymedyczne.ezdrowie.gov.pl/api/rpl/medicinal-products/36644/characteristic
kwetiapina	23924	100366459	36645	Bonogren SR | 400 mg | Tabletki o przedłużonym uwalnianiu	d4d3cc24413252f858f231e8f6928490e957de085968f796b5282dbaaf39c131	ChPL_23924_RPL36645.pdf	https://rejestrymedyczne.ezdrowie.gov.pl/api/rpl/medicinal-products/36645/characteristic
klozapina	23947	100383587	38358	Clopizam | 25 mg | Tabletki	a318b739f23ec91d4077b58ddf85a47f35dd4af021cb6b3807fb7dc737ea5634	ChPL_23947_RPL38358.pdf	https://rejestrymedyczne.ezdrowie.gov.pl/api/rpl/medicinal-products/38358/characteristic
klozapina	23948	100383593	38359	Clopizam | 50 mg | Tabletki	c60295d3ed4b537dab6c522d6e28dee3046f8978fbf196ef61cf5cfcc57f1b3b	ChPL_23948_RPL38359.pdf	https://rejestrymedyczne.ezdrowie.gov.pl/api/rpl/medicinal-products/38359/characteristic
klozapina	23949	100383601	38360	Clopizam | 100 mg | Tabletki	ac762facce0821fb8c43f331169a94e41531826ef8d0641042eb6c0d4b9363b4	ChPL_23949_RPL38360.pdf	https://rejestrymedyczne.ezdrowie.gov.pl/api/rpl/medicinal-products/38360/characteristic
klozapina	23950	100383618	38361	Clopizam | 200 mg | Tabletki	439ecaa241b2841062747cdba713011dedfe7ebce9f6baa599a330250984ad4f	ChPL_23950_RPL38361.pdf	https://rejestrymedyczne.ezdrowie.gov.pl/api/rpl/medicinal-products/38361/characteristic
promazyna	23984	100358572	35857	Promazine Hasco | 25 mg | Tabletki powlekane	029ccb40193620ec00b746cb6f9b8ee556596c408039fa9f831ac6670fdbccfe	ChPL_23984_RPL35857.pdf	https://rejestrymedyczne.ezdrowie.gov.pl/api/rpl/medicinal-products/35857/characteristic
promazyna	23985	100358589	35858	Promazine Hasco | 50 mg | Tabletki powlekane	e60f0a2cb7f690be3b209fb4f493179bf1a536adcc9a85648174466a9410eac9	ChPL_23985_RPL35858.pdf	https://rejestrymedyczne.ezdrowie.gov.pl/api/rpl/medicinal-products/35858/characteristic
promazyna	23986	100358595	35859	Promazine Hasco | 100 mg | Tabletki powlekane	4e78012c03106ed9494d54fc72c5ed110b7aac95ec344080d095d3da9aba09d4	ChPL_23986_RPL35859.pdf	https://rejestrymedyczne.ezdrowie.gov.pl/api/rpl/medicinal-products/35859/characteristic
alprazolam	23998	100377256	37725	Alprazolam Aurovitas | 0,25 mg | Tabletki	1e0d33a3056b2237958f5ae6b9f27cb3934a84ae0af23ef782568bcee53754c0	ChPL_23998_RPL37725.pdf	https://rejestrymedyczne.ezdrowie.gov.pl/api/rpl/medicinal-products/37725/characteristic
alprazolam	23999	100377262	37726	Alprazolam Aurovitas | 0,5 mg | Tabletki	39ea6a841ed68c599b1e5a869bfe616132b4fac0504f70371f923f4651b95d13	ChPL_23999_RPL37726.pdf	https://rejestrymedyczne.ezdrowie.gov.pl/api/rpl/medicinal-products/37726/characteristic
alprazolam	24000	100377279	37727	Alprazolam Aurovitas | 1 mg | Tabletki	148bf0f65af6d879391e5c4e6c7fa23c944eaedc69bd8cf2db912d9dc52483cb	ChPL_24000_RPL37727.pdf	https://rejestrymedyczne.ezdrowie.gov.pl/api/rpl/medicinal-products/37727/characteristic
duloksetyna	24076	100364710	36471	Depratal | 30 mg | Tabletki dojelitowe	98f24b85e1fe3bc89c3af40fa2544cc2212ca2dbc7f0c964028002aea8125286	ChPL_24076_RPL36471.pdf	https://rejestrymedyczne.ezdrowie.gov.pl/api/rpl/medicinal-products/36471/characteristic
duloksetyna	24077	100364704	36470	Depratal | 60 mg | Tabletki dojelitowe	6ad3cc7f7c3f06ceee8b4fd6c048bf11e083f1f63916939ef41584bedfe67327	ChPL_24077_RPL36470.pdf	https://rejestrymedyczne.ezdrowie.gov.pl/api/rpl/medicinal-products/36470/characteristic
hydroksyzyna	24089	100385480	38548	Hydroxyzinum Polfarmex | 10 mg | Tabletki powlekane	6e4683c5ef79ce40f9add6ff735759cd15d02a8f40892d45f6fb97f701b878d0	ChPL_24089_RPL38548.pdf	https://rejestrymedyczne.ezdrowie.gov.pl/api/rpl/medicinal-products/38548/characteristic
hydroksyzyna	24090	100385497	38549	Hydroxyzinum Polfarmex | 25 mg | Tabletki powlekane	6e4683c5ef79ce40f9add6ff735759cd15d02a8f40892d45f6fb97f701b878d0	ChPL_24090_RPL38549.pdf	https://rejestrymedyczne.ezdrowie.gov.pl/api/rpl/medicinal-products/38549/characteristic
arypiprazol	24150	100381565	38156	Aripiprazole Aurovitas | 15 mg | Tabletki	7a190e30a482d51d9302f8716acece64c30318e38dc59e46db0c29ae8407bf28	ChPL_24150_RPL38156.pdf	https://rejestrymedyczne.ezdrowie.gov.pl/api/rpl/medicinal-products/38156/characteristic
gabapentyna	24184	100390133	39013	Epigapent | 600 mg | Tabletki powlekane	37113f3f05a9b1fe3ed50d426f636390f04e93f62a6521c903e251b6c92701ba	ChPL_24184_RPL39013.pdf	https://rejestrymedyczne.ezdrowie.gov.pl/api/rpl/medicinal-products/39013/characteristic
gabapentyna	24185	100390140	39014	Epigapent | 800 mg | Tabletki powlekane	9d930946a0635655b9f9bd1e25c3446cb53c4f0f75d9e644086e7c0e4622af95	ChPL_24185_RPL39014.pdf	https://rejestrymedyczne.ezdrowie.gov.pl/api/rpl/medicinal-products/39014/characteristic
amisulpryd	24296	100351713	35171	ApoSuprid | 200 mg | Tabletki	36087ff314138972b393c28a16d1eef33c428ec25b3ab4f63641555b4ce5554c	ChPL_24296_RPL35171.pdf	https://rejestrymedyczne.ezdrowie.gov.pl/api/rpl/medicinal-products/35171/characteristic
amisulpryd	24297	100351720	35172	ApoSuprid | 400 mg | Tabletki powlekane	36087ff314138972b393c28a16d1eef33c428ec25b3ab4f63641555b4ce5554c	ChPL_24297_RPL35172.pdf	https://rejestrymedyczne.ezdrowie.gov.pl/api/rpl/medicinal-products/35172/characteristic
olanzapina	24359	100395136	39513	Zolafren | 15 mg | Tabletki powlekane	b0e37959b802f84c06042ecd40f1177d3fedfe26ef671614b29feb07a80f6832	ChPL_24359_RPL39513.pdf	https://rejestrymedyczne.ezdrowie.gov.pl/api/rpl/medicinal-products/39513/characteristic
olanzapina	24360	100395142	39514	Zolafren | 20 mg | Tabletki powlekane	34be7e7a48ab5f574de15895e78d082860f44ab68eaf8101ba3ddaf83c0e636f	ChPL_24360_RPL39514.pdf	https://rejestrymedyczne.ezdrowie.gov.pl/api/rpl/medicinal-products/39514/characteristic
duloksetyna	24371	100381602	38160	Dulsevia | 90 mg | Kapsułki dojelitowe, twarde	6db6884a274edf418f3a6edf5b8079242e898ce039de3d0a4349fa0c403d9a60	ChPL_24371_RPL38160.pdf	https://rejestrymedyczne.ezdrowie.gov.pl/api/rpl/medicinal-products/38160/characteristic
diazepam	24395	100368754	36875	Diazepam Grindeks | 10 mg/2 ml | Roztwór do wstrzykiwań	432b6759b96089151351aab81a29a89bb1060f79d965dbab91302d4689dc42d2	ChPL_24395_RPL36875.pdf	https://rejestrymedyczne.ezdrowie.gov.pl/api/rpl/medicinal-products/36875/characteristic
diazepam	24396	100368760	36876	Diazepam Grindeks | 5 mg | Tabletki	b9b71e81a415323567f10152e1cf6d64f0fe3015b36e15f5a292f95d4cf90a87	ChPL_24396_RPL36876.pdf	https://rejestrymedyczne.ezdrowie.gov.pl/api/rpl/medicinal-products/36876/characteristic
sertralina	24425	100373710	37371	ApoSerta | 50 mg | Tabletki powlekane	edd4b2b85486a045ea4354356a99c46887ff944e8d25eb1a56ec66dca59fe777	ChPL_24425_RPL37371.pdf	https://rejestrymedyczne.ezdrowie.gov.pl/api/rpl/medicinal-products/37371/characteristic
sertralina	24426	100373726	37372	ApoSerta | 100 mg | Tabletki powlekane	546dd4df7374a2645499dcb2a0d14a8255fc07b813be00605e8e2b1fd17d7639	ChPL_24426_RPL37372.pdf	https://rejestrymedyczne.ezdrowie.gov.pl/api/rpl/medicinal-products/37372/characteristic
escitalopram	24487	100348645	34864	Escitalopram Aurovitas | 10 mg | Tabletki powlekane	f8318a05be5e56ef3e3fe29c5d922accf8ad48ced5602ae8072fd5dfd75bcfa5	ChPL_24487_RPL34864.pdf	https://rejestrymedyczne.ezdrowie.gov.pl/api/rpl/medicinal-products/34864/characteristic
escitalopram	24488	100348651	34865	Escitalopram Aurovitas | 15 mg | Tabletki powlekane	143021888057602749b52ca0b81654532fd2459a7f346f35b727c6c67568cfb4	ChPL_24488_RPL34865.pdf	https://rejestrymedyczne.ezdrowie.gov.pl/api/rpl/medicinal-products/34865/characteristic
escitalopram	24489	100348668	34866	Escitalopram Aurovitas | 20 mg | Tabletki powlekane	7c7789f4158a9dc27a6605c80a06b3fb7e95161f5fe20815cfecbc39bb56c12d	ChPL_24489_RPL34866.pdf	https://rejestrymedyczne.ezdrowie.gov.pl/api/rpl/medicinal-products/34866/characteristic
gabapentyna	24513	100354025	35402	Gabapentin Aurovitas | 100 mg | Kapsułki twarde	23d787c2ff80b357cc0134e3da25d7706b10a10420c8df8b52e3b93a27581332	ChPL_24513_RPL35402.pdf	https://rejestrymedyczne.ezdrowie.gov.pl/api/rpl/medicinal-products/35402/characteristic
gabapentyna	24514	100354031	35403	Gabapentin Aurovitas | 300 mg | Kapsułki twarde	0dcf1e5dc97deabaa088e06f467a12f6ac3bd3913db52c43b53854ed3a8fe242	ChPL_24514_RPL35403.pdf	https://rejestrymedyczne.ezdrowie.gov.pl/api/rpl/medicinal-products/35403/characteristic
gabapentyna	24515	100354048	35404	Gabapentin Aurovitas | 400 mg | Kapsułki twarde	2734f09567b75c5b1eb8bb4fc7b5b40f2d0f7096e2d6704c00ae2c2943f34788	ChPL_24515_RPL35404.pdf	https://rejestrymedyczne.ezdrowie.gov.pl/api/rpl/medicinal-products/35404/characteristic
escitalopram	24523	100386440	38644	Escitalopram Genoptim | 10 mg | Tabletki powlekane	6efb7f2078e252d81e2152f9f8c27b9b6969b6b6454955b15433082a74c75034	ChPL_24523_RPL38644.pdf	https://rejestrymedyczne.ezdrowie.gov.pl/api/rpl/medicinal-products/38644/characteristic
trazodon	24736	100375725	37572	Trazodone Neuraxpharm | 50 mg | Tabletki	1302b79d29ac2fcf16ce98ecd7e043328d8ab99c7fb71e40007805c54581a9bf	ChPL_24736_RPL37572.pdf	https://rejestrymedyczne.ezdrowie.gov.pl/api/rpl/medicinal-products/37572/characteristic
trazodon	24737	100375731	37573	Trazodone Neuraxpharm | 100 mg | Tabletki	1302b79d29ac2fcf16ce98ecd7e043328d8ab99c7fb71e40007805c54581a9bf	ChPL_24737_RPL37573.pdf	https://rejestrymedyczne.ezdrowie.gov.pl/api/rpl/medicinal-products/37573/characteristic
trazodon	24738	100375748	37574	Trazodone Neuraxpharm | 150 mg | Tabletki	1302b79d29ac2fcf16ce98ecd7e043328d8ab99c7fb71e40007805c54581a9bf	ChPL_24738_RPL37574.pdf	https://rejestrymedyczne.ezdrowie.gov.pl/api/rpl/medicinal-products/37574/characteristic
klozapina	24746	100384300	38430	Symcloza | 25 mg | Tabletki	3f074e448623ba422054ab9f608fe59802f9a1c2062fb32253e6637239a0e135	ChPL_24746_RPL38430.pdf	https://rejestrymedyczne.ezdrowie.gov.pl/api/rpl/medicinal-products/38430/characteristic
klozapina	24748	100384322	38432	Symcloza | 100 mg | Tabletki	3f074e448623ba422054ab9f608fe59802f9a1c2062fb32253e6637239a0e135	ChPL_24748_RPL38432.pdf	https://rejestrymedyczne.ezdrowie.gov.pl/api/rpl/medicinal-products/38432/characteristic
klozapina	24749	100384339	38433	Symcloza | 200 mg | Tabletki	3f074e448623ba422054ab9f608fe59802f9a1c2062fb32253e6637239a0e135	ChPL_24749_RPL38433.pdf	https://rejestrymedyczne.ezdrowie.gov.pl/api/rpl/medicinal-products/38433/characteristic
wenlafaksyna	24809	100333862	33386	Lafactin | 37,5 mg | Kapsułki o przedłużonym uwalnianiu, twarde	2149a9008db8e51766221d9caf6992fb9d776e0d0fb78b5eca402c5701a720cf	ChPL_24809_RPL33386.pdf	https://rejestrymedyczne.ezdrowie.gov.pl/api/rpl/medicinal-products/33386/characteristic
wenlafaksyna	24810	100333879	33387	Lafactin | 75 mg | Kapsułki o przedłużonym uwalnianiu, twarde	37ea5bc16948e0e0d3a158b1cb305ba1f13d3e5ddf0c16fb706b92d9e7583500	ChPL_24810_RPL33387.pdf	https://rejestrymedyczne.ezdrowie.gov.pl/api/rpl/medicinal-products/33387/characteristic
wenlafaksyna	24811	100333885	33388	Lafactin | 150 mg | Kapsułki o przedłużonym uwalnianiu, twarde	5e1767b4823549375eea12c21e38467d437ae11323d4ee80759002894bfaaa9a	ChPL_24811_RPL33388.pdf	https://rejestrymedyczne.ezdrowie.gov.pl/api/rpl/medicinal-products/33388/characteristic
pregabalina	24827	100388018	38801	Naxalgan | 75 mg | Kapsułki twarde	3f25623a53a46ed5d5f9a9bf73dcc86e7253679f4acb933fa30bd0ab3cb60ff6	ChPL_24827_RPL38801.pdf	https://rejestrymedyczne.ezdrowie.gov.pl/api/rpl/medicinal-products/38801/characteristic
pregabalina	24828	100388024	38802	Naxalgan | 150 mg | Kapsułki twarde	9687e1ff42b3dbf9221e9ebe441b411bbd9e6b0fa659c97ed5690282a7e2778e	ChPL_24828_RPL38802.pdf	https://rejestrymedyczne.ezdrowie.gov.pl/api/rpl/medicinal-products/38802/characteristic
pregabalina	24829	100388030	38803	Naxalgan | 300 mg | Kapsułki twarde	7977bf9d3196725e0658eff0b4298225d692358ecfee41bd64f34c43fba3f8e2	ChPL_24829_RPL38803.pdf	https://rejestrymedyczne.ezdrowie.gov.pl/api/rpl/medicinal-products/38803/characteristic
mianseryna	24857	100351660	35166	Deprexolet | 60 mg | Tabletki powlekane	39432b56b4adc53d14d5aa3ef91b25af7b88059784e79783930beb395e7a7808	ChPL_24857_RPL35166.pdf	https://rejestrymedyczne.ezdrowie.gov.pl/api/rpl/medicinal-products/35166/characteristic
kwetiapina	24860	100374890	37489	Kventiax SR | 400 mg | Tabletki o przedłużonym uwalnianiu	461bc35e79a76845738b3580e733b916021e33a0a8ce2de93e84693076941c4e	ChPL_24860_RPL37489.pdf	https://rejestrymedyczne.ezdrowie.gov.pl/api/rpl/medicinal-products/37489/characteristic
sulpiryd	24865	100406963	40696	Sulpiryd Hasco | 50 mg | Tabletki	850487db52ad4d135213b813de122e7459405278c332ab89756b0a767694b9fc	ChPL_24865_RPL40696.pdf	https://rejestrymedyczne.ezdrowie.gov.pl/api/rpl/medicinal-products/40696/characteristic
sulpiryd	24866	100406970	40697	Sulpiryd Hasco | 100 mg | Tabletki	b8ce01c543342c2d1d904432cae6d95ee3f26da4c0e737c6e2e46385f9a3500b	ChPL_24866_RPL40697.pdf	https://rejestrymedyczne.ezdrowie.gov.pl/api/rpl/medicinal-products/40697/characteristic
sulpiryd	24867	100406986	40698	Sulpiryd Hasco | 200 mg | Tabletki	97f8b6eb9cf5e39a2ac29080ccaad8a6452187deb4d26e93ff75e084c93d5c64	ChPL_24867_RPL40698.pdf	https://rejestrymedyczne.ezdrowie.gov.pl/api/rpl/medicinal-products/40698/characteristic
paliperydon	24889	100389650	38965	Parnido | 3 mg | Tabletki o przedłużonym uwalnianiu	663e16c91a4ef6b895f51a0cf1d0417c32623f400d56a6da2906ff278a5c2e83	ChPL_24889_RPL38965.pdf	https://rejestrymedyczne.ezdrowie.gov.pl/api/rpl/medicinal-products/38965/characteristic
paliperydon	24890	100389667	38966	Parnido | 6 mg | Tabletki o przedłużonym uwalnianiu	663e16c91a4ef6b895f51a0cf1d0417c32623f400d56a6da2906ff278a5c2e83	ChPL_24890_RPL38966.pdf	https://rejestrymedyczne.ezdrowie.gov.pl/api/rpl/medicinal-products/38966/characteristic
paliperydon	24891	100389673	38967	Parnido | 9 mg | Tabletki o przedłużonym uwalnianiu	663e16c91a4ef6b895f51a0cf1d0417c32623f400d56a6da2906ff278a5c2e83	ChPL_24891_RPL38967.pdf	https://rejestrymedyczne.ezdrowie.gov.pl/api/rpl/medicinal-products/38967/characteristic
agomelatyna	25001	100392215	39221	Agomelatyna Egis | 25 mg | Tabletki powlekane	b4a98ce85111aa69c06f48c50b025659a09856564d941bc7efe6cc749fbcf176	ChPL_25001_RPL39221.pdf	https://rejestrymedyczne.ezdrowie.gov.pl/api/rpl/medicinal-products/39221/characteristic
agomelatyna	25016	100385014	38501	Agomelatine Adamed | 25 mg | Tabletki powlekane	bbf306b5a2030baa68ae14cd6718deb444115f898dd289c2140df7d33e88701f	ChPL_25016_RPL38501.pdf	https://rejestrymedyczne.ezdrowie.gov.pl/api/rpl/medicinal-products/38501/characteristic
agomelatyna	25022	100385008	38500	Agolek | 25 mg | Tabletki powlekane	122cb01c1d90a19e84f037c6dca3f7c178686e8bed618add6087432c097bd4f7	ChPL_25022_RPL38500.pdf	https://rejestrymedyczne.ezdrowie.gov.pl/api/rpl/medicinal-products/38500/characteristic
agomelatyna	25025	100401813	40181	Lamegom | 25 mg | Tabletki powlekane	d3b949d9536c78247ce4f5a67854b8743434c59fb6a937c9911f0aedfbdcae5c	ChPL_25025_RPL40181.pdf	https://rejestrymedyczne.ezdrowie.gov.pl/api/rpl/medicinal-products/40181/characteristic
pregabalina	25031	100402304	40230	Tabagine | 75 mg | Kapsułki twarde	a9feee5176bc7d0ebfe948e17c13b60bb3afb605720e141016d97266afd58a4e	ChPL_25031_RPL40230.pdf	https://rejestrymedyczne.ezdrowie.gov.pl/api/rpl/medicinal-products/40230/characteristic
pregabalina	25032	100402310	40231	Tabagine | 150 mg | Kapsułki twarde	f75cc2c451740bd7f33b98fe9fb7f2decc8bb05503bf09288e21df43502a70f2	ChPL_25032_RPL40231.pdf	https://rejestrymedyczne.ezdrowie.gov.pl/api/rpl/medicinal-products/40231/characteristic
pregabalina	25033	100402327	40232	Tabagine | 300 mg | Kapsułki twarde	7970df75b108b649e068be59f936fc3e3e9edf989142a24f8707f6a5025af911	ChPL_25033_RPL40232.pdf	https://rejestrymedyczne.ezdrowie.gov.pl/api/rpl/medicinal-products/40232/characteristic
agomelatyna	25043	100401836	40183	Agomelatine +pharma | 25 mg | Tabletki powlekane	2fb4d9145626a19afcb4bdef23af7f86b91e689ad61797cc93bf77eb2c771909	ChPL_25043_RPL40183.pdf	https://rejestrymedyczne.ezdrowie.gov.pl/api/rpl/medicinal-products/40183/characteristic
atomoksetyna	25070	100391049	39104	Konaten | 10 mg | Kapsułki twarde	ac1f1d0ccad7465a689f545ea8996936f727ab29152136200a5b90c744e340cd	ChPL_25070_RPL39104.pdf	https://rejestrymedyczne.ezdrowie.gov.pl/api/rpl/medicinal-products/39104/characteristic
atomoksetyna	25071	100391055	39105	Konaten | 18 mg | Kapsułki twarde	b626f8a184c17278e0e0fe29b4ac9d402e91760cc2d7bfc01456dacc483341ff	ChPL_25071_RPL39105.pdf	https://rejestrymedyczne.ezdrowie.gov.pl/api/rpl/medicinal-products/39105/characteristic
atomoksetyna	25072	100391061	39106	Konaten | 25 mg | Kapsułki twarde	b7ebb2efe99ffdfc63fc473042cd3918100bb1d702b9db976468075f335a7b30	ChPL_25072_RPL39106.pdf	https://rejestrymedyczne.ezdrowie.gov.pl/api/rpl/medicinal-products/39106/characteristic
atomoksetyna	25073	100391078	39107	Konaten | 40 mg | Kapsułki twarde	2c24b3e0d31e0151077901735870cf80dcd06ceb7c5f6e40ea00dec0a1d56dc2	ChPL_25073_RPL39107.pdf	https://rejestrymedyczne.ezdrowie.gov.pl/api/rpl/medicinal-products/39107/characteristic
bupropion	25096	100390914	39091	Bupropion Accord | 300 mg | Tabletki o zmodyfikowanym uwalnianiu	13cfa12d5345a2e3e84fa46bead5db457460d80944a2a72a06b3572638dfda08	ChPL_25096_RPL39091.pdf	https://rejestrymedyczne.ezdrowie.gov.pl/api/rpl/medicinal-products/39091/characteristic
zolpidem	25120	100390179	39017	ApoZolpin | 10 mg | Tabletki powlekane	29a57ad9396ab2c7d9baf5e1344e56cacba4b4c451d38d05c2a5bff619ff94cc	ChPL_25120_RPL39017.pdf	https://rejestrymedyczne.ezdrowie.gov.pl/api/rpl/medicinal-products/39017/characteristic
atomoksetyna	25125	100390920	39092	Auroxetyn | 10 mg | Kapsułki twarde	964db42106721410e471337615769c4913124c6c229870ed660ee3fce442ccd9	ChPL_25125_RPL39092.pdf	https://rejestrymedyczne.ezdrowie.gov.pl/api/rpl/medicinal-products/39092/characteristic
atomoksetyna	25126	100390937	39093	Auroxetyn | 18 mg | Kapsułki twarde	64479be89595e341e713592f0bc69a60e2e3f5ea6f1b8c7284a96e020c1fd11b	ChPL_25126_RPL39093.pdf	https://rejestrymedyczne.ezdrowie.gov.pl/api/rpl/medicinal-products/39093/characteristic
atomoksetyna	25127	100390950	39095	Auroxetyn | 25 mg | Kapsułki twarde	0bef7e34a613327e0c47c12adc802979290034db8d0ad0b32818d4b111b85584	ChPL_25127_RPL39095.pdf	https://rejestrymedyczne.ezdrowie.gov.pl/api/rpl/medicinal-products/39095/characteristic
atomoksetyna	25128	100390966	39096	Auroxetyn | 40 mg | Kapsułki twarde	033c66f46967dafd98473cd9b35b0d67aeaafb1885ff7f4060fda8ff5d08dc8c	ChPL_25128_RPL39096.pdf	https://rejestrymedyczne.ezdrowie.gov.pl/api/rpl/medicinal-products/39096/characteristic
zopiklon	25129	100390162	39016	ApoDream | 7,5 mg | Tabletki powlekane	520a2351547c7fc3b56534b551a9132962252a6f3759f59916885ba1f609e5cd	ChPL_25129_RPL39016.pdf	https://rejestrymedyczne.ezdrowie.gov.pl/api/rpl/medicinal-products/39016/characteristic
bromazepam	25162	100398867	39886	Bromox | 3 mg | Kapsułki twarde	0bcb94cd4f01a48410f3719c38877d74420ac07e1d52fec0fdceb6c8c7953344	ChPL_25162_RPL39886.pdf	https://rejestrymedyczne.ezdrowie.gov.pl/api/rpl/medicinal-products/39886/characteristic
bromazepam	25163	100398873	39887	Bromox | 6 mg | Kapsułki twarde	0bcb94cd4f01a48410f3719c38877d74420ac07e1d52fec0fdceb6c8c7953344	ChPL_25163_RPL39887.pdf	https://rejestrymedyczne.ezdrowie.gov.pl/api/rpl/medicinal-products/39887/characteristic
duloksetyna	25187	100406147	40614	Dulxetenon | 30 mg | Kapsułki dojelitowe, twarde	1e0d247ce0f03c855e52c04060b67e45095aa970516c726ebad47ba714ff15dd	ChPL_25187_RPL40614.pdf	https://rejestrymedyczne.ezdrowie.gov.pl/api/rpl/medicinal-products/40614/characteristic
duloksetyna	25188	100406153	40615	Dulxetenon | 60 mg | Kapsułki dojelitowe, twarde	ad47e54df25b7ed9b534c26b564b447661976da462d0cbb29461140e859a6fb6	ChPL_25188_RPL40615.pdf	https://rejestrymedyczne.ezdrowie.gov.pl/api/rpl/medicinal-products/40615/characteristic
agomelatyna	25201	100401842	40184	Agomelatine G.L. Pharma | 25 mg | Tabletki powlekane	2d683cfc5952be149f66344a350b66c54c75c6d081a7f1a0fd3677d33cb069c0	ChPL_25201_RPL40184.pdf	https://rejestrymedyczne.ezdrowie.gov.pl/api/rpl/medicinal-products/40184/characteristic
kwetiapina	25217	100399737	39973	Quetiapine Orion | 25 mg | Tabletki powlekane	cdc084b0c238b63bc42456eec83bd15d5ebe2e63b59534c3534bbb326db5ecc4	ChPL_25217_RPL39973.pdf	https://rejestrymedyczne.ezdrowie.gov.pl/api/rpl/medicinal-products/39973/characteristic
kwetiapina	25218	100399743	39974	Quetiapine Orion | 100 mg | Tabletki powlekane	2596a2f7e51db30700f99e12200f5e53fcfc59932bddaaf17de541e11a6f98ef	ChPL_25218_RPL39974.pdf	https://rejestrymedyczne.ezdrowie.gov.pl/api/rpl/medicinal-products/39974/characteristic
kwetiapina	25219	100399750	39975	Quetiapine Orion | 200 mg | Tabletki powlekane	6406e82de9680d0c11f48b08565fa4b8a2f4d7f34214aab71c9ac3081c35f358	ChPL_25219_RPL39975.pdf	https://rejestrymedyczne.ezdrowie.gov.pl/api/rpl/medicinal-products/39975/characteristic
kwetiapina	25220	100399766	39976	Quetiapine Orion | 300 mg | Tabletki powlekane	860f1b4ee6f9e382944d019c3810eb07fa8184f8c7cd243d436c6fa9784d5584	ChPL_25220_RPL39976.pdf	https://rejestrymedyczne.ezdrowie.gov.pl/api/rpl/medicinal-products/39976/characteristic
pregabalina	25295	100394639	39463	Preato | 75 mg | Tabletki	a359b9f99aafabdf1d5d80f6abe67c8fb2c6cabb23781527562a6987fb5245f9	ChPL_25295_RPL39463.pdf	https://rejestrymedyczne.ezdrowie.gov.pl/api/rpl/medicinal-products/39463/characteristic
pregabalina	25296	100394645	39464	Preato | 100 mg | Tabletki	dd5119fac69b496daab31d2f224118d4526363873af50fc093e6c72c740c1a23	ChPL_25296_RPL39464.pdf	https://rejestrymedyczne.ezdrowie.gov.pl/api/rpl/medicinal-products/39464/characteristic
pregabalina	25297	100394651	39465	Preato | 150 mg | Tabletki	3f2a11fcf7b26cc975d89566647a657cfb63c500bb53c10ceaf17984345d7488	ChPL_25297_RPL39465.pdf	https://rejestrymedyczne.ezdrowie.gov.pl/api/rpl/medicinal-products/39465/characteristic
pregabalina	25298	100394668	39466	Preato | 200 mg | Tabletki	98037038286ebc4b802ed62ca3bc684254a9c3e1ccab51c9d3d1940a2c2d57c5	ChPL_25298_RPL39466.pdf	https://rejestrymedyczne.ezdrowie.gov.pl/api/rpl/medicinal-products/39466/characteristic
donepezil	25336	100396331	39633	Memorion | 5 mg | Tabletki powlekane	8f04eb5cc17d83cbbddb8d494ce79522d21e34f14faa4955095699a7dbb62db6	ChPL_25336_RPL39633.pdf	https://rejestrymedyczne.ezdrowie.gov.pl/api/rpl/medicinal-products/39633/characteristic
donepezil	25337	100396348	39634	Memorion | 10 mg | Tabletki powlekane	8f04eb5cc17d83cbbddb8d494ce79522d21e34f14faa4955095699a7dbb62db6	ChPL_25337_RPL39634.pdf	https://rejestrymedyczne.ezdrowie.gov.pl/api/rpl/medicinal-products/39634/characteristic
temazepam	25374	100399186	39918	Teseda | 10 mg | Tabletki	955470e58023e40c184b251e59981ab69fe0106a0deb3f9a5ac27a37037dc34d	ChPL_25374_RPL39918.pdf	https://rejestrymedyczne.ezdrowie.gov.pl/api/rpl/medicinal-products/39918/characteristic
arypiprazol	25388	100395596	39559	Arpixor | 5 mg | Tabletki	28d81e648d833df1d6c7f41ab591fca36f3c8be8ba2327b533fc9852d142f04e	ChPL_25388_RPL39559.pdf	https://rejestrymedyczne.ezdrowie.gov.pl/api/rpl/medicinal-products/39559/characteristic
arypiprazol	25389	100395604	39560	Arpixor | 10 mg | Tabletki	28d81e648d833df1d6c7f41ab591fca36f3c8be8ba2327b533fc9852d142f04e	ChPL_25389_RPL39560.pdf	https://rejestrymedyczne.ezdrowie.gov.pl/api/rpl/medicinal-products/39560/characteristic
arypiprazol	25390	100395610	39561	Arpixor | 15 mg | Tabletki	28d81e648d833df1d6c7f41ab591fca36f3c8be8ba2327b533fc9852d142f04e	ChPL_25390_RPL39561.pdf	https://rejestrymedyczne.ezdrowie.gov.pl/api/rpl/medicinal-products/39561/characteristic
arypiprazol	25391	100395627	39562	Arpixor | 20 mg | Tabletki	28d81e648d833df1d6c7f41ab591fca36f3c8be8ba2327b533fc9852d142f04e	ChPL_25391_RPL39562.pdf	https://rejestrymedyczne.ezdrowie.gov.pl/api/rpl/medicinal-products/39562/characteristic
arypiprazol	25392	100395633	39563	Arpixor | 30 mg | Tabletki	28d81e648d833df1d6c7f41ab591fca36f3c8be8ba2327b533fc9852d142f04e	ChPL_25392_RPL39563.pdf	https://rejestrymedyczne.ezdrowie.gov.pl/api/rpl/medicinal-products/39563/characteristic
klozapina	25450	100396213	39621	Ayupil | 12,5 mg | Tabletki ulegające rozpadowi w jamie ustnej	cb22b0579b8836475efcba4d15d71def3ef33a8f2148ca86c9fd294166f1b11e	ChPL_25450_RPL39621.pdf	https://rejestrymedyczne.ezdrowie.gov.pl/api/rpl/medicinal-products/39621/characteristic
klozapina	25451	100396220	39622	Ayupil | 25 mg | Tabletki ulegające rozpadowi w jamie ustnej	cb22b0579b8836475efcba4d15d71def3ef33a8f2148ca86c9fd294166f1b11e	ChPL_25451_RPL39622.pdf	https://rejestrymedyczne.ezdrowie.gov.pl/api/rpl/medicinal-products/39622/characteristic
klozapina	25452	100396236	39623	Ayupil | 100 mg | Tabletki ulegające rozpadowi w jamie ustnej	cb22b0579b8836475efcba4d15d71def3ef33a8f2148ca86c9fd294166f1b11e	ChPL_25452_RPL39623.pdf	https://rejestrymedyczne.ezdrowie.gov.pl/api/rpl/medicinal-products/39623/characteristic
klozapina	25453	100396242	39624	Ayupil | 200 mg | Tabletki ulegające rozpadowi w jamie ustnej	cb22b0579b8836475efcba4d15d71def3ef33a8f2148ca86c9fd294166f1b11e	ChPL_25453_RPL39624.pdf	https://rejestrymedyczne.ezdrowie.gov.pl/api/rpl/medicinal-products/39624/characteristic
amisulpryd	25466	100402758	40275	Symamis | 50 mg | Tabletki	a04e70e6ea232343f3b3ca4342df464a44da4eca447fd16f2742a9ac113a7b29	ChPL_25466_RPL40275.pdf	https://rejestrymedyczne.ezdrowie.gov.pl/api/rpl/medicinal-products/40275/characteristic
amisulpryd	25467	100402764	40276	Symamis | 100 mg | Tabletki	a04e70e6ea232343f3b3ca4342df464a44da4eca447fd16f2742a9ac113a7b29	ChPL_25467_RPL40276.pdf	https://rejestrymedyczne.ezdrowie.gov.pl/api/rpl/medicinal-products/40276/characteristic
amisulpryd	25468	100402770	40277	Symamis | 200 mg | Tabletki	a04e70e6ea232343f3b3ca4342df464a44da4eca447fd16f2742a9ac113a7b29	ChPL_25468_RPL40277.pdf	https://rejestrymedyczne.ezdrowie.gov.pl/api/rpl/medicinal-products/40277/characteristic
amisulpryd	25469	100402787	40278	Symamis | 400 mg | Tabletki	a04e70e6ea232343f3b3ca4342df464a44da4eca447fd16f2742a9ac113a7b29	ChPL_25469_RPL40278.pdf	https://rejestrymedyczne.ezdrowie.gov.pl/api/rpl/medicinal-products/40278/characteristic
metadon	25492	100402132	40213	Methadone hydrochloride INN-FARM | 1 mg/ml | Roztwór doustny	37ffabbcfadf7e48e74a2b8cc548a0b99cccb05de5e37256295642ab9f9e8cfa	ChPL_25492_RPL40213.pdf	https://rejestrymedyczne.ezdrowie.gov.pl/api/rpl/medicinal-products/40213/characteristic
atomoksetyna	25508	100397715	39771	Atomoksetyna Medice | 10 mg | Tabletki powlekane	c03fe90b2ae603bdb4180ea802cf5e1f26846601cde4ce3229752ab195f7d1b5	ChPL_25508_RPL39771.pdf	https://rejestrymedyczne.ezdrowie.gov.pl/api/rpl/medicinal-products/39771/characteristic
atomoksetyna	25509	100397721	39772	Atomoksetyna Medice | 18 mg | Tabletki powlekane	056626744fda5db423bdfd12b9bd6bdc32c076ef5122b22e633804b8f5ea0a85	ChPL_25509_RPL39772.pdf	https://rejestrymedyczne.ezdrowie.gov.pl/api/rpl/medicinal-products/39772/characteristic
atomoksetyna	25510	100397767	39776	Atomoksetyna Medice | 25 mg | Tabletki powlekane	ec519bf72f09e1ecc51012b5e168e943c778892c74b49cf6294efeb0287969bf	ChPL_25510_RPL39776.pdf	https://rejestrymedyczne.ezdrowie.gov.pl/api/rpl/medicinal-products/39776/characteristic
atomoksetyna	25511	100397900	39790	Atomoksetyna Medice | 40 mg | Tabletki powlekane	c3702b286b51602efbb25e76b94d6173ca9686331a8bbc1888d66516953d0425	ChPL_25511_RPL39790.pdf	https://rejestrymedyczne.ezdrowie.gov.pl/api/rpl/medicinal-products/39790/characteristic
pregabalina	25515	100394349	39434	Pregabalin Pharmalab | 75 mg | Kapsułki twarde	2e5e70c9b494cb7351da8f05a7210654d84d85d6d4a7039086755037a056130d	ChPL_25515_RPL39434.pdf	https://rejestrymedyczne.ezdrowie.gov.pl/api/rpl/medicinal-products/39434/characteristic
pregabalina	25516	100394355	39435	Pregabalin Pharmalab | 150 mg | Kapsułki twarde	b82422d17c81c3280e757a6f02b2ddbd555cbff04c70ff8d803f327a411eb242	ChPL_25516_RPL39435.pdf	https://rejestrymedyczne.ezdrowie.gov.pl/api/rpl/medicinal-products/39435/characteristic
pregabalina	25517	100394361	39436	Pregabalin Pharmalab | 300 mg | Kapsułki twarde	2b6917679516c65b6c359c7d9b030b1055b3156528bf9f15d9b2eb87d2b96ae5	ChPL_25517_RPL39436.pdf	https://rejestrymedyczne.ezdrowie.gov.pl/api/rpl/medicinal-products/39436/characteristic
amisulpryd	25528	100406377	40637	Amipryd | 100 mg | Tabletki	eb57983e428ceb58b9fbe27e4d6d5e4229e871382c53e6a16e045523ce9c63a5	ChPL_25528_RPL40637.pdf	https://rejestrymedyczne.ezdrowie.gov.pl/api/rpl/medicinal-products/40637/characteristic
amisulpryd	25529	100406383	40638	Amipryd | 200 mg | Tabletki	fe95fdb2e806c0fb27bcf02f4b5c9ec72b584d1fe04f7b4beca97b431091ac92	ChPL_25529_RPL40638.pdf	https://rejestrymedyczne.ezdrowie.gov.pl/api/rpl/medicinal-products/40638/characteristic
amisulpryd	25530	100406390	40639	Amipryd | 400 mg | Tabletki	95978ae96a21d0eecc124dce2dbe7d0c99aeb8c8fa92286c27f97a980b5cbc5c	ChPL_25530_RPL40639.pdf	https://rejestrymedyczne.ezdrowie.gov.pl/api/rpl/medicinal-products/40639/characteristic
duloksetyna	25656	100328430	32843	Dulofor | 30 mg | Kapsułki dojelitowe, twarde	68ccc7a25cef04645855ccf57355591ba4e0fdfbaf9695d71cce4611f33918ac	ChPL_25656_RPL32843.pdf	https://rejestrymedyczne.ezdrowie.gov.pl/api/rpl/medicinal-products/32843/characteristic
duloksetyna	25657	100328447	32844	Dulofor | 60 mg | Kapsułki dojelitowe, twarde	0ecfd214dbf44e9da3a73cd40b3b8456b70f6186ed0be77a5da423b3fee9f919	ChPL_25657_RPL32844.pdf	https://rejestrymedyczne.ezdrowie.gov.pl/api/rpl/medicinal-products/32844/characteristic
melatonina	25668	100422643	42264	Melatonina Pharma Nord | 3 mg | Tabletki powlekane	935ea671a207a6ccf7d2f22b3ff92fbd5bfbf5308921fb55c5fba048b8cf6a10	ChPL_25668_RPL42264.pdf	https://rejestrymedyczne.ezdrowie.gov.pl/api/rpl/medicinal-products/42264/characteristic
melatonina	25675	100402735	40273	Sental | 3 mg | Tabletki	3768313b2484c9a6b3ffb4d2dc6871be1032c3f06db6dce1088fa5df42271bdd	ChPL_25675_RPL40273.pdf	https://rejestrymedyczne.ezdrowie.gov.pl/api/rpl/medicinal-products/40273/characteristic
melatonina	25676	100402741	40274	Sental | 5 mg | Tabletki	c649e1b87c42030ed99eb6fa938916b3cf930f2cbda8a4ba44f9bd906479cd3b	ChPL_25676_RPL40274.pdf	https://rejestrymedyczne.ezdrowie.gov.pl/api/rpl/medicinal-products/40274/characteristic
arypiprazol	25686	100329760	32976	Abilium | 10 mg | Kapsułki twarde	bc428e37cd9386e8cda863a947bb0d726172d4239d3004b99138833dda5cd5f5	ChPL_25686_RPL32976.pdf	https://rejestrymedyczne.ezdrowie.gov.pl/api/rpl/medicinal-products/32976/characteristic
arypiprazol	25687	100329783	32978	Abilium | 15 mg | Kapsułki twarde	f558adddb1f5cdc7b6e6ec36c3bac9e17f9bbc726989274c61c8f70a30d7d552	ChPL_25687_RPL32978.pdf	https://rejestrymedyczne.ezdrowie.gov.pl/api/rpl/medicinal-products/32978/characteristic
bupropion	25782	100411929	41192	Welbox | 150 mg | Tabletki o zmodyfikowanym uwalnianiu	aad627e48f63d827d11d496ff2700f641952ee94c41c72546b0e999ce55eeb23	ChPL_25782_RPL41192.pdf	https://rejestrymedyczne.ezdrowie.gov.pl/api/rpl/medicinal-products/41192/characteristic
lorazepam	25880	100412580	41258	Lorabex | 0,5 mg | Tabletki	98994ec3cc37545677e2d1469a489ee8d190ad65e6ab66d3610d73e1d96cdfba	ChPL_25880_RPL41258.pdf	https://rejestrymedyczne.ezdrowie.gov.pl/api/rpl/medicinal-products/41258/characteristic
lorazepam	25881	100412596	41259	Lorabex | 1 mg | Tabletki	9ae64b45b8ffed43ad507cc20e7d747c53c244ad7876e28ed1a4e3c5371a5fc6	ChPL_25881_RPL41259.pdf	https://rejestrymedyczne.ezdrowie.gov.pl/api/rpl/medicinal-products/41259/characteristic
lorazepam	25882	100412604	41260	Lorabex | 2,5 mg | Tabletki	9b5771939f7c3dfa934c710e1975805cae03304e93aedece0ced04d7ab00e0b7	ChPL_25882_RPL41260.pdf	https://rejestrymedyczne.ezdrowie.gov.pl/api/rpl/medicinal-products/41260/characteristic
duloksetyna	25953	100420704	42070	AuroDulox | 30 mg | Kapsułki dojelitowe, twarde	ce31e9bbd563df6e28b1870e0cd5ffce008970f41b177255fbcaa521282d0bf0	ChPL_25953_RPL42070.pdf	https://rejestrymedyczne.ezdrowie.gov.pl/api/rpl/medicinal-products/42070/characteristic
duloksetyna	25954	100420710	42071	AuroDulox | 60 mg | Kapsułki dojelitowe, twarde	ab2b187ae2937ad30936541fb68dd1bf52d6115e9e76ed312683e59bfb2f1d2a	ChPL_25954_RPL42071.pdf	https://rejestrymedyczne.ezdrowie.gov.pl/api/rpl/medicinal-products/42071/characteristic
melatonina	26040	100404390	40439	Melatonina Polfarmex | 5 mg | Tabletki	4ab95612852d3826c69d20fccbaa4432d8fb21ab8773e09a691cc9763f905fa2	ChPL_26040_RPL40439.pdf	https://rejestrymedyczne.ezdrowie.gov.pl/api/rpl/medicinal-products/40439/characteristic
trazodon	26082	100415880	41588	Azoneurax | 75 mg | Tabletki o zmodyfikowanym uwalnianiu	973e8debbae30361cab3c4714fba904f3c90f9cc66ec9405c0503802d0588770	ChPL_26082_RPL41588.pdf	https://rejestrymedyczne.ezdrowie.gov.pl/api/rpl/medicinal-products/41588/characteristic
trazodon	26083	100415896	41589	Azoneurax | 150 mg | Tabletki o zmodyfikowanym uwalnianiu	973e8debbae30361cab3c4714fba904f3c90f9cc66ec9405c0503802d0588770	ChPL_26083_RPL41589.pdf	https://rejestrymedyczne.ezdrowie.gov.pl/api/rpl/medicinal-products/41589/characteristic
modafinil	26146	100438704	43870	Actimodan | 100 mg | Tabletki	c6d1933fbf8bd001bf542bb46b7356e2c7a896814f67b15f57536676b59c399a	ChPL_26146_RPL43870.pdf	https://rejestrymedyczne.ezdrowie.gov.pl/api/rpl/medicinal-products/43870/characteristic
modafinil	26147	100438710	43871	Actimodan | 200 mg | Tabletki	c9b731a46e6f08e23b1fc15c12c9f8c1359f86eadc5732d6cd528b5bdcafc95f	ChPL_26147_RPL43871.pdf	https://rejestrymedyczne.ezdrowie.gov.pl/api/rpl/medicinal-products/43871/characteristic
midazolam	26156	100433227	43322	Epistatus | 10 mg | Roztwór do stosowania w jamie ustnej	b70c28ba2aac819d59f27f0aa460302dc38847e78b533d96878ef5b68a426436	ChPL_26156_RPL43322.pdf	https://rejestrymedyczne.ezdrowie.gov.pl/api/rpl/medicinal-products/43322/characteristic
memantyna	26159	100406087	40608	AuroMemo | 10 mg | Tabletki powlekane	5f18f74fb3afd83f5d6c6b1b0088799067e5028143a3156d1a130c12fbb2a2f7	ChPL_26159_RPL40608.pdf	https://rejestrymedyczne.ezdrowie.gov.pl/api/rpl/medicinal-products/40608/characteristic
memantyna	26160	100406093	40609	AuroMemo | 20 mg | Tabletki powlekane	5f18f74fb3afd83f5d6c6b1b0088799067e5028143a3156d1a130c12fbb2a2f7	ChPL_26160_RPL40609.pdf	https://rejestrymedyczne.ezdrowie.gov.pl/api/rpl/medicinal-products/40609/characteristic
atomoksetyna	26318	100428315	42831	Atofab | 10 mg | Kapsułki twarde	56a860ca9aab3f1909ef5b101d28a953968bf38891bd4433256b5c686760a0eb	ChPL_26318_RPL42831.pdf	https://rejestrymedyczne.ezdrowie.gov.pl/api/rpl/medicinal-products/42831/characteristic
atomoksetyna	26319	100428321	42832	Atofab | 18 mg | Kapsułki twarde	56a860ca9aab3f1909ef5b101d28a953968bf38891bd4433256b5c686760a0eb	ChPL_26319_RPL42832.pdf	https://rejestrymedyczne.ezdrowie.gov.pl/api/rpl/medicinal-products/42832/characteristic
atomoksetyna	26320	100428338	42833	Atofab | 25 mg | Kapsułki twarde	56a860ca9aab3f1909ef5b101d28a953968bf38891bd4433256b5c686760a0eb	ChPL_26320_RPL42833.pdf	https://rejestrymedyczne.ezdrowie.gov.pl/api/rpl/medicinal-products/42833/characteristic
atomoksetyna	26321	100428344	42834	Atofab | 40 mg | Kapsułki twarde	56a860ca9aab3f1909ef5b101d28a953968bf38891bd4433256b5c686760a0eb	ChPL_26321_RPL42834.pdf	https://rejestrymedyczne.ezdrowie.gov.pl/api/rpl/medicinal-products/42834/characteristic
bupropion	26323	100438495	43849	Bupropion Neuraxpharm | 300 mg | Tabletki o zmodyfikowanym uwalnianiu	8ecdd2d70820958a916cb08ceeecb810c36a10917347b4632a0a519075c56c3a	ChPL_26323_RPL43849.pdf	https://rejestrymedyczne.ezdrowie.gov.pl/api/rpl/medicinal-products/43849/characteristic
walproinian	26335	100413041	41304	Convival Chrono | 300 mg | Tabletki o przedłużonym uwalnianiu	086a85e5f7184c1d1c6486bcc31b2ceb63a5a3fb925d88f87a5688d507508a64	ChPL_26335_RPL41304.pdf	https://rejestrymedyczne.ezdrowie.gov.pl/api/rpl/medicinal-products/41304/characteristic
bupropion	26440	100438087	43808	Bupropion Neuraxpharm | 150 mg | Tabletki o zmodyfikowanym uwalnianiu	aa6729b33ce2f7560e6a4a483ee424dc401a761856861b2e9f4b9c4c01c6ae54	ChPL_26440_RPL43808.pdf	https://rejestrymedyczne.ezdrowie.gov.pl/api/rpl/medicinal-products/43808/characteristic
mirtazapina	26681	100428775	42877	AuroMirta ORO | 15 mg | Tabletki ulegające rozpadowi w jamie ustnej	87fc2fc05106a0da2dd502a414b4819ef7dfdc7e95039df6a82f8f5f57eac9ff	ChPL_26681_RPL42877.pdf	https://rejestrymedyczne.ezdrowie.gov.pl/api/rpl/medicinal-products/42877/characteristic
mirtazapina	26682	100428781	42878	AuroMirta ORO | 30 mg | Tabletki ulegające rozpadowi w jamie ustnej	87fc2fc05106a0da2dd502a414b4819ef7dfdc7e95039df6a82f8f5f57eac9ff	ChPL_26682_RPL42878.pdf	https://rejestrymedyczne.ezdrowie.gov.pl/api/rpl/medicinal-products/42878/characteristic
mirtazapina	26683	100428798	42879	AuroMirta ORO | 45 mg | Tabletki ulegające rozpadowi w jamie ustnej	87fc2fc05106a0da2dd502a414b4819ef7dfdc7e95039df6a82f8f5f57eac9ff	ChPL_26683_RPL42879.pdf	https://rejestrymedyczne.ezdrowie.gov.pl/api/rpl/medicinal-products/42879/characteristic
hydroksyzyna	26696	100381520	38152	Comfortin | 25 mg | Tabletki powlekane	bd6c676339467573d5d79ba29e2923d32088c00808e44a9d8d5dbfb39cc85592	ChPL_26696_RPL38152.pdf	https://rejestrymedyczne.ezdrowie.gov.pl/api/rpl/medicinal-products/38152/characteristic
duloksetyna	26703	100429243	42924	Dulxetenon | 90 mg | Kapsułki dojelitowe, twarde	697ecd96879d60b4bff35875cc87157503a243e6feb974b13e82ed91c83a2116	ChPL_26703_RPL42924.pdf	https://rejestrymedyczne.ezdrowie.gov.pl/api/rpl/medicinal-products/42924/characteristic
duloksetyna	26704	100429250	42925	Dulxetenon | 120 mg | Kapsułki dojelitowe, twarde	5b1332e1921c10002cc4b07d3364722d9c87c44e447e83b9249f7ec8ae15399c	ChPL_26704_RPL42925.pdf	https://rejestrymedyczne.ezdrowie.gov.pl/api/rpl/medicinal-products/42925/characteristic
arypiprazol	26850	100456332	45633	ABILIUM | 5 mg | Kapsułki twarde	6036671df82730ad34e84cd7d9ced233b644de397e2ea2ae72c0c5ef2e20ba8e	ChPL_26850_RPL45633.pdf	https://rejestrymedyczne.ezdrowie.gov.pl/api/rpl/medicinal-products/45633/characteristic
chlorprotiksen	26874	100427630	42763	Chlorprothixen Hasco | 15 mg | Tabletki powlekane	97b1a2b1692990ed728aeccbdfb748d9f19976f50277e4c153da9c2a33a680dd	ChPL_26874_RPL42763.pdf	https://rejestrymedyczne.ezdrowie.gov.pl/api/rpl/medicinal-products/42763/characteristic
chlorprotiksen	26875	100427646	42764	Chlorprothixen Hasco | 50 mg | Tabletki powlekane	97b1a2b1692990ed728aeccbdfb748d9f19976f50277e4c153da9c2a33a680dd	ChPL_26875_RPL42764.pdf	https://rejestrymedyczne.ezdrowie.gov.pl/api/rpl/medicinal-products/42764/characteristic
olanzapina	26876	100432452	43245	Olanzapine APC | 5 mg | Tabletki ulegające rozpadowi w jamie ustnej	352546f253f80f2ae173bf45e90adc0bbba1c2e1a621985d7107713697c612fd	ChPL_26876_RPL43245.pdf	https://rejestrymedyczne.ezdrowie.gov.pl/api/rpl/medicinal-products/43245/characteristic
olanzapina	26877	100432469	43246	Olanzapine APC | 10 mg | Tabletki ulegające rozpadowi w jamie ustnej	352546f253f80f2ae173bf45e90adc0bbba1c2e1a621985d7107713697c612fd	ChPL_26877_RPL43246.pdf	https://rejestrymedyczne.ezdrowie.gov.pl/api/rpl/medicinal-products/43246/characteristic
olanzapina	26878	100432475	43247	Olanzapine APC | 15 mg | Tabletki ulegające rozpadowi w jamie ustnej	352546f253f80f2ae173bf45e90adc0bbba1c2e1a621985d7107713697c612fd	ChPL_26878_RPL43247.pdf	https://rejestrymedyczne.ezdrowie.gov.pl/api/rpl/medicinal-products/43247/characteristic
olanzapina	26879	100432481	43248	Olanzapine APC | 20 mg | Tabletki ulegające rozpadowi w jamie ustnej	352546f253f80f2ae173bf45e90adc0bbba1c2e1a621985d7107713697c612fd	ChPL_26879_RPL43248.pdf	https://rejestrymedyczne.ezdrowie.gov.pl/api/rpl/medicinal-products/43248/characteristic
paliperydon	26889	100445199	44519	Paliperidone Teva | 75 mg | Zawiesina do wstrzykiwań o przedłużonym uwalnianiu	add8f707b7ea0a2387fea87bae900b983164715896110dfa779fb977c41480e0	ChPL_26889_RPL44519.pdf	https://rejestrymedyczne.ezdrowie.gov.pl/api/rpl/medicinal-products/44519/characteristic
paliperydon	26890	100445207	44520	Paliperidone Teva | 100 mg | Zawiesina do wstrzykiwań o przedłużonym uwalnianiu	9dd667915af3045edcee97005d1d6ed2aaecabb4a9fa1651e1695c16d06b31d0	ChPL_26890_RPL44520.pdf	https://rejestrymedyczne.ezdrowie.gov.pl/api/rpl/medicinal-products/44520/characteristic
paliperydon	26891	100445213	44521	Paliperidone Teva | 150 mg | Zawiesina do wstrzykiwań o przedłużonym uwalnianiu	304270e0d66c558d291b403a978d9a05987aa57497e9d6cc28745169a71ee987	ChPL_26891_RPL44521.pdf	https://rejestrymedyczne.ezdrowie.gov.pl/api/rpl/medicinal-products/44521/characteristic
sertralina	26905	100434853	43485	Sertraline Zentiva | 25 mg | Tabletki powlekane	e4cc93885532b6c5cf6cbe0a90e1ac9463fa359df7b27d1910e9561e83a69447	ChPL_26905_RPL43485.pdf	https://rejestrymedyczne.ezdrowie.gov.pl/api/rpl/medicinal-products/43485/characteristic
memantyna	26911	100435440	43544	Memantine Grindeks | 10 mg | Tabletki powlekane	dd55468bb2d9ed3e1686c7633a14f54cbde699cd24392213bffed987c42dfe9c	ChPL_26911_RPL43544.pdf	https://rejestrymedyczne.ezdrowie.gov.pl/api/rpl/medicinal-products/43544/characteristic
arypiprazol	26925	100454125	45412	Aryfrenix | 15 mg | Tabletki	9aaa5ec82a493d3fbd048b93b910722b2d2686f91643c6f76fd0f2b2c9827db7	ChPL_26925_RPL45412.pdf	https://rejestrymedyczne.ezdrowie.gov.pl/api/rpl/medicinal-products/45412/characteristic
arypiprazol	26926	100431636	43163	Aryfrenix | 30 mg | Tabletki	4461f8ecf9707421b7fa45bbbea3b8c6b50334bffc7e466809b922e5bd3714a1	ChPL_26926_RPL43163.pdf	https://rejestrymedyczne.ezdrowie.gov.pl/api/rpl/medicinal-products/43163/characteristic
riwastygmina	26959	100434190	43419	Evertas | 13,3 mg/24 h | System transdermalny, plaster	aa1e0e559c1a7ea08287ed2bdca46808f9e32446a2103011df2fd333b5c66d80	ChPL_26959_RPL43419.pdf	https://rejestrymedyczne.ezdrowie.gov.pl/api/rpl/medicinal-products/43419/characteristic
midazolam	26965	100417270	41727	Ozased | 2 mg/ml | Roztwór doustny w pojemniku jednodawkowym	3721ab9d8047e841c261dae7f1e8f2c2f96a94935281bb63a0adf5286c870d87	ChPL_26965_RPL41727.pdf	https://rejestrymedyczne.ezdrowie.gov.pl/api/rpl/medicinal-products/41727/characteristic
lewomepromazyna	27038	100459640	45964	Levomentis | 25 mg | Tabletki powlekane	956da5d40f1a52cc1bfa3a575c010cf605ca99f61518f059a67b3d2a820eeef5	ChPL_27038_RPL45964.pdf	https://rejestrymedyczne.ezdrowie.gov.pl/api/rpl/medicinal-products/45964/characteristic
wenlafaksyna	27043	100446193	44619	Oriven | 225 mg | Kapsułki o przedłużonym uwalnianiu, twarde	c1276389c4e9071a27038fc8e77128eb6745ae05b6bdb66bd96524b7342882fd	ChPL_27043_RPL44619.pdf	https://rejestrymedyczne.ezdrowie.gov.pl/api/rpl/medicinal-products/44619/characteristic
hydroksyzyna	27048	100445785	44578	Hydroxyzinum PPH | 10 mg | Tabletki powlekane	c3651f432ef3e7a6a0f15216d4468789f533637fac571a78c68c2154ecf47409	ChPL_27048_RPL44578.pdf	https://rejestrymedyczne.ezdrowie.gov.pl/api/rpl/medicinal-products/44578/characteristic
hydroksyzyna	27049	100445779	44577	Hydroxyzinum PPH | 25 mg | Tabletki powlekane	5cd4657555bdcd2774fc4a9acb31d10bd27bf245b91a557e385240b0e4c2d383	ChPL_27049_RPL44577.pdf	https://rejestrymedyczne.ezdrowie.gov.pl/api/rpl/medicinal-products/44577/characteristic
pregabalina	27092	100430252	43025	Pregabalin Aurovitas | 75 mg | Kapsułki twarde	e2acbfcb83ab281145fb23de603e5e1a25ef26a74c9272e693152e0602b2658d	ChPL_27092_RPL43025.pdf	https://rejestrymedyczne.ezdrowie.gov.pl/api/rpl/medicinal-products/43025/characteristic
pregabalina	27093	100430269	43026	Pregabalin Aurovitas | 150 mg | Kapsułki twarde	ac15f4bb5714f8a8e9d6a59e6630344f31dfd9ded0137f23ddcc14c7fcf91dbb	ChPL_27093_RPL43026.pdf	https://rejestrymedyczne.ezdrowie.gov.pl/api/rpl/medicinal-products/43026/characteristic
pregabalina	27094	100430275	43027	Pregabalin Aurovitas | 300 mg | Kapsułki twarde	eb8c9ea426bf52d17a17abab3ce91aeff6c1c1eadc5afd29fb3896899d96ef07	ChPL_27094_RPL43027.pdf	https://rejestrymedyczne.ezdrowie.gov.pl/api/rpl/medicinal-products/43027/characteristic
lorazepam	27237	100463960	46396	Lorazepam Orion | 2,5  mg | Tabletki	36844b4bc3517c8c0962cf54feaf7ad48183776189a11bdcfb6335900a047b33	ChPL_27237_RPL46396.pdf	https://rejestrymedyczne.ezdrowie.gov.pl/api/rpl/medicinal-products/46396/characteristic
topiramat	27324	100426078	42607	Topiramate Aurovitas | 25 mg | Tabletki powlekane	fb4f3a84c334c15bec7a21b029b5fde3daa4f3420508273a052dd1f927cfa90c	ChPL_27324_RPL42607.pdf	https://rejestrymedyczne.ezdrowie.gov.pl/api/rpl/medicinal-products/42607/characteristic
topiramat	27325	100426084	42608	Topiramate Aurovitas | 50 mg | Tabletki powlekane	4a63670b27b8408beb6843330e085950018deee7d3ff093b86d55caa45849966	ChPL_27325_RPL42608.pdf	https://rejestrymedyczne.ezdrowie.gov.pl/api/rpl/medicinal-products/42608/characteristic
topiramat	27326	100426090	42609	Topiramate Aurovitas | 100 mg | Tabletki powlekane	0d351bcd3171d89e498549c18497b2cc26246e2baa81b675f313018cda433af8	ChPL_27326_RPL42609.pdf	https://rejestrymedyczne.ezdrowie.gov.pl/api/rpl/medicinal-products/42609/characteristic
topiramat	27327	100426109	42610	Topiramate Aurovitas | 200 mg | Tabletki powlekane	c12a06341df640db7962ac9ddcfb3c01a12ef1e098e607213af1d7acd465d9d3	ChPL_27327_RPL42610.pdf	https://rejestrymedyczne.ezdrowie.gov.pl/api/rpl/medicinal-products/42610/characteristic
metylofenidat	27342	100412432	41243	Atenza | 18 mg | Tabletki o przedłużonym uwalnianiu	0199720a5568c533ced79f8532506b9e559ff64aee4a4967d99a388c2d737951	ChPL_27342_RPL41243.pdf	https://rejestrymedyczne.ezdrowie.gov.pl/api/rpl/medicinal-products/41243/characteristic
metylofenidat	27343	100412449	41244	Atenza | 27 mg | Tabletki o przedłużonym uwalnianiu	7fc9b3aeebd9457bbf2271a024be50ffb7004a1958c02f2907d2e283dd0e7cd0	ChPL_27343_RPL41244.pdf	https://rejestrymedyczne.ezdrowie.gov.pl/api/rpl/medicinal-products/41244/characteristic
metylofenidat	27344	100412455	41245	Atenza | 36 mg | Tabletki o przedłużonym uwalnianiu	988c77a969c9ef14492625e2b71840cf0000c3b3f1153ee3e92ea530be1e9086	ChPL_27344_RPL41245.pdf	https://rejestrymedyczne.ezdrowie.gov.pl/api/rpl/medicinal-products/41245/characteristic
metylofenidat	27345	100412461	41246	Atenza | 54 mg | Tabletki o przedłużonym uwalnianiu	cab0158629925934a06e186d2651d08d7aad0318d871ad600effbec67ae5a1d1	ChPL_27345_RPL41246.pdf	https://rejestrymedyczne.ezdrowie.gov.pl/api/rpl/medicinal-products/41246/characteristic
paliperydon	27353	100434959	43495	Egoropal | 100 mg | Zawiesina do wstrzykiwań o przedłużonym uwalnianiu w ampułko-strzykawce	634b221814e5371337f92dddba81a75bc0407058a9d9fc851f566dfb94b83461	ChPL_27353_RPL43495.pdf	https://rejestrymedyczne.ezdrowie.gov.pl/api/rpl/medicinal-products/43495/characteristic
pregabalina	27421	100457828	45782	Pregabalin Reddy | 25 mg | Kapsułki twarde	d5577be8f050a36c604ace604a06d5aa40cacd33e3ccdfa3a94d25aa05768d05	ChPL_27421_RPL45782.pdf	https://rejestrymedyczne.ezdrowie.gov.pl/api/rpl/medicinal-products/45782/characteristic
pregabalina	27422	100457835	45783	Pregabalin Reddy | 50 mg | Kapsułki twarde	419feb6c73285522491656bb7d5a0ecc4635c07b113fc3391deb634064dd3549	ChPL_27422_RPL45783.pdf	https://rejestrymedyczne.ezdrowie.gov.pl/api/rpl/medicinal-products/45783/characteristic
pregabalina	27423	100457842	45784	Pregabalin Reddy | 75 mg | Kapsułki twarde	5dc48d615c5e455523c3013fcac13cc8032c725f93396a59567b204ba8618264	ChPL_27423_RPL45784.pdf	https://rejestrymedyczne.ezdrowie.gov.pl/api/rpl/medicinal-products/45784/characteristic
pregabalina	27424	100457850	45785	Pregabalin Reddy | 100 mg | Kapsułki twarde	0f08cf2da6e51bafbdea26330990fe2ee1add11e2c9c24dce9495c0f46cdd3cd	ChPL_27424_RPL45785.pdf	https://rejestrymedyczne.ezdrowie.gov.pl/api/rpl/medicinal-products/45785/characteristic
pregabalina	27425	100457881	45788	Pregabalin Reddy | 150 mg | Kapsułki twarde	b417123c00b966c23f0c4bab209f5d05829a3282026a995f22708b2b713f0dbc	ChPL_27425_RPL45788.pdf	https://rejestrymedyczne.ezdrowie.gov.pl/api/rpl/medicinal-products/45788/characteristic
pregabalina	27426	100457899	45789	Pregabalin Reddy | 200 mg | Kapsułki twarde	ec58e472fb6992daadae12e20303a7a3a45a4754c6954a03a1e1249be0d5136e	ChPL_27426_RPL45789.pdf	https://rejestrymedyczne.ezdrowie.gov.pl/api/rpl/medicinal-products/45789/characteristic
pregabalina	27427	100457901	45790	Pregabalin Reddy | 225 mg | Kapsułki twarde	03d0a9930c3b84f4ca378e6c4cd424d291cce5f4c59db19322042cf975cf5837	ChPL_27427_RPL45790.pdf	https://rejestrymedyczne.ezdrowie.gov.pl/api/rpl/medicinal-products/45790/characteristic
pregabalina	27428	100457919	45791	Pregabalin Reddy | 300 mg | Kapsułki twarde	bf15992b28d1b335358366e9849184f07f773ea6b2f2dd00c6ae8cd7d578c328	ChPL_27428_RPL45791.pdf	https://rejestrymedyczne.ezdrowie.gov.pl/api/rpl/medicinal-products/45791/characteristic
lorazepam	27434	100453695	45369	Lorazepam TZF | 0,5 mg | Tabletki	eb97bd612fe3362715ab43b4e89bb942235532430c9c73597b453d4dad2d576c	ChPL_27434_RPL45369.pdf	https://rejestrymedyczne.ezdrowie.gov.pl/api/rpl/medicinal-products/45369/characteristic
lorazepam	27435	100453708	45370	Lorazepam TZF | 1 mg | Tabletki	a909db46fef33a03f52a79cea2be94e36a6cccd7aba30499a3d739b0565e78f1	ChPL_27435_RPL45370.pdf	https://rejestrymedyczne.ezdrowie.gov.pl/api/rpl/medicinal-products/45370/characteristic
lorazepam	27436	100453715	45371	Lorazepam TZF | 2,5 mg | Tabletki	71fd27085d0d0668d6d3df534436f9c080b7e02ae96b9d79f4fe26cb7717ad59	ChPL_27436_RPL45371.pdf	https://rejestrymedyczne.ezdrowie.gov.pl/api/rpl/medicinal-products/45371/characteristic
midazolam	27452	100471125	47112	Soloxelam | 2,5 mg | Roztwór do stosowania w jamie ustnej	4a8bfcc795fce01bf6a9a93fe6f9c1e98ab28845ce839c4b4eef1439848aba14	ChPL_27452_RPL47112.pdf	https://rejestrymedyczne.ezdrowie.gov.pl/api/rpl/medicinal-products/47112/characteristic
midazolam	27453	100471132	47113	Soloxelam | 5 mg | Roztwór do stosowania w jamie ustnej	7007a4700486f362c946469966ca47e8ef5ff7aaebfd8bf297a34062329107d0	ChPL_27453_RPL47113.pdf	https://rejestrymedyczne.ezdrowie.gov.pl/api/rpl/medicinal-products/47113/characteristic
midazolam	27454	100471140	47114	Soloxelam | 7,5 mg | Roztwór do stosowania w jamie ustnej	378fa87032315c21e0de8c24867900536236c9311feb66f1fe9d699caae68d92	ChPL_27454_RPL47114.pdf	https://rejestrymedyczne.ezdrowie.gov.pl/api/rpl/medicinal-products/47114/characteristic
midazolam	27455	100471157	47115	Soloxelam | 10 mg | Roztwór do stosowania w jamie ustnej	6f7bc65d0939b3f96a162b287709b045a61b4cd6140d748e675207e7b783b262	ChPL_27455_RPL47115.pdf	https://rejestrymedyczne.ezdrowie.gov.pl/api/rpl/medicinal-products/47115/characteristic
kwetiapina	27461	100444700	44470	Kwetina | 25 mg | Tabletki powlekane	21c4164c3e9232c299956d1bdf40f6ec566b1c31dcef061ec4f22c36dc13837b	ChPL_27461_RPL44470.pdf	https://rejestrymedyczne.ezdrowie.gov.pl/api/rpl/medicinal-products/44470/characteristic
kwetiapina	27462	100444716	44471	Kwetina | 100 mg | Tabletki powlekane	35e2eeb3999e5348a3b82813d875e449ca2b4b3b825d6b1b2aa4ef0d215bc917	ChPL_27462_RPL44471.pdf	https://rejestrymedyczne.ezdrowie.gov.pl/api/rpl/medicinal-products/44471/characteristic
kwetiapina	27463	100444722	44472	Kwetina | 200 mg | Tabletki powlekane	f769b2640994dbe913ddf97eb62027541d18002dec2f9d6ce77f94088058c7a4	ChPL_27463_RPL44472.pdf	https://rejestrymedyczne.ezdrowie.gov.pl/api/rpl/medicinal-products/44472/characteristic
kwetiapina	27464	100444739	44473	Kwetina | 300 mg | Tabletki powlekane	78eb8d337ec5a4a1e7d3db3c65453e052ac947a755240088c55a05335e1d0bfb	ChPL_27464_RPL44473.pdf	https://rejestrymedyczne.ezdrowie.gov.pl/api/rpl/medicinal-products/44473/characteristic
wenlafaksyna	27467	100458792	45879	Venlafaxine Teva | 37,5 mg | Kapsułki o przedłużonym uwalnianiu, twarde	f13e4f731532c8ef4c647e718ac3c9f87f641a30d253f771398a810de02cada6	ChPL_27467_RPL45879.pdf	https://rejestrymedyczne.ezdrowie.gov.pl/api/rpl/medicinal-products/45879/characteristic
wenlafaksyna	27468	100458805	45880	Venlafaxine Teva | 75 mg | Kapsułki o przedłużonym uwalnianiu, twarde	15f3817db920002984775083edccdadd653bc07dbc7a6b4898da1be581be2f26	ChPL_27468_RPL45880.pdf	https://rejestrymedyczne.ezdrowie.gov.pl/api/rpl/medicinal-products/45880/characteristic
wenlafaksyna	27469	100458820	45882	Venlafaxine Teva | 150 mg | Kapsułki o przedłużonym uwalnianiu, twarde	32367a2321172c933294b8359f6adc8982ea229c6c2e1d1410482fe1556688e9	ChPL_27469_RPL45882.pdf	https://rejestrymedyczne.ezdrowie.gov.pl/api/rpl/medicinal-products/45882/characteristic
midazolam	27475	100442574	44257	Epistatus | 2,5 mg | Roztwór do stosowania w jamie ustnej	5311de1305d9ba7218ca9d872e649380995684726ae34e805b4d9c506faa2842	ChPL_27475_RPL44257.pdf	https://rejestrymedyczne.ezdrowie.gov.pl/api/rpl/medicinal-products/44257/characteristic
midazolam	27476	100442580	44258	Epistatus | 5 mg | Roztwór do stosowania w jamie ustnej	c2af8927a57efd18ab8d36bc9924095a6edfe0a1da20ba2e2a49f7ad697e634f	ChPL_27476_RPL44258.pdf	https://rejestrymedyczne.ezdrowie.gov.pl/api/rpl/medicinal-products/44258/characteristic
midazolam	27477	100442597	44259	Epistatus | 7,5 mg | Roztwór do stosowania w jamie ustnej	4a73b0ca12e916174d21c5ff4dc511b1985f62b4c06d20ea643004cc928aa648	ChPL_27477_RPL44259.pdf	https://rejestrymedyczne.ezdrowie.gov.pl/api/rpl/medicinal-products/44259/characteristic
amisulpryd	27479	100436303	43630	Masultab | 50 mg | Tabletki	6238af6336afb851f4f243fdb65a0686e84d65c521313568fd11ab2423135191	ChPL_27479_RPL43630.pdf	https://rejestrymedyczne.ezdrowie.gov.pl/api/rpl/medicinal-products/43630/characteristic
amisulpryd	27480	100436310	43631	Masultab | 100 mg | Tabletki	a7d421716625e702ee4582744b85e3e302ca5ab2b03b4ca19c41603c54b6bd90	ChPL_27480_RPL43631.pdf	https://rejestrymedyczne.ezdrowie.gov.pl/api/rpl/medicinal-products/43631/characteristic
amisulpryd	27481	100436326	43632	Masultab | 200 mg | Tabletki	86f2a7cdf38d0f64cb92df9ed6194f23d7279efa5aae953e76bc3a65a013747e	ChPL_27481_RPL43632.pdf	https://rejestrymedyczne.ezdrowie.gov.pl/api/rpl/medicinal-products/43632/characteristic
amisulpryd	27482	100436332	43633	Masultab | 400 mg | Tabletki	1812a3fbedb70fc20930142cdb0fb96e883a74abbc4add2d37b21eb2b3179e40	ChPL_27482_RPL43633.pdf	https://rejestrymedyczne.ezdrowie.gov.pl/api/rpl/medicinal-products/43633/characteristic
klozapina	27484	100435798	43579	Paxifar | 25 mg | Tabletki	63f33260b450f34c4d0fff494f566bb1ff7e8431dadb388a4faeaa0f4663e752	ChPL_27484_RPL43579.pdf	https://rejestrymedyczne.ezdrowie.gov.pl/api/rpl/medicinal-products/43579/characteristic
klozapina	27485	100435806	43580	Paxifar | 50 mg | Tabletki	2fa2202903a7be3faa786f7978dad50a6f35a0faa1884c964d153184fa132faf	ChPL_27485_RPL43580.pdf	https://rejestrymedyczne.ezdrowie.gov.pl/api/rpl/medicinal-products/43580/characteristic
klozapina	27486	100435829	43582	Paxifar | 100 mg | Tabletki	2c519028b1f80cc1a94e459fe2dff63ff1a637b6a0c0b2d9e1fe36b85fcd7f35	ChPL_27486_RPL43582.pdf	https://rejestrymedyczne.ezdrowie.gov.pl/api/rpl/medicinal-products/43582/characteristic
klozapina	27487	100435835	43583	Paxifar | 200 mg | Tabletki	b0b6c50b7c780436e0d2424f3d6dabaaf612284ee821200c3a47acc0d1b578f2	ChPL_27487_RPL43583.pdf	https://rejestrymedyczne.ezdrowie.gov.pl/api/rpl/medicinal-products/43583/characteristic
bupropion	27490	100457972	45797	Pixigan | 300 mg | Tabletki o zmodyfikowanym uwalnianiu	f8efa6c8ecaa2f8f8a72b68df7c5273380f21d245ad3caa6ce7140c0c6df10a6	ChPL_27490_RPL45797.pdf	https://rejestrymedyczne.ezdrowie.gov.pl/api/rpl/medicinal-products/45797/characteristic
arypiprazol	27499	100443088	44308	Aripiprazole Medical Valley | 5 mg | Tabletki	5e9e1cb9186afe7f701d897abb2ab6b0ba3355ebc456395cae188a84e33afbdc	ChPL_27499_RPL44308.pdf	https://rejestrymedyczne.ezdrowie.gov.pl/api/rpl/medicinal-products/44308/characteristic
arypiprazol	27500	100443094	44309	Aripiprazole Medical Valley | 10 mg | Tabletki	5e9e1cb9186afe7f701d897abb2ab6b0ba3355ebc456395cae188a84e33afbdc	ChPL_27500_RPL44309.pdf	https://rejestrymedyczne.ezdrowie.gov.pl/api/rpl/medicinal-products/44309/characteristic
arypiprazol	27501	100443102	44310	Aripiprazole Medical Valley | 15 mg | Tabletki	5e9e1cb9186afe7f701d897abb2ab6b0ba3355ebc456395cae188a84e33afbdc	ChPL_27501_RPL44310.pdf	https://rejestrymedyczne.ezdrowie.gov.pl/api/rpl/medicinal-products/44310/characteristic
arypiprazol	27502	100442775	44277	Aripiprazole Medical Valley | 30 mg | Tabletki	5e9e1cb9186afe7f701d897abb2ab6b0ba3355ebc456395cae188a84e33afbdc	ChPL_27502_RPL44277.pdf	https://rejestrymedyczne.ezdrowie.gov.pl/api/rpl/medicinal-products/44277/characteristic
klonazepam	27591	100458694	45869	Klonafen | 0,5 mg | Tabletki	fba3255421b7460667014f6337923efdde90f5ad885c81f1378a2d4dcfbb77bb	ChPL_27591_RPL45869.pdf	https://rejestrymedyczne.ezdrowie.gov.pl/api/rpl/medicinal-products/45869/characteristic
klonazepam	27592	100458707	45870	Klonafen | 2 mg | Tabletki	fba3255421b7460667014f6337923efdde90f5ad885c81f1378a2d4dcfbb77bb	ChPL_27592_RPL45870.pdf	https://rejestrymedyczne.ezdrowie.gov.pl/api/rpl/medicinal-products/45870/characteristic
riwastygmina	27609	100471437	47143	Atmina | 4,6 mg/24 h | System transdermalny, plaster	adb9bc27ea278d608a49f1bac74708b461fa2696a1e725477777a6ffbc5488a6	ChPL_27609_RPL47143.pdf	https://rejestrymedyczne.ezdrowie.gov.pl/api/rpl/medicinal-products/47143/characteristic
riwastygmina	27610	100471444	47144	Atmina | 9,5 mg/24 h | System transdermalny, plaster	c2792784d4e858f0330560ad9b5fe955759d0d8dfdbacc834ef47318f6f0dc46	ChPL_27610_RPL47144.pdf	https://rejestrymedyczne.ezdrowie.gov.pl/api/rpl/medicinal-products/47144/characteristic
bupropion	27657	100459345	45934	Pixigan | 150 mg | Tabletki o zmodyfikowanym uwalnianiu	2970312046f55c913d1fd4fd0575854cc86a9866e50a0fd1f951976b7a944e83	ChPL_27657_RPL45934.pdf	https://rejestrymedyczne.ezdrowie.gov.pl/api/rpl/medicinal-products/45934/characteristic
escitalopram	27687	100460184	46018	Symescital | 5 mg | Tabletki powlekane	a9bbcf717287679ffa5af3a8411ec49139c7fe20d9cb597470f0e2090ba0f29b	ChPL_27687_RPL46018.pdf	https://rejestrymedyczne.ezdrowie.gov.pl/api/rpl/medicinal-products/46018/characteristic
escitalopram	27688	100460191	46019	Symescital | 10 mg | Tabletki powlekane	e5564279f7d72449c6aec1cff97c60dcee760263305fe1583d25bbce45469359	ChPL_27688_RPL46019.pdf	https://rejestrymedyczne.ezdrowie.gov.pl/api/rpl/medicinal-products/46019/characteristic
escitalopram	27689	100460204	46020	Escitalopram Symphar | 20 mg | Tabletki powlekane	3761d058bac715ec0973901b0ee5b9e1e55f088b3a10b116e81fd4ef510c0ce3	ChPL_27689_RPL46020.pdf	https://rejestrymedyczne.ezdrowie.gov.pl/api/rpl/medicinal-products/46020/characteristic
melatonina	27734	100464955	46495	Senaxa PR | 2 mg | Tabletki o przedłużonym uwalnianiu	0a53723b28b8e05c97bbb5c4b2854659584ab6ea8644d3c73111a9546a68ce08	ChPL_27734_RPL46495.pdf	https://rejestrymedyczne.ezdrowie.gov.pl/api/rpl/medicinal-products/46495/characteristic
melatonina	27735	100464962	46496	Melatonin Senaxa | 2 mg | Tabletki o przedłużonym uwalnianiu	32e5556f88ab8382d94e95ef0f356e2479974f42a9829a7ade11c979303de721	ChPL_27735_RPL46496.pdf	https://rejestrymedyczne.ezdrowie.gov.pl/api/rpl/medicinal-products/46496/characteristic
alprazolam	27767	100438839	43883	Alpraxil | 0,25 mg | Tabletki	e79c6999725c69e9f89d8ddd19852fbd9938657cc24df32322c194fecb07d16c	ChPL_27767_RPL43883.pdf	https://rejestrymedyczne.ezdrowie.gov.pl/api/rpl/medicinal-products/43883/characteristic
alprazolam	27768	100438845	43884	Alpraxil | 0,5 mg | Tabletki	e79c6999725c69e9f89d8ddd19852fbd9938657cc24df32322c194fecb07d16c	ChPL_27768_RPL43884.pdf	https://rejestrymedyczne.ezdrowie.gov.pl/api/rpl/medicinal-products/43884/characteristic
alprazolam	27769	100438851	43885	Alpraxil | 1 mg | Tabletki	e79c6999725c69e9f89d8ddd19852fbd9938657cc24df32322c194fecb07d16c	ChPL_27769_RPL43885.pdf	https://rejestrymedyczne.ezdrowie.gov.pl/api/rpl/medicinal-products/43885/characteristic
klozapina	27838	100447726	44772	Clozapine Hasco | 25 mg | Tabletki	4665fac67e71fb199f550bd7a3d960b5748e36e9e5a12277850668f717ea7448	ChPL_27838_RPL44772.pdf	https://rejestrymedyczne.ezdrowie.gov.pl/api/rpl/medicinal-products/44772/characteristic
klozapina	27839	100447732	44773	Clozapine Hasco | 100 mg | Tabletki	0f02ed4ab7d03ebc18af39eb2d6b2ce6d33c21ded34ff810f9bc809353aa76c4	ChPL_27839_RPL44773.pdf	https://rejestrymedyczne.ezdrowie.gov.pl/api/rpl/medicinal-products/44773/characteristic
kwetiapina	27851	100449659	44965	ApoTiapina PR | 200 mg | Tabletki o przedłużonym uwalnianiu	af6d9304e247eb8c318963326cc3fd1d1da834a2e5196bc5de00610ab36127b8	ChPL_27851_RPL44965.pdf	https://rejestrymedyczne.ezdrowie.gov.pl/api/rpl/medicinal-products/44965/characteristic
kwetiapina	27852	100449665	44966	ApoTiapina PR | 300 mg | Tabletki o przedłużonym uwalnianiu	9574db89091fb87e604b03c0600e78990b363daac37d9e56a45501eaff83c8e8	ChPL_27852_RPL44966.pdf	https://rejestrymedyczne.ezdrowie.gov.pl/api/rpl/medicinal-products/44966/characteristic
kwetiapina	27853	100449671	44967	ApoTiapina PR | 400 mg | Tabletki o przedłużonym uwalnianiu	25ada5e0c924d1987be7fdc208123a69b9bfc1c478ca03a29289384168a9dc73	ChPL_27853_RPL44967.pdf	https://rejestrymedyczne.ezdrowie.gov.pl/api/rpl/medicinal-products/44967/characteristic
metylofenidat	27860	100465873	46587	Symkinet MR | 10 mg | Kapsułki o zmodyfikowanym uwalnianiu, twarde	243b33a06482271790fa157202ea5b61869051ab250b26af106e74a9cd228bad	ChPL_27860_RPL46587.pdf	https://rejestrymedyczne.ezdrowie.gov.pl/api/rpl/medicinal-products/46587/characteristic
metylofenidat	27861	100465880	46588	Symkinet MR | 20 mg | Kapsułki o zmodyfikowanym uwalnianiu, twarde	7c8d81fa0bb5f6fa6dea2b0437bf2ed04f58b22e174526c08374883573f37091	ChPL_27861_RPL46588.pdf	https://rejestrymedyczne.ezdrowie.gov.pl/api/rpl/medicinal-products/46588/characteristic
metylofenidat	27862	100465898	46589	Symkinet MR | 30 mg | Kapsułki o zmodyfikowanym uwalnianiu, twarde	a80fef90cefec52fc2b0671875451af519b0632ffb5ad1d3714f55aed6adf3c4	ChPL_27862_RPL46589.pdf	https://rejestrymedyczne.ezdrowie.gov.pl/api/rpl/medicinal-products/46589/characteristic
metylofenidat	27863	100465900	46590	Symkinet MR | 40 mg | Kapsułki o zmodyfikowanym uwalnianiu, twarde	6d0ceae599709f88bcaee0bade8d7f8eaa5d7819e7bb0b7e87aa9bf86f4a9161	ChPL_27863_RPL46590.pdf	https://rejestrymedyczne.ezdrowie.gov.pl/api/rpl/medicinal-products/46590/characteristic
melatonina	27866	100449174	44917	Voquily | 1 mg/ml | Roztwór doustny	48ccf826d08006ae953b1bbd602fb18e4a0269e43e47ea68ac58e2b77926c9c5	ChPL_27866_RPL44917.pdf	https://rejestrymedyczne.ezdrowie.gov.pl/api/rpl/medicinal-products/44917/characteristic
kwetiapina	27913	100451299	45129	Quetiapine Aurovitas | 25 mg | Tabletki powlekane	d1b248a920f61856421d827cf8aa58150e63ff97c60fd73b5a7055e27e841e28	ChPL_27913_RPL45129.pdf	https://rejestrymedyczne.ezdrowie.gov.pl/api/rpl/medicinal-products/45129/characteristic
kwetiapina	27914	100451301	45130	Quetiapine Aurovitas | 100 mg | Tabletki powlekane	b16a5d62676575541bc9e15dd2091d10ec1e7119dbfd9d3ecdb8ce23f686ec35	ChPL_27914_RPL45130.pdf	https://rejestrymedyczne.ezdrowie.gov.pl/api/rpl/medicinal-products/45130/characteristic
kwetiapina	27915	100451397	45139	Quetiapine Aurovitas | 200 mg | Tabletki powlekane	1f4f6be6abff101b3e9663a091821e4662531ebee2445bf09ec6c4a7ba282f8a	ChPL_27915_RPL45139.pdf	https://rejestrymedyczne.ezdrowie.gov.pl/api/rpl/medicinal-products/45139/characteristic
kwetiapina	27916	100451400	45140	Quetiapine Aurovitas | 300 mg | Tabletki powlekane	1928302449a1bfce2f4fb0d6ccafb8b9b754e410625db9b2911b2f1cd94acd26	ChPL_27916_RPL45140.pdf	https://rejestrymedyczne.ezdrowie.gov.pl/api/rpl/medicinal-products/45140/characteristic
arypiprazol	27921	100465729	46572	Tractiva | 5 mg | Tabletki	f1055b7d796be71af3ebc3a4e52e51b44ba46e41b15315b1711bb4f38637bbd3	ChPL_27921_RPL46572.pdf	https://rejestrymedyczne.ezdrowie.gov.pl/api/rpl/medicinal-products/46572/characteristic
arypiprazol	27922	100465736	46573	Tractiva | 10 mg | Tabletki	b2089f1e477714432792493d22988bc9bbe96ad6373e5ec0300a1476f4a3b140	ChPL_27922_RPL46573.pdf	https://rejestrymedyczne.ezdrowie.gov.pl/api/rpl/medicinal-products/46573/characteristic
arypiprazol	27923	100465743	46574	Tractiva | 15 mg | Tabletki	a9cca448707e90320d14e21d8624927e84bad636f17461b3f593f1a3a1c3ea37	ChPL_27923_RPL46574.pdf	https://rejestrymedyczne.ezdrowie.gov.pl/api/rpl/medicinal-products/46574/characteristic
arypiprazol	27924	100465750	46575	Tractiva | 20 mg | Tabletki	925dc2bc7059244af75abd6e39313862e93f5cef8ea837452bed9ba1fd0ee70b	ChPL_27924_RPL46575.pdf	https://rejestrymedyczne.ezdrowie.gov.pl/api/rpl/medicinal-products/46575/characteristic
arypiprazol	27925	100465768	46576	Tractiva | 30 mg | Tabletki	4c4fd16884b267ba65774491e82eaf69f8edb946d2c5e332e663184eabd5aa8f	ChPL_27925_RPL46576.pdf	https://rejestrymedyczne.ezdrowie.gov.pl/api/rpl/medicinal-products/46576/characteristic
duloksetyna	28054	100461869	46186	Duloxetine Medical Valley | 90 mg | Kapsułki dojelitowe, twarde	fc107e257dd4bea2c144410aff1db3e1afae078e02ec2d6ffe593498e4ba4cea	ChPL_28054_RPL46186.pdf	https://rejestrymedyczne.ezdrowie.gov.pl/api/rpl/medicinal-products/46186/characteristic
duloksetyna	28055	100461876	46187	Duloxetine Medical Valley | 120 mg | Kapsułki dojelitowe, twarde	590feb5a76eddabafb4a9bc7bab772d9560ddd74b0492febae6eefd95c3e98e2	ChPL_28055_RPL46187.pdf	https://rejestrymedyczne.ezdrowie.gov.pl/api/rpl/medicinal-products/46187/characteristic
opipramol	28076	100425937	42593	Apropol | 50 mg | Tabletki powlekane	851145f2531ae1c6eaa1789e137bb54344185f8e2f12b80389500142c535abf1	ChPL_28076_RPL42593.pdf	https://rejestrymedyczne.ezdrowie.gov.pl/api/rpl/medicinal-products/42593/characteristic
escitalopram	28133	100470904	47090	Escitalopram Medreg | 10 mg | Tabletki powlekane	1f2f5c2e7880e80d4ec45647a91e0a10d913e25cd3707bd4b5850aa4ca9d1f14	ChPL_28133_RPL47090.pdf	https://rejestrymedyczne.ezdrowie.gov.pl/api/rpl/medicinal-products/47090/characteristic
bupropion	28184	100469915	46991	Moreme | 150 mg | Tabletki o zmodyfikowanym uwalnianiu	f0425db39f6d878b564d69317f70da51c9ff7cc7cbfb534cfe8684e24d9992e0	ChPL_28184_RPL46991.pdf	https://rejestrymedyczne.ezdrowie.gov.pl/api/rpl/medicinal-products/46991/characteristic
bupropion	28185	100469922	46992	Moreme | 300 mg | Tabletki o zmodyfikowanym uwalnianiu	24d21501895e24c78349c49a8634389780b33b43f54f6022fd250540256f3972	ChPL_28185_RPL46992.pdf	https://rejestrymedyczne.ezdrowie.gov.pl/api/rpl/medicinal-products/46992/characteristic
duloksetyna	28194	100481896	48189	Duloxetine Medical Valley | 30 mg | Kapsułki dojelitowe, twarde	d3c6dfe3862e61cc4a70c36e5f7609d825cfb05a1ec837084466c563cad48c80	ChPL_28194_RPL48189.pdf	https://rejestrymedyczne.ezdrowie.gov.pl/api/rpl/medicinal-products/48189/characteristic
duloksetyna	28195	100481909	48190	Duloxetine Medical Valley | 60 mg | Kapsułki dojelitowe, twarde	92ba51a0b9e4172a6f7b54359d05278dff672ffe51ba1a60cd44a2b6ba16adce	ChPL_28195_RPL48190.pdf	https://rejestrymedyczne.ezdrowie.gov.pl/api/rpl/medicinal-products/48190/characteristic
pregabalina	28238	100478864	47886	Bulgaplin | 25 mg | Kapsułki twarde	1ce444eb0a6380c6e8e77212abb117a3410f7605f89026b92608a73fa81b4b34	ChPL_28238_RPL47886.pdf	https://rejestrymedyczne.ezdrowie.gov.pl/api/rpl/medicinal-products/47886/characteristic
pregabalina	28239	100478889	47888	Bulgaplin | 50 mg | Kapsułki twarde	74f72ec50cdee9a1c110fbfa61cffc38a2207abed43d06a099d7c2aa0b2d8b7c	ChPL_28239_RPL47888.pdf	https://rejestrymedyczne.ezdrowie.gov.pl/api/rpl/medicinal-products/47888/characteristic
pregabalina	28240	100478896	47889	Bulgaplin | 75 mg | Kapsułki twarde	4f30b42a7a143b9a6b9a255120e80391272a883388f34b4e34c63016144d0e9c	ChPL_28240_RPL47889.pdf	https://rejestrymedyczne.ezdrowie.gov.pl/api/rpl/medicinal-products/47889/characteristic
pregabalina	28241	100478909	47890	Bulgaplin | 100 mg | Kapsułki twarde	ae6eab304ee02a0bdf2016dbe6e848671ae2a943896fa7e836036a2122415fdf	ChPL_28241_RPL47890.pdf	https://rejestrymedyczne.ezdrowie.gov.pl/api/rpl/medicinal-products/47890/characteristic
pregabalina	28242	100478916	47891	Bulgaplin | 150 mg | Kapsułki twarde	af1934faed6644ac194059c4ebd55db5c9cd8598a8b9a502c539b648ed84b0af	ChPL_28242_RPL47891.pdf	https://rejestrymedyczne.ezdrowie.gov.pl/api/rpl/medicinal-products/47891/characteristic
pregabalina	28243	100478923	47892	Bulgaplin | 225 mg | Kapsułki twarde	3cafc4e9d34a2689c10f4d2f3221b7b9d467e267f07adbd490debf4398d0d8d3	ChPL_28243_RPL47892.pdf	https://rejestrymedyczne.ezdrowie.gov.pl/api/rpl/medicinal-products/47892/characteristic
pregabalina	28244	100478930	47893	Bulgaplin | 300 mg | Kapsułki twarde	12bfbfe02359fa231ecd249081dc5cd50611fbe6436f7a6a2c43671393309cc6	ChPL_28244_RPL47893.pdf	https://rejestrymedyczne.ezdrowie.gov.pl/api/rpl/medicinal-products/47893/characteristic
metylofenidat	28248	100479120	47912	Atenza | 45 mg | Tabletki o przedłużonym uwalnianiu	1a068c4eb10e78b417a9488a16c9504b6f6a6071feb655bc4e7a48788a216c94	ChPL_28248_RPL47912.pdf	https://rejestrymedyczne.ezdrowie.gov.pl/api/rpl/medicinal-products/47912/characteristic
olanzapina	28253	100454567	45456	Olzapin | 15 mg | Tabletki powlekane	8dc2528a21b9ef0795c348079928a2f7ce0ffea4bf601715ae0c24e1593a661d	ChPL_28253_RPL45456.pdf	https://rejestrymedyczne.ezdrowie.gov.pl/api/rpl/medicinal-products/45456/characteristic
olanzapina	28254	100454574	45457	Olzapin | 20 mg | Tabletki powlekane	d9bbebf6aa100a2e6db13f0e0a89fa5f67b0b5bea09a7eb4daaebf6e829b3c1b	ChPL_28254_RPL45457.pdf	https://rejestrymedyczne.ezdrowie.gov.pl/api/rpl/medicinal-products/45457/characteristic
wortioksetyna	28268	100471451	47145	Vortioxetine Stada | 5 mg | Tabletki powlekane	2e935856823777a4e2c64ed0939bddc434692499563b8a5735fd01704102499b	ChPL_28268_RPL47145.pdf	https://rejestrymedyczne.ezdrowie.gov.pl/api/rpl/medicinal-products/47145/characteristic
wortioksetyna	28269	100471469	47146	Vortioxetine Stada | 10 mg | Tabletki powlekane	80484756613159ac4e931ea40fcc2af1e8fb9701741835b9d2472eccf0387ff6	ChPL_28269_RPL47146.pdf	https://rejestrymedyczne.ezdrowie.gov.pl/api/rpl/medicinal-products/47146/characteristic
wortioksetyna	28270	100471476	47147	Vortioxetine Stada | 15 mg | Tabletki powlekane	8e09a996b89c9e74ffe55be921953dea4913f192ac4e382b1dc6962922c349da	ChPL_28270_RPL47147.pdf	https://rejestrymedyczne.ezdrowie.gov.pl/api/rpl/medicinal-products/47147/characteristic
wortioksetyna	28271	100471483	47148	Vortioxetine Stada | 20 mg | Tabletki powlekane	dd95c9758b6054a5e15c4a2ef93daebbad39bd2ef2d3cf0da95b9b636709f5be	ChPL_28271_RPL47148.pdf	https://rejestrymedyczne.ezdrowie.gov.pl/api/rpl/medicinal-products/47148/characteristic
sertralina	28292	100471763	47176	Sertraline Medreg | 50 mg | Tabletki powlekane	215992a37624fa8367ac7c2ffc23573d1f20c4c2e972285c4771c069405db99b	ChPL_28292_RPL47176.pdf	https://rejestrymedyczne.ezdrowie.gov.pl/api/rpl/medicinal-products/47176/characteristic
sertralina	28293	100471770	47177	Sertraline Medreg | 100 mg | Tabletki powlekane	d2d5b60be5988d3e1c50defd31b84891e323a5326a546f14d5b7b0509f4aef69	ChPL_28293_RPL47177.pdf	https://rejestrymedyczne.ezdrowie.gov.pl/api/rpl/medicinal-products/47177/characteristic
olanzapina	28307	100465085	46508	Olanzapine Aurovitas | 5 mg | Tabletki ulegające rozpadowi w jamie ustnej	927994c86b274f228ce36f6c2bc026d87e3314b0ab45755f80d653a258c38c3d	ChPL_28307_RPL46508.pdf	https://rejestrymedyczne.ezdrowie.gov.pl/api/rpl/medicinal-products/46508/characteristic
olanzapina	28308	100465092	46509	Olanzapine Aurovitas | 10 mg | Tabletki ulegające rozpadowi w jamie ustnej	9a059c0abef66770ec8e58175e3b4499e6c91b7d34f530a11ee6a31e6c98d0a1	ChPL_28308_RPL46509.pdf	https://rejestrymedyczne.ezdrowie.gov.pl/api/rpl/medicinal-products/46509/characteristic
olanzapina	28309	100465274	46527	Olanzapine Aurovitas | 15 mg | Tabletki ulegające rozpadowi w jamie ustnej	5ca0fc9df4186fc7b45d46f4d6d9432780d0b4920f8458e53b7cbe6ebac59818	ChPL_28309_RPL46527.pdf	https://rejestrymedyczne.ezdrowie.gov.pl/api/rpl/medicinal-products/46527/characteristic
olanzapina	28310	100465112	46511	Olanzapine Aurovitas | 20 mg | Tabletki ulegające rozpadowi w jamie ustnej	fbad41d6c57b63699b339acc3f2c52f6a772ca06ed9bf022c8027809e90644d1	ChPL_28310_RPL46511.pdf	https://rejestrymedyczne.ezdrowie.gov.pl/api/rpl/medicinal-products/46511/characteristic
olanzapina	28311	100465372	46537	Olanzapine Aurovitas | 5 mg | Tabletki	f039b9f965887e624e5e5f1ed314b51371f62058512296c8735c3c9d6dc72fe3	ChPL_28311_RPL46537.pdf	https://rejestrymedyczne.ezdrowie.gov.pl/api/rpl/medicinal-products/46537/characteristic
olanzapina	28312	100465397	46539	Olanzapine Aurovitas | 10 mg | Tabletki	354654fd1ea469d081070f137fefd4df76cf2014278a3557d9b9ffce0640294e	ChPL_28312_RPL46539.pdf	https://rejestrymedyczne.ezdrowie.gov.pl/api/rpl/medicinal-products/46539/characteristic
olanzapina	28317	100441043	44104	Zylena | 5 mg | Tabletki ulegające rozpadowi w jamie ustnej	ac78267395fb7c5b5430ec5a672b94d1f2184760a7ebeb40566b3f49e40a52c0	ChPL_28317_RPL44104.pdf	https://rejestrymedyczne.ezdrowie.gov.pl/api/rpl/medicinal-products/44104/characteristic
olanzapina	28318	100441089	44108	Zylena | 10 mg | Tabletki ulegające rozpadowi w jamie ustnej	f2004d1cb3a663546d66c2992f16d4b8e096074a8e08ca5a8342802726de43f1	ChPL_28318_RPL44108.pdf	https://rejestrymedyczne.ezdrowie.gov.pl/api/rpl/medicinal-products/44108/characteristic
olanzapina	28319	100441110	44111	Zylena | 15 mg | Tabletki ulegające rozpadowi w jamie ustnej	b5328ba022f0d47071317e5a05415461f165abe07f8a7a5ceacf8b19e9b1c8d9	ChPL_28319_RPL44111.pdf	https://rejestrymedyczne.ezdrowie.gov.pl/api/rpl/medicinal-products/44111/characteristic
olanzapina	28320	100441132	44113	Zylena | 20 mg | Tabletki ulegające rozpadowi w jamie ustnej	7524bf2b0f20b8f22b3c8242b1c1260f17a499c8a1a77cc5cccabbb572ce1b54	ChPL_28320_RPL44113.pdf	https://rejestrymedyczne.ezdrowie.gov.pl/api/rpl/medicinal-products/44113/characteristic
escitalopram	28323	100465281	46528	Escitalopram Grindeks | 5 mg | Tabletki powlekane	a6c9d93fe1e41cd35b810983e65e69914195d1d8c178554e0a042afe82296d7f	ChPL_28323_RPL46528.pdf	https://rejestrymedyczne.ezdrowie.gov.pl/api/rpl/medicinal-products/46528/characteristic
escitalopram	28324	100465299	46529	Escitalopram Grindeks | 10 mg | Tabletki powlekane	708fef960f117cdccf1582e18bec9bf28efde86268333a7de3207c478dea4779	ChPL_28324_RPL46529.pdf	https://rejestrymedyczne.ezdrowie.gov.pl/api/rpl/medicinal-products/46529/characteristic
escitalopram	28325	100465301	46530	Escitalopram Grindeks | 20 mg | Tabletki powlekane	8639af08095c389e8de76ef7cd7c0db5c87b07210512edb186a06858eeaa6ddd	ChPL_28325_RPL46530.pdf	https://rejestrymedyczne.ezdrowie.gov.pl/api/rpl/medicinal-products/46530/characteristic
risperidon	28331	100462254	46225	Risperidone Grindeks | 0,5 mg | Tabletki powlekane	00939c83b72ad94c0b41e74cc6fac03cd1f220601c72c406cc7fc3be8b21bfb0	ChPL_28331_RPL46225.pdf	https://rejestrymedyczne.ezdrowie.gov.pl/api/rpl/medicinal-products/46225/characteristic
risperidon	28332	100462261	46226	Risperidone Grindeks | 1 mg | Tabletki powlekane	fa8574fd972329077f8b05540bc2f5da482013783e2c74ca837e04f297cc2ee3	ChPL_28332_RPL46226.pdf	https://rejestrymedyczne.ezdrowie.gov.pl/api/rpl/medicinal-products/46226/characteristic
risperidon	28333	100462279	46227	Risperidone Grindeks | 2 mg | Tabletki powlekane	7aac9f96afdd2c32e88c618e5d73759e70cde1cc9725dcb1a6b9387bff0984e2	ChPL_28333_RPL46227.pdf	https://rejestrymedyczne.ezdrowie.gov.pl/api/rpl/medicinal-products/46227/characteristic
risperidon	28334	100462286	46228	Risperidone Grindeks | 3 mg | Tabletki powlekane	81005db2fc8902cd3a5afd01f28e1c30e8a3f31942e7dcc8f37ee2fdc519e102	ChPL_28334_RPL46228.pdf	https://rejestrymedyczne.ezdrowie.gov.pl/api/rpl/medicinal-products/46228/characteristic
risperidon	28335	100462293	46229	Risperidone Grindeks | 4 mg | Tabletki powlekane	32185d628ad273bd846162f7ae172af60cfc3a041015ca9b041ef7a0640f80a7	ChPL_28335_RPL46229.pdf	https://rejestrymedyczne.ezdrowie.gov.pl/api/rpl/medicinal-products/46229/characteristic
risperidon	28336	100462306	46230	Risperidone Grindeks | 6 mg | Tabletki powlekane	e0ef75e4c0d7d50d0b7759ee2f405fedbc6630834dcb21bb5cfcd3e5a2d38a5c	ChPL_28336_RPL46230.pdf	https://rejestrymedyczne.ezdrowie.gov.pl/api/rpl/medicinal-products/46230/characteristic
hydroksyzyna	28359	100479358	47935	Hydroxyzinum Bluefish | 10 mg | Tabletki powlekane	ca70194448fae3f9d4c1a90c73feceb84a57c70475e30f07e78d65215af38898	ChPL_28359_RPL47935.pdf	https://rejestrymedyczne.ezdrowie.gov.pl/api/rpl/medicinal-products/47935/characteristic
hydroksyzyna	28360	100479365	47936	Hydroxyzinum Bluefish | 25 mg | Tabletki powlekane	9e9556f2fe163ffd2d61609fa61a734e286ef48c9428e97c51a97e3cc5146fed	ChPL_28360_RPL47936.pdf	https://rejestrymedyczne.ezdrowie.gov.pl/api/rpl/medicinal-products/47936/characteristic
lisdeksamfetamina	28422	100494477	49447	Elvanse | 20 mg | Kapsułki twarde	6f4cf5bcd64193f400e909977d76870e7b20585710f0a5f1b2df26cf157fcff6	ChPL_28422_RPL49447.pdf	https://rejestrymedyczne.ezdrowie.gov.pl/api/rpl/medicinal-products/49447/characteristic
lisdeksamfetamina	28423	100494445	49444	Elvanse | 30 mg | Kapsułki twarde	10fe7aa56f13c99c7fff74354b2b199cf0a9f941721644f5911edd956a74142c	ChPL_28423_RPL49444.pdf	https://rejestrymedyczne.ezdrowie.gov.pl/api/rpl/medicinal-products/49444/characteristic
lisdeksamfetamina	28424	100494484	49448	Elvanse | 40 mg | Kapsułki twarde	715c8a693e9b77473e0cf28336fc6ba7cb60133cf0329dc3347a85c6901de6fe	ChPL_28424_RPL49448.pdf	https://rejestrymedyczne.ezdrowie.gov.pl/api/rpl/medicinal-products/49448/characteristic
lisdeksamfetamina	28425	100494452	49445	Elvanse | 50 mg | Kapsułki twarde	2cfb7669c18cde78d30300fac12709fb70195f9636a739e5616a95a12887c5cf	ChPL_28425_RPL49445.pdf	https://rejestrymedyczne.ezdrowie.gov.pl/api/rpl/medicinal-products/49445/characteristic
lisdeksamfetamina	28426	100494491	49449	Elvanse | 60 mg | Kapsułki twarde	fc46ad2ca13eedc8a632afb9dce10d1d0f2fcace7ce7664b2c1b054d510e6bc7	ChPL_28426_RPL49449.pdf	https://rejestrymedyczne.ezdrowie.gov.pl/api/rpl/medicinal-products/49449/characteristic
lisdeksamfetamina	28427	100494460	49446	Elvanse | 70 mg | Kapsułki twarde	f090cb557582350e059bfe4c6ac5c91e7a2cc57f2717e49f877164bcea32d302	ChPL_28427_RPL49446.pdf	https://rejestrymedyczne.ezdrowie.gov.pl/api/rpl/medicinal-products/49446/characteristic
melatonina	28485	100464840	46484	Melatonina Noctis | 2 mg | Tabletki	d488124d6ce0d6aa453fa977221703a416252cf900366afd4d701e03736b1410	ChPL_28485_RPL46484.pdf	https://rejestrymedyczne.ezdrowie.gov.pl/api/rpl/medicinal-products/46484/characteristic
melatonina	28486	100464864	46486	Melatonina Noctis | 3 mg | Tabletki	5820c7ac94b75c53d7b90eb8c2ea4891e296343062ee8dddeab959f10c62cf70	ChPL_28486_RPL46486.pdf	https://rejestrymedyczne.ezdrowie.gov.pl/api/rpl/medicinal-products/46486/characteristic
melatonina	28487	100464871	46487	Melatonina Noctis | 5 mg | Tabletki	4a057aa5476eb9e41512e9dafb590790a84508a16607d9ea755dec0b39c8af68	ChPL_28487_RPL46487.pdf	https://rejestrymedyczne.ezdrowie.gov.pl/api/rpl/medicinal-products/46487/characteristic
karbamazepina	28491	100412544	41254	Karbamazepina Tillomed | 200 mg | Tabletki o przedłużonym uwalnianiu	c8d7ed5461888e752d5b18f1ce3bf70e721085802a295a14a611fa2bd503d9f1	ChPL_28491_RPL41254.pdf	https://rejestrymedyczne.ezdrowie.gov.pl/api/rpl/medicinal-products/41254/characteristic
karbamazepina	28492	100412550	41255	Karbamazepina Tillomed | 400 mg | Tabletki o przedłużonym uwalnianiu	a93540643fcd0ae90ecc475816e7628332eae14c5d2bb195358335fd343a63f1	ChPL_28492_RPL41255.pdf	https://rejestrymedyczne.ezdrowie.gov.pl/api/rpl/medicinal-products/41255/characteristic
sertralina	28523	100477217	47721	Apiolin | 50 mg | Tabletki powlekane	ab574ab25282a42e67d631dd9105fb1c74c3856b6a7b576dfc58ba45f9b3a399	ChPL_28523_RPL47721.pdf	https://rejestrymedyczne.ezdrowie.gov.pl/api/rpl/medicinal-products/47721/characteristic
sertralina	28524	100477224	47722	Apiolin | 100 mg | Tabletki powlekane	7ec6431948a3b4385421dae2c2bb39eca9904ea8bd92d77b1e2eb8b68c6c2918	ChPL_28524_RPL47722.pdf	https://rejestrymedyczne.ezdrowie.gov.pl/api/rpl/medicinal-products/47722/characteristic
wortioksetyna	28538	100487710	48771	Banavin | 5 mg | Tabletki powlekane	513a4d86336c773e31d105690d3ac28749ffe730bc195d1e4e033a8b8ce3ec99	ChPL_28538_RPL48771.pdf	https://rejestrymedyczne.ezdrowie.gov.pl/api/rpl/medicinal-products/48771/characteristic
wortioksetyna	28539	100487728	48772	Banavin | 10 mg | Tabletki powlekane	4e68785c82f99afce596d05d68006fe45e3748212327ebd0c1c58696167e0dd5	ChPL_28539_RPL48772.pdf	https://rejestrymedyczne.ezdrowie.gov.pl/api/rpl/medicinal-products/48772/characteristic
wortioksetyna	28540	100487735	48773	Banavin | 15 mg | Tabletki powlekane	524e02bafad8fd106f3f5fe9749853ed7aab2c893ad8db3e256e97d023305f79	ChPL_28540_RPL48773.pdf	https://rejestrymedyczne.ezdrowie.gov.pl/api/rpl/medicinal-products/48773/characteristic
wortioksetyna	28541	100487742	48774	Banavin | 20 mg | Tabletki powlekane	e8272bc110e0017e98d2de5103a81a74d734d292436aee6ec584b3ebd4b291a6	ChPL_28541_RPL48774.pdf	https://rejestrymedyczne.ezdrowie.gov.pl/api/rpl/medicinal-products/48774/characteristic
pregabalina	28559	100472485	47248	Lynagex XR | 82,5 mg | Tabletki o przedłużonym uwalnianiu	5ad84f5d9dbe9e811656d450e345ed8073c6a44008ad021c5d2b5cfe69604e9b	ChPL_28559_RPL47248.pdf	https://rejestrymedyczne.ezdrowie.gov.pl/api/rpl/medicinal-products/47248/characteristic
pregabalina	28560	100472492	47249	Lynagex XR | 165 mg | Tabletki o przedłużonym uwalnianiu	01b43f79f8be2fd3213b03cc7670add3b3fdfa11ac6fc56b4097b4ac3b1d44ca	ChPL_28560_RPL47249.pdf	https://rejestrymedyczne.ezdrowie.gov.pl/api/rpl/medicinal-products/47249/characteristic
pregabalina	28561	100472505	47250	Lynagex XR | 330 mg | Tabletki o przedłużonym uwalnianiu	57f3a6a1b9d00ae3a0890c6cdd6476f0a40b372f9d41f7a3f5fb4ca9076e09fc	ChPL_28561_RPL47250.pdf	https://rejestrymedyczne.ezdrowie.gov.pl/api/rpl/medicinal-products/47250/characteristic
deksamfetamina	28608	100489812	48981	Tentin | 5 mg | Tabletki	7d8d7c116ccc7a644fe7d4db107edfa57fc26377ce0dfd002a88c4d3f2f882ff	ChPL_28608_RPL48981.pdf	https://rejestrymedyczne.ezdrowie.gov.pl/api/rpl/medicinal-products/48981/characteristic
deksamfetamina	28609	100489820	48982	Tentin | 10 mg | Tabletki	24a82110e2b8fbc8f9109751aa065a1e9833c61b33489ba3d96c5ce7544e89a7	ChPL_28609_RPL48982.pdf	https://rejestrymedyczne.ezdrowie.gov.pl/api/rpl/medicinal-products/48982/characteristic
deksamfetamina	28610	100489837	48983	Tentin | 20 mg | Tabletki	f59c787ca9508926e01c3af61721b3292ffdcc7433f5181b33588d79a69246cb	ChPL_28610_RPL48983.pdf	https://rejestrymedyczne.ezdrowie.gov.pl/api/rpl/medicinal-products/48983/characteristic
mirtazapina	28613	100480659	48065	Mirtazapine Bluefish | 15 mg | Tabletki powlekane	32c5aee307e6d0b5b15e393df5edefc698cba92cdfbeefe4a72a16a55734319a	ChPL_28613_RPL48065.pdf	https://rejestrymedyczne.ezdrowie.gov.pl/api/rpl/medicinal-products/48065/characteristic
mirtazapina	28614	100480666	48066	Mirtazapine Bluefish | 30 mg | Tabletki powlekane	640c3b41e8d03a40cd11d604028b50d377bf90425df8febbe52871768ead7c1e	ChPL_28614_RPL48066.pdf	https://rejestrymedyczne.ezdrowie.gov.pl/api/rpl/medicinal-products/48066/characteristic
mirtazapina	28615	100480673	48067	Mirtazapine Bluefish | 45 mg | Tabletki powlekane	dd5befeda70ed936af247d2d0470eaa8941a240fc5759293f057f97f015b86b1	ChPL_28615_RPL48067.pdf	https://rejestrymedyczne.ezdrowie.gov.pl/api/rpl/medicinal-products/48067/characteristic
wortioksetyna	28618	100478395	47839	Irsamla | 5 mg | Tabletki powlekane	7b21f2ac2c325e64fded344a4dbd3dae47ebffe2b2a31c7cd26d55882b4aa3cb	ChPL_28618_RPL47839.pdf	https://rejestrymedyczne.ezdrowie.gov.pl/api/rpl/medicinal-products/47839/characteristic
wortioksetyna	28619	100478408	47840	Irsamla | 10 mg | Tabletki powlekane	d4a33e705d1d4fa675636034d7042c55180e887d6d261b4c579b1853b9bb18cf	ChPL_28619_RPL47840.pdf	https://rejestrymedyczne.ezdrowie.gov.pl/api/rpl/medicinal-products/47840/characteristic
wortioksetyna	28620	100478415	47841	Irsamla | 15 mg | Tabletki powlekane	cf52fa2d110ac9dff382ee1736520fc1edbe47633708adca90ac47463ab504fb	ChPL_28620_RPL47841.pdf	https://rejestrymedyczne.ezdrowie.gov.pl/api/rpl/medicinal-products/47841/characteristic
wortioksetyna	28621	100478422	47842	Irsamla | 20 mg | Tabletki powlekane	eecbab2393402c3fa6f92f5bffaff8f5a6645028f39cc826a83da8e76866df56	ChPL_28621_RPL47842.pdf	https://rejestrymedyczne.ezdrowie.gov.pl/api/rpl/medicinal-products/47842/characteristic
bupropion	28654	100489876	48987	Bupropion Accord | 150 mg | Tabletki o zmodyfikowanym uwalnianiu	52b4da0c0ffe20a7525f8d9e5aef026458d8d786aa6f6ec743a8684a9c65d783	ChPL_28654_RPL48987.pdf	https://rejestrymedyczne.ezdrowie.gov.pl/api/rpl/medicinal-products/48987/characteristic
pregabalina	28690	100469800	46980	Pregabalin Medreg | 75 mg | Kapsułki twarde	fc9eabaef8690c127eef3d222e22d6d1213b976209b26740991c772493181977	ChPL_28690_RPL46980.pdf	https://rejestrymedyczne.ezdrowie.gov.pl/api/rpl/medicinal-products/46980/characteristic
pregabalina	28691	100469817	46981	Pregabalin Medreg | 150 mg | Kapsułki twarde	aa8fd5da1394747945d5951a8526a971a877a92203af9e3cc6cace3515f4d99f	ChPL_28691_RPL46981.pdf	https://rejestrymedyczne.ezdrowie.gov.pl/api/rpl/medicinal-products/46981/characteristic
olanzapina	28696	100488211	48821	Egolanza | 20 mg | Tabletki powlekane	cdad93d937f4eb62bfe1df3c5f74ef4e946523700adbdc2f19302e0b372cf20e	ChPL_28696_RPL48821.pdf	https://rejestrymedyczne.ezdrowie.gov.pl/api/rpl/medicinal-products/48821/characteristic
citalopram	28725	100484481	48448	Citalopram Medreg | 20 mg | Tabletki powlekane	57f97369480e9fa9063df3cfe417aeda6207302e3ec54a6a7b2b061c7427f02a	ChPL_28725_RPL48448.pdf	https://rejestrymedyczne.ezdrowie.gov.pl/api/rpl/medicinal-products/48448/characteristic
sertralina	28726	100483212	48321	Sertraline Medical Valley | 50 mg | Tabletki powlekane	28172b6c649cb5501dc75d820e6f88eed1ecf79b540a554982deb849749be4b6	ChPL_28726_RPL48321.pdf	https://rejestrymedyczne.ezdrowie.gov.pl/api/rpl/medicinal-products/48321/characteristic
sertralina	28727	100483220	48322	Sertraline Medical Valley | 100 mg | Tabletki powlekane	6911fbacb1b2e9883b25542f1cfe806114e48ae51b1ca4450a786d688dcb7bcd	ChPL_28727_RPL48322.pdf	https://rejestrymedyczne.ezdrowie.gov.pl/api/rpl/medicinal-products/48322/characteristic
sertralina	28728	100483237	48323	Sertraline Medical Valley | 150 mg | Tabletki powlekane	28be65045fd105451e7152be780c1a49e13dc8fda216b4015b02af58037bdf91	ChPL_28728_RPL48323.pdf	https://rejestrymedyczne.ezdrowie.gov.pl/api/rpl/medicinal-products/48323/characteristic
lurazydon	28759	100482873	48287	Lurasidone Teva | 18,5 mg | Tabletki powlekane	0638fac4f664b997afe174b7b8a6d3b3c0ab2c0457dbbdabc4cbf5beb2430764	ChPL_28759_RPL48287.pdf	https://rejestrymedyczne.ezdrowie.gov.pl/api/rpl/medicinal-products/48287/characteristic
lurazydon	28760	100482880	48288	Lurasidone Teva | 37 mg | Tabletki powlekane	672a2e8be9ee0b0599c49e54413b0591e7c2cd4e9a93d019b056e1d0a41f6ab4	ChPL_28760_RPL48288.pdf	https://rejestrymedyczne.ezdrowie.gov.pl/api/rpl/medicinal-products/48288/characteristic
lurazydon	28761	100482898	48289	Lurasidone Teva | 74 mg | Tabletki powlekane	8222e0bcb6529a220fa873271db132489073ee8f33566d44f1a9c32c78af8b57	ChPL_28761_RPL48289.pdf	https://rejestrymedyczne.ezdrowie.gov.pl/api/rpl/medicinal-products/48289/characteristic
wortioksetyna	28799	100482508	48250	Abrix | 5 mg | Tabletki powlekane	b6e92cbdd3a5ce3a89c0e45496dbe22e1322f1ab99b5498f6bcb3f37d81b3dea	ChPL_28799_RPL48250.pdf	https://rejestrymedyczne.ezdrowie.gov.pl/api/rpl/medicinal-products/48250/characteristic
wortioksetyna	28800	100482522	48252	Abrix | 10 mg | Tabletki powlekane	977b05be5b0567add42c9a800769446652666e35ae54400de54c71394d3e7355	ChPL_28800_RPL48252.pdf	https://rejestrymedyczne.ezdrowie.gov.pl/api/rpl/medicinal-products/48252/characteristic
wortioksetyna	28801	100482530	48253	Abrix | 15 mg | Tabletki powlekane	28de26ad81660fee3edf53774896ecf9cb0aca4792d00cdef398e1e2d1dbf1bb	ChPL_28801_RPL48253.pdf	https://rejestrymedyczne.ezdrowie.gov.pl/api/rpl/medicinal-products/48253/characteristic
wortioksetyna	28802	100482547	48254	Abrix | 20 mg | Tabletki powlekane	980c26f4e90ef18af19ceceeac74f3b25c5b1827a3742412d5f589c30de9d754	ChPL_28802_RPL48254.pdf	https://rejestrymedyczne.ezdrowie.gov.pl/api/rpl/medicinal-products/48254/characteristic
alprazolam	28806	100459853	45985	Alprazolam Grindeks | 0,25 mg | Tabletki	c1e023dd0cf15deb4232e8f8c62a3b3cf34bc488bac8efc9f92289c255ed232e	ChPL_28806_RPL45985.pdf	https://rejestrymedyczne.ezdrowie.gov.pl/api/rpl/medicinal-products/45985/characteristic
alprazolam	28807	100459860	45986	Alprazolam Grindeks | 0,5 mg | Tabletki	44d24723d115fc6a9c29528cd76e52d1efda89103def27c670ac999660a144b2	ChPL_28807_RPL45986.pdf	https://rejestrymedyczne.ezdrowie.gov.pl/api/rpl/medicinal-products/45986/characteristic
alprazolam	28808	100459878	45987	Alprazolam Grindeks | 1 mg | Tabletki	062461c711c095ff1e33833cf2bbb3609cfb6b7a4ee81555740bfa5a1c807169	ChPL_28808_RPL45987.pdf	https://rejestrymedyczne.ezdrowie.gov.pl/api/rpl/medicinal-products/45987/characteristic
atomoksetyna	28824	100430861	43086	Kamaptin | 10 mg | Kapsułki twarde	fa36cc034ba25f98c6b3b8f5b0ad448e4e058a33d43d59b368dabe209e49f95d	ChPL_28824_RPL43086.pdf	https://rejestrymedyczne.ezdrowie.gov.pl/api/rpl/medicinal-products/43086/characteristic
atomoksetyna	28825	100430878	43087	Kamaptin | 18 mg | Kapsułki twarde	64c7e1ba9715c1a2bcb36fd12c7a46f2bd9c3b78faa3277ff8d756a5b7826d8c	ChPL_28825_RPL43087.pdf	https://rejestrymedyczne.ezdrowie.gov.pl/api/rpl/medicinal-products/43087/characteristic
atomoksetyna	28826	100430884	43088	Kamaptin | 25 mg | Kapsułki twarde	d37bd75cf5acee4268d66a83f83f9613f352b5f50b83b3f0db428c8b8def18be	ChPL_28826_RPL43088.pdf	https://rejestrymedyczne.ezdrowie.gov.pl/api/rpl/medicinal-products/43088/characteristic
atomoksetyna	28827	100430890	43089	Kamaptin | 40 mg | Kapsułki twarde	77fd16067f9e87a199b7621c0e7735b7dcfb3b8add32316d4fd3be43003c43f1	ChPL_28827_RPL43089.pdf	https://rejestrymedyczne.ezdrowie.gov.pl/api/rpl/medicinal-products/43089/characteristic
atomoksetyna	28828	100430921	43092	Kamaptin | 60 mg | Kapsułki twarde	4853b4ff55ee55e1131f27feaf2edc464f70e0982a2d168b3fef1cc4e01aca75	ChPL_28828_RPL43092.pdf	https://rejestrymedyczne.ezdrowie.gov.pl/api/rpl/medicinal-products/43092/characteristic
atomoksetyna	28829	100430938	43093	Kamaptin | 80 mg | Kapsułki twarde	cf419716e185f3dfb703bb122d86c029d1b71c7047f470e6702762c46e087199	ChPL_28829_RPL43093.pdf	https://rejestrymedyczne.ezdrowie.gov.pl/api/rpl/medicinal-products/43093/characteristic
atomoksetyna	28830	100430950	43095	Kamaptin | 100 mg | Kapsułki twarde	2c772dc5302397633bd62cd9017b9d54894104377df33f3e566a6278e5e8e8b7	ChPL_28830_RPL43095.pdf	https://rejestrymedyczne.ezdrowie.gov.pl/api/rpl/medicinal-products/43095/characteristic
bupropion	28835	100489031	48903	Bucidar | 150 mg | Tabletki o zmodyfikowanym uwalnianiu	feac0b0960750b381a0bf94299275e88a0c8611705c749b2c51de7dce4e2e826	ChPL_28835_RPL48903.pdf	https://rejestrymedyczne.ezdrowie.gov.pl/api/rpl/medicinal-products/48903/characteristic
bupropion	28836	100489049	48904	Bucidar | 300 mg | Tabletki o zmodyfikowanym uwalnianiu	97d13f610edadebbd80ea71dae30fc38769fee3d579e3d2814bd28ad118f2f87	ChPL_28836_RPL48904.pdf	https://rejestrymedyczne.ezdrowie.gov.pl/api/rpl/medicinal-products/48904/characteristic
zolpidem	28872	100460359	46035	Nasen ODT | 5 mg | Tabletki ulegające rozpadowi w jamie ustnej	d63693060e7d9ffc98c28ebdbba8a1ce98afbf1589dea66bf354ed3e5d8b0c9f	ChPL_28872_RPL46035.pdf	https://rejestrymedyczne.ezdrowie.gov.pl/api/rpl/medicinal-products/46035/characteristic
zolpidem	28873	100460366	46036	Nasen ODT | 10 mg | Tabletki ulegające rozpadowi w jamie ustnej	c6aea7fb98223b6a88f1fc36639ce3df9139eb2fc59b64644badf290676f2502	ChPL_28873_RPL46036.pdf	https://rejestrymedyczne.ezdrowie.gov.pl/api/rpl/medicinal-products/46036/characteristic
zopiklon	28880	100471599	47159	Zopiclone Grindeks | 3,75 mg | Tabletki powlekane	66fd5311a86000db7c2c53637a42a99ed0deaccc0e6c859009a39282c5989835	ChPL_28880_RPL47159.pdf	https://rejestrymedyczne.ezdrowie.gov.pl/api/rpl/medicinal-products/47159/characteristic
zopiklon	28881	100471601	47160	Zopiclone Grindeks | 5 mg | Tabletki powlekane	6079f2da111beaeb58fabcd82be7a93b6d9be5e098bbdfb7eea544f84c0a497f	ChPL_28881_RPL47160.pdf	https://rejestrymedyczne.ezdrowie.gov.pl/api/rpl/medicinal-products/47160/characteristic
zopiklon	28882	100471619	47161	Zopiclone Grindeks | 7,5 mg | Tabletki powlekane	86d33e8b3b7a47999610819a699a9161079ef301bdf70acb60a2ba7d09e905dd	ChPL_28882_RPL47161.pdf	https://rejestrymedyczne.ezdrowie.gov.pl/api/rpl/medicinal-products/47161/characteristic
metylofenidat	28930	100484162	48416	Adehader | 5 mg | Kapsułki o zmodyfikowanym uwalnianiu, twarde	182f33285f3e7cb866c8d0ea8c769c9ec4656c4cc906ce4ee11ee7119a642246	ChPL_28930_RPL48416.pdf	https://rejestrymedyczne.ezdrowie.gov.pl/api/rpl/medicinal-products/48416/characteristic
metylofenidat	28931	100484170	48417	Adehader | 10 mg | Kapsułki o zmodyfikowanym uwalnianiu, twarde	4f213fa2e52f88ac6e16ebed1cec896430f69e9663e4cd2aca358b83ea2ab4cd	ChPL_28931_RPL48417.pdf	https://rejestrymedyczne.ezdrowie.gov.pl/api/rpl/medicinal-products/48417/characteristic
metylofenidat	28932	100484207	48420	Adehader | 20 mg | Kapsułki o zmodyfikowanym uwalnianiu, twarde	486a3a6a78b8689804f96ab1b86f2f48cdf21e5f30e0066be9b33f0bcfb06b01	ChPL_28932_RPL48420.pdf	https://rejestrymedyczne.ezdrowie.gov.pl/api/rpl/medicinal-products/48420/characteristic
metylofenidat	28933	100484214	48421	Adehader | 30 mg | Kapsułki o zmodyfikowanym uwalnianiu, twarde	b3b54dc084dadca05a9f4948649cd452ff89c012e9e29f79627366314924a8f6	ChPL_28933_RPL48421.pdf	https://rejestrymedyczne.ezdrowie.gov.pl/api/rpl/medicinal-products/48421/characteristic
metylofenidat	28934	100484221	48422	Adehader | 40 mg | Kapsułki o zmodyfikowanym uwalnianiu, twarde	78c8ce6f85a3402e12f39cef981b92a606cecf8868abb6c952f88e731b8d2b63	ChPL_28934_RPL48422.pdf	https://rejestrymedyczne.ezdrowie.gov.pl/api/rpl/medicinal-products/48422/characteristic
metylofenidat	28935	100484239	48423	Adehader | 50 mg | Kapsułki o zmodyfikowanym uwalnianiu, twarde	c666149a95777e69d280ec41e558dc0c7733b0754776505014bce107696f2236	ChPL_28935_RPL48423.pdf	https://rejestrymedyczne.ezdrowie.gov.pl/api/rpl/medicinal-products/48423/characteristic
metylofenidat	28936	100484246	48424	Adehader | 60 mg | Kapsułki o zmodyfikowanym uwalnianiu, twarde	b10349b3f1898249e45329cf1ca5a48c017bd3bd9712b6a967d0cb0ed579af12	ChPL_28936_RPL48424.pdf	https://rejestrymedyczne.ezdrowie.gov.pl/api/rpl/medicinal-products/48424/characteristic
escitalopram	29005	100503533	50353	Esscitaxin | 10 mg | Tabletki powlekane	edc405ca887a14048ba1918f73494a1d166114e01649242ef16a008ef8f7959a	ChPL_29005_RPL50353.pdf	https://rejestrymedyczne.ezdrowie.gov.pl/api/rpl/medicinal-products/50353/characteristic
escitalopram	29006	100503540	50354	Esscitaxin | 20 mg | Tabletki powlekane	a97bc44c582b84abb68589cc4b2702d4f15059eb2415a4553599f2e063d61351	ChPL_29006_RPL50354.pdf	https://rejestrymedyczne.ezdrowie.gov.pl/api/rpl/medicinal-products/50354/characteristic
lurazydon	29007	100505863	50586	Lurobran | 18,5 mg | Tabletki powlekane	028b7a826268325c3919c8a11edda65f21bd3b6d297f57bdc2e52981752498ec	ChPL_29007_RPL50586.pdf	https://rejestrymedyczne.ezdrowie.gov.pl/api/rpl/medicinal-products/50586/characteristic
lurazydon	29008	100505870	50587	Lurobran | 37 mg | Tabletki powlekane	13c62af5e83478bba65cacc7cc735c15e70441c4a318eeb5e87cce8a3b411f1d	ChPL_29008_RPL50587.pdf	https://rejestrymedyczne.ezdrowie.gov.pl/api/rpl/medicinal-products/50587/characteristic
lurazydon	29009	100505888	50588	Lurobran | 74 mg | Tabletki powlekane	ed581badfaf2f3cc6074bc430e00870c9792258a5fddc37951ce932a4026f6db	ChPL_29009_RPL50588.pdf	https://rejestrymedyczne.ezdrowie.gov.pl/api/rpl/medicinal-products/50588/characteristic
lurazydon	29010	100505954	50595	Lurobran | 111 mg | Tabletki powlekane	0df12f625e3870c36034b82ef6befb02acc95421419aa715ad4a4a8c90c5ef6d	ChPL_29010_RPL50595.pdf	https://rejestrymedyczne.ezdrowie.gov.pl/api/rpl/medicinal-products/50595/characteristic
lurazydon	29011	100505961	50596	Lurobran | 148 mg | Tabletki powlekane	e39fbed89b56c183e8783fafaad3f7f2b7e3e33b0e02ecfb94b140f1c4aa0b6c	ChPL_29011_RPL50596.pdf	https://rejestrymedyczne.ezdrowie.gov.pl/api/rpl/medicinal-products/50596/characteristic
lurazydon	29044	100506052	50605	POLUR | 18,5 mg | Tabletki powlekane	127e69b0930fd4ee92fc9685c669d88502d3cc66550ab4bc2211dafe29485a82	ChPL_29044_RPL50605.pdf	https://rejestrymedyczne.ezdrowie.gov.pl/api/rpl/medicinal-products/50605/characteristic
lurazydon	29045	100506060	50606	POLUR | 37 mg | Tabletki powlekane	49ec2e8965bda4fa12961ce8cd655deb2faa2ae2a37509058aeed292fc97f3df	ChPL_29045_RPL50606.pdf	https://rejestrymedyczne.ezdrowie.gov.pl/api/rpl/medicinal-products/50606/characteristic
lurazydon	29046	100506077	50607	POLUR | 74 mg | Tabletki powlekane	5adf52614ef0519c132df542243a0ebdc5700741f3b6b819a53f9fc76c729919	ChPL_29046_RPL50607.pdf	https://rejestrymedyczne.ezdrowie.gov.pl/api/rpl/medicinal-products/50607/characteristic
gabapentyna	29084	100488366	48836	Gabapentin Teva | 100 mg | Kapsułki twarde	e1e9f758c7d9eddf5f298c35a583860a1eb374c5b313aa8f82dca8d76ad5a64d	ChPL_29084_RPL48836.pdf	https://rejestrymedyczne.ezdrowie.gov.pl/api/rpl/medicinal-products/48836/characteristic
gabapentyna	29085	100488373	48837	Gabapentin Teva | 300 mg | Kapsułki twarde	5399b09b2bc476b24fa37d3c6f59136f4080945b79e9f85a0482540060f646d1	ChPL_29085_RPL48837.pdf	https://rejestrymedyczne.ezdrowie.gov.pl/api/rpl/medicinal-products/48837/characteristic
gabapentyna	29086	100488380	48838	Gabapentin Teva | 400 mg | Kapsułki twarde	c328676f814265799ec55399655d2b0a3ed64da694b3137041b6b42b06116121	ChPL_29086_RPL48838.pdf	https://rejestrymedyczne.ezdrowie.gov.pl/api/rpl/medicinal-products/48838/characteristic
wortioksetyna	29098	100492903	49290	Vortioxetine Viatris Pharma | 5 mg | Tabletki powlekane	9defbbbd07ec3ad96807242bb0ddac95459f661fba62cc2d3fe492688e1be771	ChPL_29098_RPL49290.pdf	https://rejestrymedyczne.ezdrowie.gov.pl/api/rpl/medicinal-products/49290/characteristic
wortioksetyna	29099	100492910	49291	Vortioxetine Viatris Pharma | 10 mg | Tabletki powlekane	2f5632c7d2fcdc78770645ffae992e3c8f8591177077ff216e18901b4f5aead8	ChPL_29099_RPL49291.pdf	https://rejestrymedyczne.ezdrowie.gov.pl/api/rpl/medicinal-products/49291/characteristic
wortioksetyna	29100	100492928	49292	Vortioxetine Viatris Pharma | 15 mg | Tabletki powlekane	f1595bcedce4fe7f9162a667c86789d4a19d8b9c51eaeb71d1e524bb01f26dd5	ChPL_29100_RPL49292.pdf	https://rejestrymedyczne.ezdrowie.gov.pl/api/rpl/medicinal-products/49292/characteristic
wortioksetyna	29101	100492935	49293	Vortioxetine Viatris Pharma | 20 mg | Tabletki powlekane	86259b3e12016e6388feabb2db8b4e72f47f71b84efa28f8e1eb7c9f583f9561	ChPL_29101_RPL49293.pdf	https://rejestrymedyczne.ezdrowie.gov.pl/api/rpl/medicinal-products/49293/characteristic
melatonina	29124	100497959	49795	Melanoc PR | 2 mg | Tabletki o przedłużonym uwalnianiu	e00c94ebc94a217fdcc4d1734a5a2533f0999c09bf1435e35e20d00cb7160016	ChPL_29124_RPL49795.pdf	https://rejestrymedyczne.ezdrowie.gov.pl/api/rpl/medicinal-products/49795/characteristic
zopiklon	29133	100488250	48825	Sonrest | 3,75 mg | Tabletki powlekane	a219e7022b3fc5ee37833912fa5d028c5712ac7b3937b502056e59ccc43bd5f0	ChPL_29133_RPL48825.pdf	https://rejestrymedyczne.ezdrowie.gov.pl/api/rpl/medicinal-products/48825/characteristic
zopiklon	29134	100488268	48826	Sonrest | 7,5 mg | Tabletki powlekane	9a26667590a63d07a1dc4032b82e34186482c0f93163d3e2dcefb78ff7c5ac34	ChPL_29134_RPL48826.pdf	https://rejestrymedyczne.ezdrowie.gov.pl/api/rpl/medicinal-products/48826/characteristic
lurazydon	29151	100506084	50608	Lurasidone +pharma | 18,5 mg | Tabletki powlekane	360be6646fbcfd178dc94ecddaf7208232ab578fdfc0d7fcdab90113411d2416	ChPL_29151_RPL50608.pdf	https://rejestrymedyczne.ezdrowie.gov.pl/api/rpl/medicinal-products/50608/characteristic
lurazydon	29152	100506104	50610	Lurasidone +pharma | 37 mg | Tabletki powlekane	8ecb4181af8eef0f7e5e0cd4832b74b81b371ac0036be1ff37a966a796e45ad4	ChPL_29152_RPL50610.pdf	https://rejestrymedyczne.ezdrowie.gov.pl/api/rpl/medicinal-products/50610/characteristic
lurazydon	29153	100506111	50611	Lurasidone +pharma | 74 mg | Tabletki powlekane	ec60b8fc1f022261f2298e7e5a16550bf561296dbcd6cb768e9aa63efbbdf38c	ChPL_29153_RPL50611.pdf	https://rejestrymedyczne.ezdrowie.gov.pl/api/rpl/medicinal-products/50611/characteristic
wortioksetyna	29156	100507184	50718	Varesta | 5 mg | Tabletki powlekane	ff68c044d169d6d85e5e23fa81433b26984d562831c42977f34d09b73d6d1038	ChPL_29156_RPL50718.pdf	https://rejestrymedyczne.ezdrowie.gov.pl/api/rpl/medicinal-products/50718/characteristic
wortioksetyna	29157	100507191	50719	Varesta | 10 mg | Tabletki powlekane	88fdb1d8892c87399444f4056abed0a79451510a33c5e7f91e18a8d154bca0f6	ChPL_29157_RPL50719.pdf	https://rejestrymedyczne.ezdrowie.gov.pl/api/rpl/medicinal-products/50719/characteristic
wortioksetyna	29158	100507204	50720	Varesta | 15 mg | Tabletki powlekane	1b67d10f163f1ba08a85bdf9c5fa0906625beb0eb44931d8c0f91b2a3c9dd6a3	ChPL_29158_RPL50720.pdf	https://rejestrymedyczne.ezdrowie.gov.pl/api/rpl/medicinal-products/50720/characteristic
wortioksetyna	29159	100507211	50721	Varesta | 20 mg | Tabletki powlekane	a444865baae7f3ae694c02ba643f9df6bb3b3d9ea796948a14cd39bb99533aa2	ChPL_29159_RPL50721.pdf	https://rejestrymedyczne.ezdrowie.gov.pl/api/rpl/medicinal-products/50721/characteristic
lurazydon	29160	100506020	50602	Lurasidone G.L. Pharma | 18,5 mg | Tabletki powlekane	d80eed96c8aa20e74c86fdc31452e14bba7ed30d4ab59b44e2e93e701b1b6413	ChPL_29160_RPL50602.pdf	https://rejestrymedyczne.ezdrowie.gov.pl/api/rpl/medicinal-products/50602/characteristic
lurazydon	29161	100506038	50603	Lurasidone G.L. Pharma | 37 mg | Tabletki powlekane	3eddb11d3c580332e20ae65f0f6f8436f42291e3860227edf43aef48f75c428c	ChPL_29161_RPL50603.pdf	https://rejestrymedyczne.ezdrowie.gov.pl/api/rpl/medicinal-products/50603/characteristic
lurazydon	29162	100506045	50604	Lurasidone G.L. Pharma | 74 mg | Tabletki powlekane	2877e3b8b95b0310e7e929f9c094b69651151b42d161c0d6606a7201e4b736bb	ChPL_29162_RPL50604.pdf	https://rejestrymedyczne.ezdrowie.gov.pl/api/rpl/medicinal-products/50604/characteristic
lurazydon	29188	100499700	49970	Asil | 18,5 mg | Tabletki powlekane	7ab9f5f2f39260fe720f0d405a6cf1abcc9cb7df468f7a0cd55f7a9715a91b49	ChPL_29188_RPL49970.pdf	https://rejestrymedyczne.ezdrowie.gov.pl/api/rpl/medicinal-products/49970/characteristic
lurazydon	29189	100499724	49972	Asil | 37 mg | Tabletki powlekane	b48a8ebdbda8548dd5ba15a8973293167dcba749dcef29bae2252e888d3a7a05	ChPL_29189_RPL49972.pdf	https://rejestrymedyczne.ezdrowie.gov.pl/api/rpl/medicinal-products/49972/characteristic
lurazydon	29190	100499731	49973	Asil | 74 mg | Tabletki powlekane	4329fca3715e15898c777c081d1b77de26c321578830c7c9762c1bc89dabbcb1	ChPL_29190_RPL49973.pdf	https://rejestrymedyczne.ezdrowie.gov.pl/api/rpl/medicinal-products/49973/characteristic
arypiprazol	29211	100490560	49056	Tractiva | 2,5 mg | Tabletki	d80cab0ab64fa8dbf60fa7c76515fd647dfa70c21df17220d9ccb1e3a3cbfa90	ChPL_29211_RPL49056.pdf	https://rejestrymedyczne.ezdrowie.gov.pl/api/rpl/medicinal-products/49056/characteristic
lurazydon	29219	100483630	48363	Alurazen | 18,5 mg | Tabletki powlekane	325a471b8c76a035160264f49e34ffeba1bb0ed87a7d9675718031a8199c85c4	ChPL_29219_RPL48363.pdf	https://rejestrymedyczne.ezdrowie.gov.pl/api/rpl/medicinal-products/48363/characteristic
lurazydon	29220	100483647	48364	Alurazen | 37 mg | Tabletki powlekane	37b35ea9faf03694a6e4723a50b8515af99010a9fef985990c9e91d25bee8801	ChPL_29220_RPL48364.pdf	https://rejestrymedyczne.ezdrowie.gov.pl/api/rpl/medicinal-products/48364/characteristic
lurazydon	29221	100483654	48365	Alurazen | 74 mg | Tabletki powlekane	e7124b275479dec7d4011a8e383596863172beeec19a7e4d86965c33287a4015	ChPL_29221_RPL48365.pdf	https://rejestrymedyczne.ezdrowie.gov.pl/api/rpl/medicinal-products/48365/characteristic
melatonina	29224	100496053	49605	Melatonina OLIMP | 5 mg | Tabletki	5f69019ddb9851a42593bbc850ac111222b70a747255d2c35922281cb84687ae	ChPL_29224_RPL49605.pdf	https://rejestrymedyczne.ezdrowie.gov.pl/api/rpl/medicinal-products/49605/characteristic
melatonina	29248	100455930	45593	Melatonina Polski Lek | 5 mg | Tabletki	7cbae73a6f26a69b1703a02eb5b900861bc9c1bf8857946105611cf03976e4d7	ChPL_29248_RPL45593.pdf	https://rejestrymedyczne.ezdrowie.gov.pl/api/rpl/medicinal-products/45593/characteristic
kwetiapina	29254	100450461	45046	Kwetaplex XR | 600 mg | Tabletki o przedłużonym uwalnianiu	0bbc394640c2c7979bd158d37e0bcc9a2e8b60adf20510585682b7896880bcd2	ChPL_29254_RPL45046.pdf	https://rejestrymedyczne.ezdrowie.gov.pl/api/rpl/medicinal-products/45046/characteristic
lorazepam	29257	100499476	49947	Lorazepam Orion | 0,5 mg | Tabletki	615c0262fd6cf5e74854f41bcf261c64b24c221a7a631649d92da1ec22237485	ChPL_29257_RPL49947.pdf	https://rejestrymedyczne.ezdrowie.gov.pl/api/rpl/medicinal-products/49947/characteristic
kwetiapina	29286	100504230	50423	Kwexyma | 25 mg/ml | Zawiesina doustna	ce52680a220d3c758f19c6a645d70a0288bf246101d7eb8bd18fb6d159ade4b8	ChPL_29286_RPL50423.pdf	https://rejestrymedyczne.ezdrowie.gov.pl/api/rpl/medicinal-products/50423/characteristic
melatonina	29287	100493860	49386	Sental | 1 mg | Tabletki	19eeb53790411f7ae152754a6ceb2e178b75021b87a7cfafac1a6f92fcf870d7	ChPL_29287_RPL49386.pdf	https://rejestrymedyczne.ezdrowie.gov.pl/api/rpl/medicinal-products/49386/characteristic
melatonina	29288	100493878	49387	Sental | 2 mg | Tabletki	cd3865b8d9500d55412b6a64c1d0f305173873f6e1ece0489fa7b087cab77d1b	ChPL_29288_RPL49387.pdf	https://rejestrymedyczne.ezdrowie.gov.pl/api/rpl/medicinal-products/49387/characteristic
melatonina	29289	100493885	49388	Sental | 4 mg | Tabletki	a4030c8c30019f1908ea2987c6aef8a69967bf5bd2312f6c7ad825fa46f89b69	ChPL_29289_RPL49388.pdf	https://rejestrymedyczne.ezdrowie.gov.pl/api/rpl/medicinal-products/49388/characteristic
melatonina	29291	100455947	45594	Melatonina Medicinae | 5 mg | Tabletki	c3d8bd05898189445ce8191456ae67ae9f70352822172f3af60a116bfc6189b9	ChPL_29291_RPL45594.pdf	https://rejestrymedyczne.ezdrowie.gov.pl/api/rpl/medicinal-products/45594/characteristic
paliperydon	29305	100480003	48000	Denepra | 100 mg | Zawiesina do wstrzykiwań o przedłużonym uwalnianiu w ampułko-strzykawce	4e1afc702583da98514e388f0910eb295e0bb21697a2f687739a91d20c20ef3b	ChPL_29305_RPL48000.pdf	https://rejestrymedyczne.ezdrowie.gov.pl/api/rpl/medicinal-products/48000/characteristic
metylofenidat	29377	100521287	52128	Mindetra | 18 mg | Tabletki o przedłużonym uwalnianiu	57b7329334b977a74f02824e93dffaa86c2eaa420f5cfb78a330fd4656097521	ChPL_29377_RPL52128.pdf	https://rejestrymedyczne.ezdrowie.gov.pl/api/rpl/medicinal-products/52128/characteristic
metylofenidat	29378	100521294	52129	Mindetra | 27 mg | Tabletki o przedłużonym uwalnianiu	4e1fa37294b163f4e519bffde1da39b0ad6bad161b60fea76326c56a74795e58	ChPL_29378_RPL52129.pdf	https://rejestrymedyczne.ezdrowie.gov.pl/api/rpl/medicinal-products/52129/characteristic
metylofenidat	29379	100521307	52130	Mindetra | 36 mg | Tabletki o przedłużonym uwalnianiu	e8d6b404093600389d14f8df9aeaa61d50af38f1f722bdd3129803e65be85449	ChPL_29379_RPL52130.pdf	https://rejestrymedyczne.ezdrowie.gov.pl/api/rpl/medicinal-products/52130/characteristic
metylofenidat	29380	100521314	52131	Mindetra | 54 mg | Tabletki o przedłużonym uwalnianiu	0b036451d202049286b156930dd96139e87b4e8e719371f7fc6af600ef1335ed	ChPL_29380_RPL52131.pdf	https://rejestrymedyczne.ezdrowie.gov.pl/api/rpl/medicinal-products/52131/characteristic
melatonina	29470	100510204	51020	Melatonin Orion | 3 mg | Tabletki	cf42ef21a6fab04e022300ebecd3f9363608bbea7c7bb069d242fd105779ecc6	ChPL_29470_RPL51020.pdf	https://rejestrymedyczne.ezdrowie.gov.pl/api/rpl/medicinal-products/51020/characteristic
melatonina	29471	100510211	51021	Melatonin Orion | 5 mg | Tabletki	a95f41b68afd1157ebf733c802ad0e505fcd62aea856f147b6d88777ef907247	ChPL_29471_RPL51021.pdf	https://rejestrymedyczne.ezdrowie.gov.pl/api/rpl/medicinal-products/51021/characteristic
wortioksetyna	29499	100503071	50307	Avortaxo | 5 mg | Tabletki powlekane	54c13b73749c6f205df3d80b368f8735a576c244720f27e1d69aa1287e97a867	ChPL_29499_RPL50307.pdf	https://rejestrymedyczne.ezdrowie.gov.pl/api/rpl/medicinal-products/50307/characteristic
wortioksetyna	29500	100503089	50308	Avortaxo | 10 mg | Tabletki powlekane	56e7f91602ef59ffd85cf695aaa69429653b6d1011a1cde42a2a79f27503166a	ChPL_29500_RPL50308.pdf	https://rejestrymedyczne.ezdrowie.gov.pl/api/rpl/medicinal-products/50308/characteristic
wortioksetyna	29501	100503096	50309	Avortaxo | 15 mg | Tabletki powlekane	280aea59d43a268ec45a91fd40c382764de4b0176a9c32aed27fe246c4395e3c	ChPL_29501_RPL50309.pdf	https://rejestrymedyczne.ezdrowie.gov.pl/api/rpl/medicinal-products/50309/characteristic
wortioksetyna	29502	100503109	50310	Avortaxo | 20 mg | Tabletki powlekane	59246aaaf427fc0e12806e25693dde71e882d78f4dd0b70af3bd96f5a7765c3e	ChPL_29502_RPL50310.pdf	https://rejestrymedyczne.ezdrowie.gov.pl/api/rpl/medicinal-products/50310/characteristic
donepezil	29585	100505110	50511	Donepezil SaneXcel | 5 mg | Tabletki powlekane	f7538cc1f0d764d2ec0a038686fd8dbc26474656c01dde4501c08722ec57f25a	ChPL_29585_RPL50511.pdf	https://rejestrymedyczne.ezdrowie.gov.pl/api/rpl/medicinal-products/50511/characteristic
donepezil	29586	100505127	50512	Donepezil SaneXcel | 10 mg | Tabletki powlekane	49e41c58f55258151d1381860eaf3ac70d5c2df4c9f5ae32e2d8a14ca42c904a	ChPL_29586_RPL50512.pdf	https://rejestrymedyczne.ezdrowie.gov.pl/api/rpl/medicinal-products/50512/characteristic
pregabalina	29614	100518287	51828	Pentegin | 75 mg | Kapsułki twarde	d5b9fd787c3f8bb5c0ac0752159ca5b08e3e56326ca5cf1a5990bb7cc6a63e11	ChPL_29614_RPL51828.pdf	https://rejestrymedyczne.ezdrowie.gov.pl/api/rpl/medicinal-products/51828/characteristic
pregabalina	29615	100518294	51829	Pentegin | 150 mg | Kapsułki twarde	e82a256fcf73992b0c11ef6a1d4dea0cbee5a5bd3b2641678a1e2b8ca9850cd6	ChPL_29615_RPL51829.pdf	https://rejestrymedyczne.ezdrowie.gov.pl/api/rpl/medicinal-products/51829/characteristic
pregabalina	29616	100518307	51830	Pentegin | 300 mg | Kapsułki twarde	bbe10526d35f8ca2bbdb44739971fcf4a2d6adc35de6d53c10b679476860ad92	ChPL_29616_RPL51830.pdf	https://rejestrymedyczne.ezdrowie.gov.pl/api/rpl/medicinal-products/51830/characteristic
metylofenidat	29653	100507120	50712	Cognimentin LA | 10 mg | Kapsułki o zmodyfikowanym uwalnianiu, twarde	53200feea1f37749616588eba603ef060d313fff96e4fe374fd2ab2e257218b8	ChPL_29653_RPL50712.pdf	https://rejestrymedyczne.ezdrowie.gov.pl/api/rpl/medicinal-products/50712/characteristic
metylofenidat	29654	100507138	50713	Cognimentin LA | 20 mg | Kapsułki o zmodyfikowanym uwalnianiu, twarde	8213479a11b0f663f382ac895581a4f584fa0436f503f242de5d689536f8e47e	ChPL_29654_RPL50713.pdf	https://rejestrymedyczne.ezdrowie.gov.pl/api/rpl/medicinal-products/50713/characteristic
metylofenidat	29655	100507145	50714	Cognimentin LA | 30 mg | Kapsułki o zmodyfikowanym uwalnianiu, twarde	613d19161e9dd28917500458c4680a720366e539c1472d0cd566662412cdd862	ChPL_29655_RPL50714.pdf	https://rejestrymedyczne.ezdrowie.gov.pl/api/rpl/medicinal-products/50714/characteristic
metylofenidat	29656	100507152	50715	Cognimentin LA | 40 mg | Kapsułki o zmodyfikowanym uwalnianiu, twarde	20db403eac364feb669472eaeccd634fc2d1d008f608cfeec6a80aa1e376bb44	ChPL_29656_RPL50715.pdf	https://rejestrymedyczne.ezdrowie.gov.pl/api/rpl/medicinal-products/50715/characteristic
metylofenidat	29657	100507160	50716	Cognimentin LA | 60 mg | Kapsułki o zmodyfikowanym uwalnianiu, twarde	06204dc9f0a3cc3997da5d53527218fa0cfb3be7a244a5bba318a6ea4b3af8d0	ChPL_29657_RPL50716.pdf	https://rejestrymedyczne.ezdrowie.gov.pl/api/rpl/medicinal-products/50716/characteristic
wortioksetyna	29684	100500520	50052	Vortioxetine Aristo | 5 mg | Tabletki powlekane	4c8883c00c7a104228cf707687a22d3f2842b971d903112b3a4afc4053fc9262	ChPL_29684_RPL50052.pdf	https://rejestrymedyczne.ezdrowie.gov.pl/api/rpl/medicinal-products/50052/characteristic
wortioksetyna	29685	100500538	50053	Vortioxetine Aristo | 10 mg | Tabletki powlekane	60e9a99fc00087be869ac47e320ad885c67e008fdc2645df15b1e81af6222ce7	ChPL_29685_RPL50053.pdf	https://rejestrymedyczne.ezdrowie.gov.pl/api/rpl/medicinal-products/50053/characteristic
wortioksetyna	29686	100500545	50054	Vortioxetine Aristo | 15 mg | Tabletki powlekane	1b8950e50c2a1723d195f18e5870b1ebdf05b78279ff949bf15f6d87e42b88da	ChPL_29686_RPL50054.pdf	https://rejestrymedyczne.ezdrowie.gov.pl/api/rpl/medicinal-products/50054/characteristic
wortioksetyna	29687	100500552	50055	Vortioxetine Aristo | 20 mg | Tabletki powlekane	7442c00b080bc8773d992972fd88fd9c61018eaa856c6729ab45c2aa6a4aaddb	ChPL_29687_RPL50055.pdf	https://rejestrymedyczne.ezdrowie.gov.pl/api/rpl/medicinal-products/50055/characteristic
lisdeksamfetamina	29759	100509541	50954	Lisdexamfetamine Aristo | 20 mg | Kapsułki twarde	62dfa48819f1319a3f8d9319e34df67c68ec5274fe4f975eaf8066a67284fadf	ChPL_29759_RPL50954.pdf	https://rejestrymedyczne.ezdrowie.gov.pl/api/rpl/medicinal-products/50954/characteristic
lisdeksamfetamina	29760	100509559	50955	Lisdexamfetamine Aristo | 30 mg | Kapsułki twarde	1bf63dc4a9a8fe518d2691e15b8962856bfc76300861fe0ba770634f11e8056d	ChPL_29760_RPL50955.pdf	https://rejestrymedyczne.ezdrowie.gov.pl/api/rpl/medicinal-products/50955/characteristic
lisdeksamfetamina	29761	100509566	50956	Lisdexamfetamine Aristo | 40 mg | Kapsułki twarde	2733c95e548bc2e01f6083f0fce842b2b0ba89dfe205545bc195643a0face58f	ChPL_29761_RPL50956.pdf	https://rejestrymedyczne.ezdrowie.gov.pl/api/rpl/medicinal-products/50956/characteristic
lisdeksamfetamina	29762	100509573	50957	Lisdexamfetamine Aristo | 50 mg | Kapsułki twarde	4fba52655cca61c6191f757bf47239deaf3a8eec24ab45f2819670d8e174e174	ChPL_29762_RPL50957.pdf	https://rejestrymedyczne.ezdrowie.gov.pl/api/rpl/medicinal-products/50957/characteristic
lisdeksamfetamina	29763	100509580	50958	Lisdexamfetamine Aristo | 60 mg | Kapsułki twarde	4bfdeadab58ed68251d6a776b7efdf9ce0553dde721424f257f448e7e20bc98c	ChPL_29763_RPL50958.pdf	https://rejestrymedyczne.ezdrowie.gov.pl/api/rpl/medicinal-products/50958/characteristic
lisdeksamfetamina	29764	100509598	50959	Lisdexamfetamine Aristo | 70 mg | Kapsułki twarde	48328b5fbda5d83425ffd62c6da22582a81e44bf175a59786bbde3aa43ad47f0	ChPL_29764_RPL50959.pdf	https://rejestrymedyczne.ezdrowie.gov.pl/api/rpl/medicinal-products/50959/characteristic
melatonina	29770	100493944	49394	Melatonin Vitabalans | 1 mg | Tabletki	8f5308a5bc433726d863188261a76bffa2e589688eb45386481e31ae6d617c1f	ChPL_29770_RPL49394.pdf	https://rejestrymedyczne.ezdrowie.gov.pl/api/rpl/medicinal-products/49394/characteristic
melatonina	29771	100493951	49395	Melatonin Vitabalans | 2 mg | Tabletki	f226f5e9c882d06437c0cea905cd16aa5ae3c11e35115056a8961b4c1827b14b	ChPL_29771_RPL49395.pdf	https://rejestrymedyczne.ezdrowie.gov.pl/api/rpl/medicinal-products/49395/characteristic
melatonina	29772	100493969	49396	Melatonin Vitabalans | 4 mg | Tabletki	a32dab0330a07273c1df4ea67787858de871bece9615dfdb6df5f0a8f27c0cf4	ChPL_29772_RPL49396.pdf	https://rejestrymedyczne.ezdrowie.gov.pl/api/rpl/medicinal-products/49396/characteristic
lisdeksamfetamina	29820	100524145	52414	Eldefab | 20 mg | Kapsułki twarde	0c1b2bff6846a11499fdf78b60ec88ba4e2bafe6f2d1e85a11009a7284b65436	ChPL_29820_RPL52414.pdf	https://rejestrymedyczne.ezdrowie.gov.pl/api/rpl/medicinal-products/52414/characteristic
lisdeksamfetamina	29821	100524282	52428	Eldefab | 30 mg | Kapsułki twarde	db6215159dd4e7d32dd034d2d9a746489853183acf0675b556cf0406e29e891b	ChPL_29821_RPL52428.pdf	https://rejestrymedyczne.ezdrowie.gov.pl/api/rpl/medicinal-products/52428/characteristic
lisdeksamfetamina	29822	100524290	52429	Eldefab | 40 mg | Kapsułki twarde	4b8ec3cff19aac958ee5a5d5776750ac04250b1a48c73ce47c5aeeb2d8c3bf77	ChPL_29822_RPL52429.pdf	https://rejestrymedyczne.ezdrowie.gov.pl/api/rpl/medicinal-products/52429/characteristic
lisdeksamfetamina	29823	100524302	52430	Eldefab | 50 mg | Kapsułki twarde	8860c548f13c5f935acc248c717aa0981883b6f46226ca896ee6d20b557e8bdb	ChPL_29823_RPL52430.pdf	https://rejestrymedyczne.ezdrowie.gov.pl/api/rpl/medicinal-products/52430/characteristic
lisdeksamfetamina	29824	100524310	52431	Eldefab | 60 mg | Kapsułki twarde	393a6505c28f43a44de56cb66e34b4d1605e14fbd1df189516f2840d1041be9a	ChPL_29824_RPL52431.pdf	https://rejestrymedyczne.ezdrowie.gov.pl/api/rpl/medicinal-products/52431/characteristic
lisdeksamfetamina	29825	100524327	52432	Eldefab | 70 mg | Kapsułki twarde	327899d6d38cb49a888ab35e0d39feb657dca76cbc85344d7727d884e213d48e	ChPL_29825_RPL52432.pdf	https://rejestrymedyczne.ezdrowie.gov.pl/api/rpl/medicinal-products/52432/characteristic
bupropion	29826	100516367	51636	Bupropion Hasco Lek | 300 mg | Tabletki o zmodyfikowanym uwalnianiu	6ec7b3c84cba0cbd878d995bee72b143191d3b839d4f6dc3edd7df499162d9c5	ChPL_29826_RPL51636.pdf	https://rejestrymedyczne.ezdrowie.gov.pl/api/rpl/medicinal-products/51636/characteristic
lisdeksamfetamina	29827	100512598	51259	Lysmi | 20 mg | Kapsułki twarde	4cfa9e8a42491237d4a2e9ac43e1093e11a8df49bfb77714fdce11805578994c	ChPL_29827_RPL51259.pdf	https://rejestrymedyczne.ezdrowie.gov.pl/api/rpl/medicinal-products/51259/characteristic
lisdeksamfetamina	29828	100512600	51260	Lysmi | 30 mg | Kapsułki twarde	124a57ef16bb4e9352b186d6074a4b77f05ea9d483f17646b31d4eedd8cff697	ChPL_29828_RPL51260.pdf	https://rejestrymedyczne.ezdrowie.gov.pl/api/rpl/medicinal-products/51260/characteristic
lisdeksamfetamina	29829	100512618	51261	Lysmi | 40 mg | Kapsułki twarde	4b5aa1130905b12c27ec9c40c82cc05ead43b679e5b40b5363bf82f0b3ab0964	ChPL_29829_RPL51261.pdf	https://rejestrymedyczne.ezdrowie.gov.pl/api/rpl/medicinal-products/51261/characteristic
lisdeksamfetamina	29830	100512625	51262	Lysmi | 50 mg | Kapsułki twarde	89b18475880695fdee6aeb4a93a64f7797b77688e4d18ca28add9a7a20ed288c	ChPL_29830_RPL51262.pdf	https://rejestrymedyczne.ezdrowie.gov.pl/api/rpl/medicinal-products/51262/characteristic
lisdeksamfetamina	29831	100512632	51263	Lysmi | 60 mg | Kapsułki twarde	036fe095e10345997d60b5f8df96c65122b1054a343b82b92a1b3ea80748d993	ChPL_29831_RPL51263.pdf	https://rejestrymedyczne.ezdrowie.gov.pl/api/rpl/medicinal-products/51263/characteristic
lisdeksamfetamina	29832	100512640	51264	Lysmi | 70 mg | Kapsułki twarde	61a722619eed0c54fa6c57cec4d06feac683419d934629623e1aea6e85fd0fe4	ChPL_29832_RPL51264.pdf	https://rejestrymedyczne.ezdrowie.gov.pl/api/rpl/medicinal-products/51264/characteristic
kwetiapina	29867	100506470	50647	Pinexet SR | 50 mg | Tabletki o przedłużonym uwalnianiu	1679b931a5379127f8d2a98a8dd25ab3781172a8a2806fda3cad206cb9ae030c	ChPL_29867_RPL50647.pdf	https://rejestrymedyczne.ezdrowie.gov.pl/api/rpl/medicinal-products/50647/characteristic
kwetiapina	29868	100506487	50648	Pinexet SR | 150 mg | Tabletki o przedłużonym uwalnianiu	310fd24097b5b0bdccc70cf44b6b76642361b62539719eeb39378b52ee22a8fb	ChPL_29868_RPL50648.pdf	https://rejestrymedyczne.ezdrowie.gov.pl/api/rpl/medicinal-products/50648/characteristic
kwetiapina	29869	100506494	50649	Pinexet SR | 200 mg | Tabletki o przedłużonym uwalnianiu	b05a753dd61b08459523f99a57b75958666648db553f551f6ca7e2a6f31cedcb	ChPL_29869_RPL50649.pdf	https://rejestrymedyczne.ezdrowie.gov.pl/api/rpl/medicinal-products/50649/characteristic
kwetiapina	29870	100506507	50650	Pinexet SR | 300 mg | Tabletki o przedłużonym uwalnianiu	cba0ac63bd44430cb906a21239789f00fe7df0b28b7710e5c1e65dbfe8b24e1c	ChPL_29870_RPL50650.pdf	https://rejestrymedyczne.ezdrowie.gov.pl/api/rpl/medicinal-products/50650/characteristic
kwetiapina	29871	100506521	50652	Pinexet SR | 400 mg | Tabletki o przedłużonym uwalnianiu	30a2828a1803e62f1026fb6eb6d3627d802fedb2dd6a90998d213c2a01acfcac	ChPL_29871_RPL50652.pdf	https://rejestrymedyczne.ezdrowie.gov.pl/api/rpl/medicinal-products/50652/characteristic
kwetiapina	29872	100506546	50654	Pinexet SR | 600 mg | Tabletki o przedłużonym uwalnianiu	f5a5556f94c7ed3a9f6c248347097c5684dad9bcf1853c9ba6192d9885993985	ChPL_29872_RPL50654.pdf	https://rejestrymedyczne.ezdrowie.gov.pl/api/rpl/medicinal-products/50654/characteristic
wortioksetyna	29876	100433428	43342	Anubes | 5 mg | Tabletki powlekane	924a8763e09579a0b089eb71f16cbd642b17fccc5222dcdfca1d568aa2d62dcd	ChPL_29876_RPL43342.pdf	https://rejestrymedyczne.ezdrowie.gov.pl/api/rpl/medicinal-products/43342/characteristic
wortioksetyna	29877	100429540	42954	Anubes | 10 mg | Tabletki powlekane	bbb6b28ec617fd9d212a473d215ed1ab7a20fd0e1f32d5460ac4ac0cec1ca1f8	ChPL_29877_RPL42954.pdf	https://rejestrymedyczne.ezdrowie.gov.pl/api/rpl/medicinal-products/42954/characteristic
wortioksetyna	29878	100426552	42655	Anubes | 20 mg | Tabletki powlekane	fb363be55437e66541c460d2f6d4b63eb1e74574c24178fc78c36d907cda6af1	ChPL_29878_RPL42655.pdf	https://rejestrymedyczne.ezdrowie.gov.pl/api/rpl/medicinal-products/42655/characteristic
